Id,CaptureTime,ServerName,InstanceName,CpuPercent,BatchRequestsPerSec,UserConnections,BlockedSessions,DeadlocksPerMin,AvgQueryDurationMs,AvgLogicalReads,TempdbUsedMb,SignalWaitTimeMs,PageLifeExpectancy,hour,day_of_week,is_weekend,CpuPercent_diff,BatchRequestsPerSec_diff,UserConnections_diff,BlockedSessions_diff,DeadlocksPerMin_diff,AvgQueryDurationMs_diff,AvgLogicalReads_diff,TempdbUsedMb_diff,SignalWaitTimeMs_diff,PageLifeExpectancy_diff,CpuPercent_rolling_mean_3,CpuPercent_rolling_std_3,BatchRequestsPerSec_rolling_mean_3,BatchRequestsPerSec_rolling_std_3,AvgQueryDurationMs_rolling_mean_3,AvgQueryDurationMs_rolling_std_3,AvgLogicalReads_rolling_mean_3,AvgLogicalReads_rolling_std_3,TempdbUsedMb_rolling_mean_3,TempdbUsedMb_rolling_std_3,SignalWaitTimeMs_rolling_mean_3,SignalWaitTimeMs_rolling_std_3,PageLifeExpectancy_rolling_mean_3,PageLifeExpectancy_rolling_std_3,duration_per_batch,reads_per_batch,signal_wait_per_connection,AnomalyFlag,AnomalyScore,TopReason1,TopReason2,TopReason3
3,2026-03-28 23:32:17,deweloper,MSSQLSERVER,0.0,12903.0,10,0,0,55.59,5953.07,8.0,184459994.0,1184,23,5,1,0.0,177.0,-2.0,0.0,0.0,-13.009999999999993,-654.8100000000004,0.0,731620.0,362.0,8.333333333333334,14.433756729740644,8584.666666666666,7326.820752095232,47.39666666666667,26.276187572274125,4266.983333333334,3502.8046062024832,176.0,290.9845356715714,122729457.33333331,106287453.88605484,1268.6666666666667,494.4667161026446,0.0043083003952569,0.4613709989924823,18445999.4,1,0.7986299975284014,Zużycie tempdb niższe od lokalnej normy (-95.5%),Workload / batch requests wyższe od lokalnej normy (+50.3%),Wait pressure wyższe od lokalnej normy (+50.3%)
4,2026-03-28 23:32:20,deweloper,MSSQLSERVER,0.0,12920.0,10,0,0,55.53,5952.31,8.0,184460192.0,1187,23,5,1,0.0,17.0,0.0,0.0,0.0,-0.0600000000000022,-0.7599999999993088,0.0,198.0,3.0,0.0,0.0,12849.666666666666,107.43525181866896,59.906666666666666,7.528707281687414,6171.086666666667,378.274313737179,8.0,0.0,184216186.66666663,422458.1732234981,1064.3333333333333,209.87218332435904,0.004297987616099,0.4607051083591331,18446019.2,1,0.663381176801227,Page Life Expectancy wyższe od lokalnej normy (+11.5%),Średni czas zapytań niższe od lokalnej normy (-7.3%),
5,2026-03-28 23:32:22,deweloper,MSSQLSERVER,0.0,12937.0,10,0,0,55.52,5951.8,8.0,184465203.0,1189,23,5,1,0.0,17.0,0.0,0.0,0.0,-0.009999999999998,-0.5100000000002183,0.0,5011.0,2.0,0.0,0.0,12920.0,17.000000000221704,55.546666666666674,0.0378593889696741,5952.393333333333,0.6390878921828367,8.0,0.0,184461796.3333333,2951.920788019232,1186.6666666666667,2.516611478420613,0.0042915668238386,0.4600602921852052,18446520.3,1,0.6184761323877306,Brak silnego odchylenia względem rolling mean,,
6,2026-03-28 23:32:24,deweloper,MSSQLSERVER,0.0,12954.0,10,0,0,55.5,5951.45,8.0,184465205.0,1191,23,5,1,0.0,17.0,0.0,0.0,0.0,-0.0200000000000031,-0.3500000000003638,0.0,2.0,2.0,0.0,0.0,12937.0,17.000000000221704,55.51666666666667,0.0152752523107426,5951.853333333333,0.432473506628193,8.0,0.0,184463533.3333333,2893.68006847927,1189.0,1.9999999999962248,0.004284390921723,0.4594295198394318,18446520.5,1,0.6092099331513418,Brak silnego odchylenia względem rolling mean,,
7,2026-03-28 23:32:25,deweloper,MSSQLSERVER,0.0,12971.0,10,0,0,55.48,5951.18,8.0,184465206.0,1192,23,5,1,0.0,17.0,0.0,0.0,0.0,-0.0200000000000031,-0.269999999999527,0.0,1.0,1.0,0.0,0.0,12954.0,17.000000000221704,55.5,0.0199999999955883,5951.4766666666665,0.3108590258219136,8.0,0.0,184465204.66666663,2.082952066740574,1190.6666666666667,1.5275252316469787,0.0042772338293115,0.4588065684989592,18446520.6,1,0.614051273191285,Brak silnego odchylenia względem rolling mean,,
8,2026-03-28 23:32:27,deweloper,MSSQLSERVER,2.5,12988.0,10,0,0,55.47,5950.97,8.0,184470221.0,1194,23,5,1,2.5,17.0,0.0,0.0,0.0,-0.009999999999998,-0.2100000000000363,0.0,5015.0,2.0,0.8333333333333334,1.4433756729740643,12971.0,17.000000000221704,55.48333333333333,0.0152752523107364,5951.200000000001,0.2406241895597302,8.0,0.0,184466877.3333333,2895.700664548118,1192.3333333333333,1.5275252316469787,0.0042708654142285,0.4581898675700647,18447022.1,1,0.6940090742216037,Brak silnego odchylenia względem rolling mean,,
9,2026-03-28 23:32:28,deweloper,MSSQLSERVER,0.0,13005.0,10,0,0,54.7,5868.24,8.0,184470227.0,1195,23,5,1,-2.5,17.0,0.0,0.0,0.0,-0.769999999999996,-82.73000000000047,0.0,6.0,1.0,0.8333333333333334,1.4433756729740643,12988.0,17.000000000221704,55.21666666666666,0.4474743940530578,5923.463333333333,47.82492481263234,8.0,0.0,184468551.3333333,2897.145550130243,1193.6666666666667,1.5275252316469787,0.0042060745866974,0.4512295271049596,18447022.7,1,0.6802175508986572,Brak silnego odchylenia względem rolling mean,,
10,2026-03-28 23:32:30,deweloper,MSSQLSERVER,0.0,13022.0,10,0,0,54.69,5868.11,8.0,184470228.0,1197,23,5,1,0.0,17.0,0.0,0.0,0.0,-0.0100000000000051,-0.1300000000001091,0.0,1.0,2.0,0.8333333333333334,1.4433756729740643,13005.0,17.000000000221704,54.95333333333334,0.4474743940530551,5895.7733333333335,47.80175973051522,8.0,0.0,184470225.3333333,4.042105209344606,1195.3333333333333,1.5275252316469787,0.0041998156965135,0.4506304715097527,18447022.8,1,0.6289160986003842,Brak silnego odchylenia względem rolling mean,,
11,2026-03-28 23:32:31,deweloper,MSSQLSERVER,0.0,13039.0,10,0,0,54.68,5868.0,8.0,184470238.0,1198,23,5,1,0.0,17.0,0.0,0.0,0.0,-0.009999999999998,-0.1099999999996725,0.0,10.0,1.0,0.0,0.0,13022.0,17.000000000221704,54.69,0.0099999999905827,5868.116666666666,0.1201388107147046,8.0,0.0,184470231.0,6.245420815108588,1196.6666666666667,1.5275252316469787,0.0041935731267735,0.4500345118490682,18447023.8,1,0.6026569238206123,Brak silnego odchylenia względem rolling mean,,
12,2026-03-28 23:32:32,deweloper,MSSQLSERVER,0.0,13056.0,10,0,0,54.68,5867.9,8.0,184475240.0,1199,23,5,1,0.0,17.0,0.0,0.0,0.0,0.0,-0.1000000000003638,0.0,5002.0,1.0,0.0,0.0,13039.0,17.000000000221704,54.68333333333334,0.0057735026755772,5868.003333333334,0.1050396774542355,8.0,0.0,184471902.0,2890.797468741309,1198.0,0.999999999992364,0.004188112745098,0.4494408700980392,18447524.0,1,0.611508641612121,Brak silnego odchylenia względem rolling mean,,
13,2026-03-28 23:32:34,deweloper,MSSQLSERVER,0.0,13073.0,10,0,0,54.67,5867.82,8.0,184475242.0,1201,23,5,1,0.0,17.0,0.0,0.0,0.0,-0.009999999999998,-0.0799999999999272,0.0,2.0,2.0,0.0,0.0,13056.0,17.000000000221704,54.67666666666667,0.0057735026918961,5867.906666666667,0.0901849978628082,8.0,0.0,184473573.3333333,2888.4839169713337,1199.3333333333333,1.5275252316469787,0.0041819016293123,0.4488503021494683,18447524.2,1,0.6084441705741076,Brak silnego odchylenia względem rolling mean,,
14,2026-03-28 23:34:25,deweloper,MSSQLSERVER,0.0,13202.0,8,0,0,54.67,5348.2,8.0,184708161.0,1312,23,5,1,0.0,129.0,-2.0,0.0,0.0,0.0,-519.6199999999999,0.0,232919.0,111.0,0.0,0.0,13110.333333333334,79.83942217564471,54.673333333333325,0.0057735026918986,5694.639999999999,300.02584355351826,8.0,0.0,184552881.0,134476.4247108215,1237.3333333333333,64.67096205665509,0.0041410392364793,0.4051052870777155,23088520.125,1,0.7354141810758007,Średnie logical reads niższe od lokalnej normy (-6.1%),Page Life Expectancy wyższe od lokalnej normy (+6.0%),
15,2026-03-28 23:34:28,deweloper,MSSQLSERVER,0.0,13219.0,8,0,0,54.67,5348.15,8.0,184713350.0,1315,23,5,1,0.0,17.0,0.0,0.0,0.0,0.0,-0.0500000000001819,0.0,5189.0,3.0,0.0,0.0,13164.666666666666,79.83942217564471,54.67,9.424249928632102e-09,5521.389999999999,300.01718167465026,8.0,0.0,184632251.0,135998.53305460775,1276.0,64.96922348312307,0.0041357137453665,0.4045805280278386,23089168.75,1,0.6724974450915273,Brak silnego odchylenia względem rolling mean,,
16,2026-03-29 00:13:44,deweloper,MSSQLSERVER,0.0,13819.0,6,0,0,7.46,232.8,8.0,189490256.0,3672,0,6,1,0.0,600.0,-2.0,0.0,0.0,-47.21,-5115.349999999999,0.0,4776906.0,2357.0,0.0,0.0,13413.333333333334,351.42045093212874,38.93333333333333,27.25670620844224,3643.05,2953.3631333616927,8.0,0.0,186303922.3333333,2759447.1199739114,2099.6666666666665,1361.6814360684125,0.0005398364570518,0.0168463709385628,31581709.33333333,1,0.7533484923717523,Średnie logical reads niższe od lokalnej normy (-93.6%),Średni czas zapytań niższe od lokalnej normy (-80.8%),Page Life Expectancy wyższe od lokalnej normy (+74.9%)
17,2026-03-29 00:14:45,deweloper,MSSQLSERVER,0.0,13836.0,5,0,0,7.75,232.8,8.0,189611804.0,3732,0,6,1,0.0,17.0,-1.0,0.0,0.0,0.29,0.0,0.0,121548.0,60.0,0.0,0.0,13624.666666666666,351.42045093212874,23.293333333333333,27.17337728979109,1937.9166666666667,2953.348699499151,8.0,0.0,187938470.0,2793696.9663651725,2906.333333333333,1378.4615821027924,0.0005601329864122,0.0168256721595836,37922360.8,1,0.5112391130329612,Średnie logical reads niższe od lokalnej normy (-88.0%),Średni czas zapytań niższe od lokalnej normy (-66.7%),Page Life Expectancy wyższe od lokalnej normy (+28.4%)
18,2026-03-29 00:15:46,deweloper,MSSQLSERVER,0.0,13853.0,5,0,0,8.15,232.8,8.0,189732044.0,3793,0,6,1,0.0,17.0,0.0,0.0,0.0,0.4000000000000003,0.0,0.0,120240.0,61.0,0.0,0.0,13836.0,17.000000000221704,7.786666666666666,0.3464582706974989,232.8,0.0,8.0,0.0,189611368.0,120894.58966375935,3732.3333333333335,60.50068870131419,0.000588320219447,0.0168050241824875,37946408.8,0,0.3892383743684404,,,
19,2026-03-29 00:16:47,deweloper,MSSQLSERVER,0.0,13876.0,5,0,0,15.42,283.38,8.0,189857448.0,3853,0,6,1,0.0,23.0,0.0,0.0,0.0,7.27,50.579999999999984,0.0,125404.0,60.0,0.0,0.0,13855.0,20.074859900072475,10.44,4.317441371924035,249.66,29.202376615611268,8.0,0.0,189733765.3333333,122831.0462680391,3792.6666666666665,60.50068870131419,0.001111271259729,0.0204223119054482,37971489.6,1,0.4653116947524282,Średni czas zapytań wyższe od lokalnej normy (+47.7%),Średnie logical reads wyższe od lokalnej normy (+13.5%),
20,2026-03-29 00:17:47,deweloper,MSSQLSERVER,0.0,13893.0,5,0,0,7.86,232.8,8.0,189977680.0,3914,0,6,1,0.0,17.0,0.0,0.0,0.0,-7.56,-50.579999999999984,0.0,120232.0,61.0,0.0,0.0,13874.0,20.074859900072475,10.476666666666668,4.283507130066977,249.66,29.202376615611268,8.0,0.0,189855724.0,122827.07461291636,3853.3333333333335,60.50068870131419,0.0005657525372489,0.0167566400345497,37995536.0,0,0.4051212211870479,,,
21,2026-03-29 00:18:48,deweloper,MSSQLSERVER,0.0,13910.0,5,0,0,7.95,232.8,8.0,190097934.0,3975,0,6,1,0.0,17.0,0.0,0.0,0.0,0.0899999999999998,0.0,0.0,120254.0,61.0,0.0,0.0,13893.0,17.000000000221704,10.41,4.3390206268236735,249.66,29.202376615611268,8.0,0.0,189977687.3333333,120243.00017589115,3914.0,60.999999999999886,0.0005715312724658,0.0167361610352264,38019586.8,0,0.391472698938925,,,
22,2026-03-29 00:19:49,deweloper,MSSQLSERVER,0.0,13927.0,5,0,0,7.76,232.8,8.0,190218271.0,4035,0,6,1,0.0,17.0,0.0,0.0,0.0,-0.1900000000000004,0.0,0.0,120337.0,60.0,0.0,0.0,13910.0,17.000000000221704,7.856666666666666,0.0950438495364414,232.8,0.0,8.0,0.0,190097961.66666663,120295.50239430966,3974.6666666666665,60.50068870131419,0.0005571910677102,0.016715732031306,38043654.2,0,0.3867324294770019,,,
23,2026-03-29 00:20:50,deweloper,MSSQLSERVER,0.0,13944.0,5,0,0,7.86,232.8,8.0,190338613.0,4097,0,6,1,0.0,17.0,0.0,0.0,0.0,0.1000000000000005,0.0,0.0,120342.0,62.0,0.0,0.0,13927.0,17.000000000221704,7.856666666666666,0.0950438495364414,232.8,0.0,8.0,0.0,190218272.66666663,120339.5000168322,4035.6666666666665,61.0027321792503,0.0005636833046471,0.0166953528399311,38067722.6,0,0.3868131176643167,,,
24,2026-03-29 00:21:52,deweloper,MSSQLSERVER,0.0,13965.0,5,0,0,24.15,232.8,8.0,190462866.0,4159,0,6,1,0.0,21.0,0.0,0.0,0.0,16.29,0.0,0.0,124253.0,62.0,0.0,0.0,13945.333333333334,19.035055380556745,13.256666666666666,9.434035898454836,232.8,0.0,8.0,0.0,190339916.66666663,122302.7112058558,4097.0,62.00000000000011,0.0017293233082706,0.0166702470461868,38092573.2,1,0.452322947753481,Średni czas zapytań wyższe od lokalnej normy (+82.2%),,
25,2026-03-29 00:22:53,deweloper,MSSQLSERVER,0.0,13982.0,5,0,0,7.76,232.8,8.0,190583938.0,4220,0,6,1,0.0,17.0,0.0,0.0,0.0,-16.39,0.0,0.0,121072.0,61.0,0.0,0.0,13963.666666666666,19.035055380556745,13.256666666666666,9.434035898454836,232.8,0.0,8.0,0.0,190461805.66666663,122665.937155776,4158.666666666667,61.50067750304327,0.0005549992847947,0.016649978543842,38116787.6,0,0.3993270801677806,,,
26,2026-03-29 00:23:54,deweloper,MSSQLSERVER,0.0,13999.0,5,0,0,6.6,16.2,8.0,190704160.0,4281,0,6,1,0.0,17.0,0.0,0.0,0.0,-1.16,-216.6,0.0,120222.0,61.0,0.0,0.0,13982.0,17.000000000221704,12.836666666666664,9.814786463970297,160.6,125.05406830647296,8.0,0.0,190583654.66666663,120647.24953063206,4220.0,60.99999999999988,0.0004714622473033,0.0011572255161082,38140832.0,1,0.4841532982555268,Średnie logical reads niższe od lokalnej normy (-89.9%),Średni czas zapytań niższe od lokalnej normy (-48.6%),
27,2026-03-29 00:24:55,deweloper,MSSQLSERVER,0.0,14016.0,5,0,0,71.1,232.8,8.0,190825611.0,4343,0,6,1,0.0,17.0,0.0,0.0,0.0,64.5,216.6,0.0,121451.0,62.0,0.0,0.0,13999.0,17.000000000221704,28.48666666666666,36.90878666839826,160.6,125.05406830647296,8.0,0.0,190704569.66666663,120837.02083512486,4281.333333333333,61.50067750304327,0.0050727739726027,0.0166095890410958,38165122.2,1,0.5773850997264444,Średni czas zapytań wyższe od lokalnej normy (+149.6%),Średnie logical reads wyższe od lokalnej normy (+45.0%),
28,2026-03-29 00:25:56,deweloper,MSSQLSERVER,0.0,14033.0,5,0,0,11.24,232.8,8.0,190946150.0,4403,0,6,1,0.0,17.0,0.0,0.0,0.0,-59.85999999999999,0.0,0.0,120539.0,60.0,0.0,0.0,14016.0,17.000000000221704,29.646666666666658,35.9745261724645,160.6,125.05406830647296,8.0,0.0,190825307.0,120995.28643288532,4342.333333333333,61.00273217925047,0.0008009691441601,0.0165894676833178,38189230.0,1,0.458344252112146,Średni czas zapytań niższe od lokalnej normy (-62.1%),Średnie logical reads wyższe od lokalnej normy (+45.0%),
29,2026-03-29 00:26:57,deweloper,MSSQLSERVER,0.0,14054.0,5,0,0,14.41,232.5,8.0,191068351.0,4464,0,6,1,0.0,21.0,0.0,0.0,0.0,3.17,-0.3000000000000113,0.0,122201.0,61.0,0.0,0.0,14034.333333333334,19.035055380556745,32.24999999999999,33.68240044889912,232.7,0.1732050807568984,8.0,0.0,190946704.0,121370.94829066785,4403.333333333333,60.5006887013147,0.0010253308666571,0.0165433328589725,38213670.2,0,0.4406206732577573,,,
30,2026-03-29 00:27:58,deweloper,MSSQLSERVER,0.0,14071.0,5,0,0,13.94,232.8,8.0,191208113.0,4526,0,6,1,0.0,17.0,0.0,0.0,0.0,-0.4700000000000006,0.3000000000000113,0.0,139762.0,62.0,0.0,0.0,14052.666666666666,19.035055380556745,13.196666666666664,1.7107405803727738,232.7,0.1732050807568984,8.0,0.0,191074204.66666663,131079.565166773,4464.333333333333,61.50067750304395,0.0009906900717788,0.0165446663350152,38241622.6,0,0.4025031202971135,,,
31,2026-03-29 00:28:59,deweloper,MSSQLSERVER,0.0,14088.0,5,0,0,7.8,232.8,8.0,191314313.0,4586,0,6,1,0.0,17.0,0.0,0.0,0.0,-6.14,0.0,0.0,106200.0,60.0,0.0,0.0,14071.0,17.000000000221704,12.049999999999995,3.688102493152933,232.7,0.1732050807568984,8.0,0.0,191196925.66666663,123362.04312231588,4525.333333333333,61.002732179251154,0.0005536626916524,0.0165247018739352,38262862.6,0,0.3943992318811484,,,
32,2026-03-29 00:30:00,deweloper,MSSQLSERVER,0.0,14105.0,5,0,0,7.89,232.8,8.0,191451280.0,4647,0,6,1,0.0,17.0,0.0,0.0,0.0,0.0899999999999998,0.0,0.0,136967.0,61.0,0.0,0.0,14088.0,17.000000000221704,9.876666666666663,3.519237606831098,232.8,0.0,8.0,0.0,191324568.66666663,121907.47105208124,4586.333333333333,60.5006887013154,0.0005593761077632,0.0165047855370436,38290256.0,0,0.3819764870692351,,,
33,2026-03-29 00:31:01,deweloper,MSSQLSERVER,0.0,14122.0,5,0,0,14.02,232.8,8.0,191557598.0,4708,0,6,1,0.0,17.0,0.0,0.0,0.0,6.13,0.0,0.0,106318.0,61.0,0.0,0.0,14105.0,17.000000000221704,9.903333333333329,3.565421901168819,232.8,0.0,8.0,0.0,191441063.66666663,121963.83852731009,4647.0,61.00000000000125,0.0009927772270216,0.0164849171505452,38311519.6,0,0.3968938164775838,,,
34,2026-03-29 00:32:02,deweloper,MSSQLSERVER,0.0,14143.0,5,0,0,11.25,232.8,8.0,191692219.0,4768,0,6,1,0.0,21.0,0.0,0.0,0.0,-2.77,0.0,0.0,134621.0,60.0,0.0,0.0,14123.333333333334,19.035055380556745,11.053333333333327,3.06972854391626,232.8,0.0,8.0,0.0,191567032.3333333,120746.24390148032,4707.666666666667,60.5006887013154,0.0007954465106413,0.0164604397935374,38338443.8,0,0.3999265739702919,,,
35,2026-03-29 00:33:06,deweloper,MSSQLSERVER,0.0,14160.0,5,0,0,17.5,232.8,8.0,191830463.0,4833,0,6,1,0.0,17.0,0.0,0.0,0.0,6.25,0.0,0.0,138244.0,65.0,0.0,0.0,14141.666666666666,19.035055380556745,14.25666666666666,3.131714120626935,232.8,0.0,8.0,0.0,191693426.66666663,136436.50868560048,4769.666666666667,62.516664445037726,0.0012358757062146,0.0164406779661016,38366092.6,0,0.4340908758881302,,,
36,2026-03-29 00:34:07,deweloper,MSSQLSERVER,0.0,14177.0,5,0,0,7.68,232.8,8.0,191952471.0,4894,0,6,1,0.0,17.0,0.0,0.0,0.0,-9.82,0.0,0.0,122008.0,61.0,0.0,0.0,14160.0,17.000000000221704,12.143333333333327,4.970576760631929,232.8,0.0,8.0,0.0,191825051.0,130210.38048475096,4831.666666666667,63.0105811220101,0.000541722508288,0.0164209635324821,38390494.2,0,0.3826738557725236,,,
37,2026-03-29 00:35:08,deweloper,MSSQLSERVER,0.0,14194.0,5,0,0,12.05,232.8,8.0,192072732.0,4954,0,6,1,0.0,17.0,0.0,0.0,0.0,4.370000000000001,0.0,0.0,120261.0,60.0,0.0,0.0,14177.0,17.000000000221704,12.409999999999997,4.919888210112183,232.8,0.0,8.0,0.0,191951888.66666663,121135.549804002,4893.666666666667,60.50068870131469,0.0008489502606735,0.0164012963223897,38414546.4,0,0.3884123251441589,,,
38,2026-03-29 00:36:09,deweloper,MSSQLSERVER,0.0,14211.0,5,0,0,8.19,232.8,8.0,192198026.0,5016,0,6,1,0.0,17.0,0.0,0.0,0.0,-3.860000000000001,0.0,0.0,125294.0,62.0,0.0,0.0,14194.0,17.000000000221704,9.306666666666665,2.389442054818295,232.8,0.0,8.0,0.0,192074409.66666663,122786.09625002203,4954.666666666667,61.00273217925047,0.0005763141228625,0.01638167616635,38439605.2,0,0.3788659177157251,,,
39,2026-03-29 00:37:09,deweloper,MSSQLSERVER,0.0,14232.0,5,0,0,8.52,232.8,8.0,192318281.0,5077,0,6,1,0.0,21.0,0.0,0.0,0.0,0.33,0.0,0.0,120255.0,61.0,0.0,0.0,14212.333333333334,19.035055380556745,9.58666666666666,2.139680661532059,232.8,0.0,8.0,0.0,192196346.3333333,122783.11696776425,5015.666666666667,61.50067750304326,0.0005986509274873,0.0163575042158516,38463656.2,0,0.3849432029923515,,,
40,2026-03-29 00:38:10,deweloper,MSSQLSERVER,0.0,14249.0,5,0,0,10.67,16.2,8.0,192438592.0,5137,0,6,1,0.0,17.0,0.0,0.0,0.0,2.1500000000000004,-216.6,0.0,120311.0,60.0,0.0,0.0,14230.666666666666,19.035055380556745,9.126666666666662,1.346712045440405,160.6,125.05406830647296,8.0,0.0,192318299.66666663,120283.0010945838,5076.666666666667,60.500688701314,0.0007488244789108,0.0011369218892553,38487718.4,1,0.4860254531526024,Średnie logical reads niższe od lokalnej normy (-89.9%),Średni czas zapytań wyższe od lokalnej normy (+16.9%),
41,2026-03-29 00:39:11,deweloper,MSSQLSERVER,0.0,14266.0,5,0,0,7.9,232.8,8.0,192559599.0,5198,0,6,1,0.0,17.0,0.0,0.0,0.0,-2.77,216.6,0.0,121007.0,61.0,0.0,0.0,14249.0,17.000000000221704,9.029999999999994,1.453719367691353,160.6,125.05406830647296,8.0,0.0,192438824.0,120659.16728946546,5137.333333333333,60.500688701314,0.0005537641945885,0.0163185195569886,38511919.8,0,0.4091501784756212,,,
42,2026-03-29 00:40:12,deweloper,MSSQLSERVER,0.0,14283.0,5,0,0,9.07,232.8,8.0,192682262.0,5259,0,6,1,0.0,17.0,0.0,0.0,0.0,1.17,0.0,0.0,122663.0,61.0,0.0,0.0,14266.0,17.000000000221704,9.21333333333333,1.390551449366141,160.6,125.05406830647296,8.0,0.0,192560151.0,121835.9378631248,5198.0,60.99999999999987,0.0006350206539242,0.0162990968283973,38536452.4,0,0.3891743723164665,,,
43,2026-03-29 00:41:13,deweloper,MSSQLSERVER,0.0,14430.0,7,0,0,79.98,1517.53,8.0,192805307.0,5320,0,6,1,0.0,147.0,2.0,0.0,0.0,70.91,1284.73,0.0,123045.0,61.0,0.0,0.0,14326.333333333334,90.17945072654204,32.31666666666666,41.28180268996661,661.0433333333334,741.739211335988,8.0,0.0,192682389.3333333,122854.04949906871,5259.0,60.99999999999987,0.0055426195426195,0.1051649341649341,27543615.285714287,1,0.7131096197815233,Średni czas zapytań wyższe od lokalnej normy (+147.5%),Średnie logical reads wyższe od lokalnej normy (+129.6%),
44,2026-03-29 00:42:13,deweloper,MSSQLSERVER,0.0,14451.0,7,0,0,13.17,206.17,8.0,192925677.0,5380,0,6,1,0.0,21.0,0.0,0.0,0.0,-66.81,-1311.36,0.0,120370.0,60.0,0.0,0.0,14388.0,91.53687781439493,34.07333333333333,39.80915765666656,652.1666666666666,749.5449040806917,8.0,0.0,192804415.3333333,121709.94971783452,5319.666666666667,60.500688701314,0.0009113556155283,0.0142668327451387,27560811.0,1,0.5535311535205246,Średnie logical reads niższe od lokalnej normy (-68.4%),Średni czas zapytań niższe od lokalnej normy (-61.3%),
45,2026-03-29 00:43:14,deweloper,MSSQLSERVER,0.0,14468.0,7,0,0,5.84,232.8,8.0,193055818.0,5441,0,6,1,0.0,17.0,0.0,0.0,0.0,-7.33,26.630000000000024,0.0,130141.0,61.0,0.0,0.0,14449.666666666666,19.03505538055524,32.99666666666666,40.85348740723775,652.1666666666666,749.5449040806917,8.0,0.0,192928934.0,125287.25521370309,5380.333333333333,60.500688701314,0.0004036494332319,0.0160906828863699,27579402.57142857,1,0.4686846673358739,Średni czas zapytań niższe od lokalnej normy (-82.3%),Średnie logical reads niższe od lokalnej normy (-64.3%),
46,2026-03-29 00:44:15,deweloper,MSSQLSERVER,0.0,14485.0,7,0,0,6.14,232.8,8.0,193181149.0,5502,0,6,1,0.0,17.0,0.0,0.0,0.0,0.2999999999999998,0.0,0.0,125331.0,61.0,0.0,0.0,14468.0,17.000000000220016,8.383333333333328,4.14808791292254,223.9233333333333,15.374837668522138,8.0,0.0,193054214.66666663,127743.54663276672,5441.0,60.99999999999987,0.0004238867794269,0.0160717984121505,27597307.0,0,0.3925648532803161,,,
47,2026-03-29 00:45:16,deweloper,MSSQLSERVER,0.0,14504.0,7,0,0,5.1,194.5,8.0,193301420.0,5562,0,6,1,0.0,19.0,0.0,0.0,0.0,-1.04,-38.30000000000001,0.0,120271.0,60.0,0.0,0.0,14485.666666666666,18.00925687919472,5.693333333333328,0.535288084431318,220.03333333333333,22.11251530996433,8.0,0.0,193179462.3333333,122809.68706220978,5501.666666666667,60.500688701314,0.0003516271373414,0.0134100937672366,27614488.57142857,0,0.414044070755598,,,
48,2026-03-29 00:46:16,deweloper,MSSQLSERVER,0.0,14521.0,7,0,0,6.07,232.8,8.0,193421655.0,5623,0,6,1,0.0,17.0,0.0,0.0,0.0,0.9700000000000006,38.30000000000001,0.0,120235.0,61.0,0.0,0.0,14503.333333333334,18.00925687919472,5.769999999999995,0.5812916651740452,220.03333333333333,22.11251530996433,8.0,0.0,193301408.0,120253.00045730102,5562.333333333333,60.500688701314,0.0004180152882032,0.0160319537221954,27631665.0,0,0.3987196645948436,,,
49,2026-03-29 00:47:17,deweloper,MSSQLSERVER,0.0,14542.0,6,0,0,6.17,232.8,8.0,193541891.0,5683,0,6,1,0.0,21.0,-1.0,0.0,0.0,0.0999999999999996,0.0,0.0,120236.0,60.0,0.0,0.0,14522.333333333334,19.03505538055524,5.779999999999995,0.591016074232177,220.03333333333333,22.11251530996433,8.0,0.0,193421655.3333333,120235.5000085918,5622.666666666667,60.500688701314,0.0004242882684637,0.0160088020904964,32256981.83333333,0,0.4123354057600015,,,
50,2026-03-29 00:48:18,deweloper,MSSQLSERVER,0.0,14559.0,6,0,0,6.64,232.8,8.0,193662162.0,5744,0,6,1,0.0,17.0,0.0,0.0,0.0,0.4699999999999997,0.0,0.0,120271.0,61.0,0.0,0.0,14540.666666666666,19.03505538055524,6.2933333333333294,0.3043572462323369,232.8,0.0,8.0,0.0,193541902.66666663,120253.5004326946,5683.333333333333,60.500688701314,0.0004560752798955,0.0159901092107974,32277027.0,0,0.3541384495636086,,,
51,2026-03-29 00:49:18,deweloper,MSSQLSERVER,0.0,14576.0,6,0,0,6.33,232.8,8.0,193782501.0,5805,0,6,1,0.0,17.0,0.0,0.0,0.0,-0.3099999999999996,0.0,0.0,120339.0,61.0,0.0,0.0,14559.0,17.000000000220016,6.379999999999996,0.2389560629086347,232.8,0.0,8.0,0.0,193662184.66666663,120305.00160973304,5744.0,60.99999999999987,0.000434275521405,0.0159714599341383,32297083.5,0,0.3533582644606,,,
52,2026-03-29 00:50:19,deweloper,MSSQLSERVER,0.0,14593.0,6,0,0,6.29,232.8,8.0,193902771.0,5866,0,6,1,0.0,17.0,0.0,0.0,0.0,-0.04,0.0,0.0,120270.0,61.0,0.0,0.0,14576.0,17.000000000220016,6.419999999999995,0.1915724406087529,232.8,0.0,8.0,0.0,193782478.0,120304.50165719252,5805.0,60.99999999999987,0.0004310285753443,0.015952854108134,32317128.5,0,0.3535574743259579,,,
53,2026-03-29 00:51:20,deweloper,MSSQLSERVER,0.0,14610.0,6,0,0,2.74,89.71,8.0,194022965.0,5927,0,6,1,0.0,17.0,0.0,0.0,0.0,-3.55,-143.09000000000003,0.0,120194.0,61.0,0.0,0.0,14593.0,17.000000000220016,5.119999999999995,2.061237492381903,185.10333333333327,82.61305001834356,8.0,0.0,193902745.66666663,120232.002009946,5866.0,60.99999999999987,0.0001875427789185,0.0061403148528405,32337160.83333333,0,0.4417424663838173,,,
54,2026-03-29 00:52:20,deweloper,MSSQLSERVER,0.0,14631.0,6,0,0,16.26,206.17,8.0,194148227.0,5988,0,6,1,0.0,21.0,0.0,0.0,0.0,13.52,116.46,0.0,125262.0,61.0,0.0,0.0,14611.333333333334,19.03505538055524,8.429999999999994,7.009443629846861,176.2266666666667,76.09953635425997,8.0,0.0,194024654.3333333,122736.71973504766,5927.0,60.99999999999987,0.0011113389378716,0.0140913129656209,32358037.83333333,0,0.4160107946717248,,,
55,2026-03-29 00:53:21,deweloper,MSSQLSERVER,0.0,14648.0,6,0,0,6.28,232.8,8.0,194268444.0,6048,0,6,1,0.0,17.0,0.0,0.0,0.0,-9.98,26.630000000000024,0.0,120217.0,60.0,0.0,0.0,14629.666666666666,19.03505538055524,8.426666666666664,7.010972352914685,176.22666666666666,76.09953635425997,8.0,0.0,194146545.3333333,122748.13996276204,5987.666666666667,60.500688701314,0.0004287274713271,0.0158929546695794,32378074.0,0,0.3747951164979184,,,
56,2026-03-29 00:54:22,deweloper,MSSQLSERVER,0.0,14667.0,6,0,0,6.87,232.8,8.0,194388843.0,6109,0,6,1,0.0,19.0,0.0,0.0,0.0,0.5899999999999999,0.0,0.0,120399.0,61.0,0.0,0.0,14648.666666666666,18.00925687919472,9.80333333333333,5.599413659780284,223.9233333333333,15.374837668519788,8.0,0.0,194268504.66666663,120308.01148019113,6048.333333333333,60.500688701314,0.0004683984454898,0.0158723665371241,32398140.5,0,0.3579502901921733,,,
57,2026-03-29 00:55:22,deweloper,MSSQLSERVER,0.0,14684.0,6,0,0,6.59,232.8,8.0,194509124.0,6169,0,6,1,0.0,17.0,0.0,0.0,0.0,-0.2800000000000002,0.0,0.0,120281.0,60.0,0.0,0.0,14666.333333333334,18.00925687919472,6.579999999999996,0.295127091268823,232.8,0.0,8.0,0.0,194388803.66666663,120340.00482931512,6108.666666666667,60.500688701314,0.0004487877962408,0.0158539907382184,32418187.33333333,0,0.3563349289065979,,,
58,2026-03-29 00:56:23,deweloper,MSSQLSERVER,0.0,14701.0,6,0,0,3.41,117.2,8.0,194629373.0,6230,0,6,1,0.0,17.0,0.0,0.0,0.0,-3.18,-115.6,0.0,120249.0,61.0,0.0,0.0,14684.0,17.000000000220016,5.623333333333328,1.9219087734162,194.26666666666668,66.74169111832074,8.0,0.0,194509113.3333333,120265.00036302992,6169.333333333333,60.500688701314,0.0002319570097272,0.0079722467859329,32438228.83333333,0,0.426314668437259,,,
59,2026-03-29 00:57:24,deweloper,MSSQLSERVER,0.0,14722.0,6,0,0,6.08,232.8,8.0,194749641.0,6291,0,6,1,0.0,21.0,0.0,0.0,0.0,2.67,115.6,0.0,120268.0,61.0,0.0,0.0,14702.333333333334,19.03505538055524,5.359999999999995,1.7078934392990792,194.26666666666665,66.74169111832074,8.0,0.0,194629379.3333333,120258.50013332862,6230.0,60.99999999999987,0.000412987365847,0.0158130688765113,32458273.5,0,0.3866810919585107,,,
60,2026-03-29 00:58:24,deweloper,MSSQLSERVER,0.0,14739.0,6,0,0,8.22,232.8,8.0,194869996.0,6351,0,6,1,0.0,17.0,0.0,0.0,0.0,2.140000000000001,0.0,0.0,120355.0,60.0,0.0,0.0,14720.666666666666,19.03505538055524,5.903333333333329,2.4098616834445403,194.26666666666665,66.74169111832074,8.0,0.0,194749670.0,120311.50262956394,6290.666666666667,60.500688701314,0.0005577040504783,0.0157948300427437,32478332.666666668,0,0.3647462476946285,,,
61,2026-03-29 00:59:25,deweloper,MSSQLSERVER,0.0,14756.0,6,0,0,8.56,232.8,8.0,194990319.0,6412,0,6,1,0.0,17.0,0.0,0.0,0.0,0.3399999999999998,0.0,0.0,120323.0,61.0,0.0,0.0,14739.0,17.000000000220016,7.619999999999995,1.3444701558609482,232.8,0.0,8.0,0.0,194869985.3333333,120339.0003627918,6351.333333333333,60.500688701314,0.0005801030089455,0.0157766332339387,32498386.5,0,0.3554608447102665,,,
62,2026-03-29 01:00:26,deweloper,MSSQLSERVER,0.0,14773.0,6,0,0,6.33,232.8,8.0,195111493.0,6473,1,6,1,0.0,17.0,0.0,0.0,0.0,-2.2300000000000004,0.0,0.0,121174.0,61.0,0.0,0.0,14756.0,17.000000000220016,7.70333333333333,1.2014297038670607,232.8,0.0,8.0,0.0,194990602.66666663,120748.74990788108,6412.0,60.99999999999987,0.0004284843972111,0.0157584783050159,32518582.166666668,0,0.3498391272259392,,,
63,2026-03-29 01:01:26,deweloper,MSSQLSERVER,0.0,14790.0,5,0,0,12.15,232.8,8.0,195236729.0,6533,1,6,1,0.0,17.0,-1.0,0.0,0.0,5.82,0.0,0.0,125236.0,60.0,0.0,0.0,14773.0,17.000000000220016,9.013333333333328,2.9363639647247486,232.8,0.0,8.0,0.0,195112847.0,123210.5799596105,6472.666666666667,60.500688701314,0.0008215010141987,0.0157403651115618,39047345.8,0,0.4325723480508562,,,
64,2026-03-29 01:02:27,deweloper,MSSQLSERVER,0.0,14811.0,6,0,0,6.28,232.8,8.0,195356958.0,6594,1,6,1,0.0,21.0,1.0,0.0,0.0,-5.87,0.0,0.0,120229.0,61.0,0.0,0.0,14791.333333333334,19.03505538055524,8.253333333333329,3.374704925372598,232.8,0.0,8.0,0.0,195235060.0,122741.01078687423,6533.333333333333,60.500688701314,0.0004240091823644,0.0157180473972047,32559493.0,0,0.4138699040802775,,,
65,2026-03-29 01:03:28,deweloper,MSSQLSERVER,0.0,14828.0,6,0,0,6.63,232.8,8.0,195477214.0,6655,1,6,1,0.0,17.0,0.0,0.0,0.0,0.3499999999999996,0.0,0.0,120256.0,61.0,0.0,0.0,14809.666666666666,19.03505538055524,8.35333333333333,3.2926635621232347,232.8,0.0,8.0,0.0,195356967.0,120242.50026086274,6594.0,60.99999999999987,0.0004471270569193,0.0157000269759913,32579535.666666668,0,0.3472222186734438,,,
66,2026-03-29 01:04:28,deweloper,MSSQLSERVER,0.0,14845.0,6,0,0,2.91,89.71,8.0,195597428.0,6715,1,6,1,0.0,17.0,0.0,0.0,0.0,-3.72,-143.09000000000003,0.0,120214.0,60.0,0.0,0.0,14828.0,17.000000000220016,5.273333333333329,2.054174611208644,185.10333333333327,82.61305001834356,8.0,0.0,195477200.0,120235.0006195516,6654.666666666667,60.500688701314,0.0001960255978443,0.006043112158976,32599571.33333333,0,0.4358285927528167,,,
67,2026-03-29 01:05:29,deweloper,MSSQLSERVER,0.0,14862.0,6,0,0,6.06,232.8,8.0,195717644.0,6775,1,6,1,0.0,17.0,0.0,0.0,0.0,3.1499999999999995,143.09000000000003,0.0,120216.0,60.0,0.0,0.0,14845.0,17.000000000220016,5.199999999999995,2.003571810542575,185.10333333333327,82.61305001834356,8.0,0.0,195597428.66666663,120215.00000964024,6715.0,59.99999999999964,0.000407751312071,0.0156641098102543,32619607.33333333,0,0.3810537694447368,,,
68,2026-03-29 01:06:30,deweloper,MSSQLSERVER,0.0,14879.0,6,0,0,7.43,232.8,8.0,195837961.0,6837,1,6,1,0.0,17.0,0.0,0.0,0.0,1.37,0.0,0.0,120317.0,62.0,0.0,0.0,14862.0,17.000000000220016,5.4666666666666615,2.31767843613694,185.10333333333327,82.61305001834356,8.0,0.0,195717677.66666663,120266.5035424228,6775.666666666667,61.002732179249776,0.0004993615162309,0.0156462127831171,32639660.166666668,0,0.3619984510986905,,,
69,2026-03-29 01:07:31,deweloper,MSSQLSERVER,0.0,14900.0,6,0,0,10.81,232.8,8.0,195973822.0,6898,1,6,1,0.0,21.0,0.0,0.0,0.0,3.380000000000001,0.0,0.0,135861.0,61.0,0.0,0.0,14880.333333333334,19.03505538055524,8.099999999999996,2.4448517337459843,232.8,0.0,8.0,0.0,195843142.3333333,128167.57228066512,6836.666666666667,61.50067750304259,0.0007255033557046,0.0156241610738255,32662303.666666668,0,0.3668726838903827,,,
70,2026-03-29 01:08:31,deweloper,MSSQLSERVER,0.0,14917.0,6,0,0,6.26,232.8,8.0,196080714.0,6958,1,6,1,0.0,17.0,0.0,0.0,0.0,-4.550000000000001,0.0,0.0,106892.0,60.0,0.0,0.0,14898.666666666666,19.03505538055524,8.166666666666663,2.362759685904192,232.8,0.0,8.0,0.0,195964165.66666663,121664.24427217494,6897.666666666667,60.50068870131332,0.0004196554266943,0.0156063551652477,32680119.0,0,0.3576294330479871,,,
71,2026-03-29 01:09:32,deweloper,MSSQLSERVER,0.0,14934.0,6,0,0,6.26,232.8,8.0,196221096.0,7019,1,6,1,0.0,17.0,0.0,0.0,0.0,0.0,0.0,0.0,140382.0,61.0,0.0,0.0,14917.0,17.000000000220016,7.776666666666663,2.626943724812941,232.8,0.0,8.0,0.0,196091877.3333333,124014.405531452,6958.333333333333,60.50068870131332,0.0004191777152805,0.0155885897950984,32703516.0,0,0.3527883420953615,,,
72,2026-03-29 01:10:33,deweloper,MSSQLSERVER,0.0,14951.0,6,0,0,8.55,232.8,8.0,196326268.0,7080,1,6,1,0.0,17.0,0.0,0.0,0.0,2.290000000000001,0.0,0.0,105172.0,61.0,0.0,0.0,14934.0,17.000000000220016,7.023333333333329,1.3221321164442434,232.8,0.0,8.0,0.0,196209359.3333333,123197.01189281206,7019.0,60.99999999999919,0.000571868102468,0.0155708648250953,32721044.666666668,0,0.3554847113116401,,,
73,2026-03-29 01:11:34,deweloper,MSSQLSERVER,0.0,14972.0,6,0,0,14.34,206.17,8.0,196461606.0,7140,1,6,1,0.0,21.0,0.0,0.0,0.0,5.789999999999999,-26.630000000000024,0.0,135338.0,60.0,0.0,0.0,14952.333333333334,19.03505538055524,9.71666666666666,4.164424730179828,223.9233333333333,15.374837668519753,8.0,0.0,196336323.3333333,120569.88564030318,7079.666666666667,60.50068870131332,0.0009577878706919,0.0137703713598717,32743601.0,0,0.3838240104850657,,,
74,2026-03-29 01:12:34,deweloper,MSSQLSERVER,0.0,14989.0,6,0,0,6.18,232.8,8.0,196566813.0,7201,1,6,1,0.0,17.0,0.0,0.0,0.0,-8.16,26.630000000000024,0.0,105207.0,61.0,0.0,0.0,14970.666666666666,19.03505538055524,9.689999999999996,4.197749396998349,223.9233333333333,15.374837668519753,8.0,0.0,196451562.3333333,120586.61073400342,7140.333333333333,60.50068870131332,0.0004123023550603,0.0155313896857695,32761135.5,0,0.3647495050169708,,,
75,2026-03-29 01:13:35,deweloper,MSSQLSERVER,0.0,15006.0,6,0,0,5.95,232.8,8.0,196702090.0,7262,1,6,1,0.0,17.0,0.0,0.0,0.0,-0.2299999999999995,0.0,0.0,135277.0,61.0,0.0,0.0,14989.0,17.000000000220016,8.823333333333329,4.778957347929915,223.9233333333333,15.374837668519753,8.0,0.0,196576836.3333333,120554.92098754078,7201.0,60.99999999999919,0.0003965080634412,0.0155137944822071,32783681.666666668,0,0.3472257602993757,,,
76,2026-03-29 01:14:36,deweloper,MSSQLSERVER,0.0,15023.0,6,0,0,6.45,232.8,8.0,196807305.0,7321,1,6,1,0.0,17.0,0.0,0.0,0.0,0.5,0.0,0.0,105215.0,59.0,0.0,0.0,15006.0,17.000000000220016,6.193333333333328,0.2502665245959156,232.8,0.0,8.0,0.0,196692069.3333333,120558.74434610906,7261.333333333333,60.00277771347963,0.0004293416760966,0.0154962391000465,32801217.5,0,0.3667434814174891,,,
77,2026-03-29 01:15:39,deweloper,MSSQLSERVER,0.0,15042.0,7,0,0,21.94,195.33,8.0,196952458.0,7385,1,6,1,0.0,19.0,1.0,0.0,0.0,15.490000000000002,-37.47,0.0,145153.0,64.0,0.0,0.0,15023.666666666666,18.00925687919472,11.446666666666664,9.090931378760558,220.31000000000003,21.63331458653528,8.0,0.0,196820617.66666663,125713.77879258317,7322.666666666667,61.51693533762266,0.0014585826352878,0.0129856402074192,28136065.42857143,1,0.5215543307419154,Średni czas zapytań wyższe od lokalnej normy (+91.7%),Średnie logical reads niższe od lokalnej normy (-11.3%),
78,2026-03-29 01:16:39,deweloper,MSSQLSERVER,0.0,15175.0,7,0,0,6.97,232.8,8.0,197059081.0,7446,1,6,1,0.0,133.0,0.0,0.0,0.0,-14.970000000000002,37.47,0.0,106623.0,61.0,0.0,0.0,15080.0,82.81907992731806,11.786666666666664,8.796887707214031,220.31000000000003,21.63331458653528,8.0,0.0,196939614.66666663,126378.40778516044,7384.0,62.50599971202685,0.0004593080724876,0.0153410214168039,28151297.285714287,1,0.4704475962879001,Średni czas zapytań niższe od lokalnej normy (-40.9%),Średnie logical reads wyższe od lokalnej normy (+5.7%),
79,2026-03-29 01:17:40,deweloper,MSSQLSERVER,0.0,15192.0,7,0,0,6.15,232.8,8.0,197194294.0,7507,1,6,1,0.0,17.0,0.0,0.0,0.0,-0.8199999999999994,0.0,0.0,135213.0,61.0,0.0,0.0,15136.333333333334,82.13606597190302,11.686666666666662,8.88910756675457,220.31000000000003,21.63331458653528,8.0,0.0,197068611.0,121199.33333554256,7446.0,60.99999999999918,0.0004048183254344,0.0153238546603475,28170613.42857143,0,0.3855652493580158,,,
80,2026-03-29 01:18:41,deweloper,MSSQLSERVER,0.0,15209.0,7,0,0,6.13,232.8,8.0,197299608.0,7568,1,6,1,0.0,17.0,0.0,0.0,0.0,-0.0200000000000004,0.0,0.0,105314.0,61.0,0.0,0.0,15192.0,17.000000000218492,6.416666666666663,0.4793050524804782,232.8,0.0,8.0,0.0,197184327.66666663,120572.82149935012,7507.0,60.99999999999918,0.0004030508251693,0.0153067262804918,28185658.285714287,0,0.3841417641332718,,,
81,2026-03-29 01:19:41,deweloper,MSSQLSERVER,0.0,15226.0,7,0,0,6.1,232.8,8.0,197434757.0,7629,1,6,1,0.0,17.0,0.0,0.0,0.0,-0.0300000000000002,0.0,0.0,135149.0,61.0,0.0,0.0,15209.0,17.000000000218492,6.126666666666663,0.0251661147838304,232.8,0.0,8.0,0.0,197309553.0,120539.5821420572,7568.0,60.99999999999918,0.0004006305004597,0.015289636148693,28204965.285714287,0,0.3777417962455032,,,
82,2026-03-29 01:20:42,deweloper,MSSQLSERVER,0.0,15243.0,7,0,0,6.17,232.8,8.0,197540039.0,7689,1,6,1,0.0,17.0,0.0,0.0,0.0,0.0700000000000002,0.0,0.0,105282.0,60.0,0.0,0.0,15226.0,17.000000000218492,6.133333333333329,0.0351188458425521,232.8,0.0,8.0,0.0,197424801.3333333,120524.28351296774,7628.666666666667,60.50068870131331,0.0004047759627369,0.0152725841369809,28220005.57142857,0,0.3875625193813312,,,
83,2026-03-29 01:21:43,deweloper,MSSQLSERVER,0.0,15264.0,7,0,0,12.35,158.38,8.0,197675233.0,7750,1,6,1,0.0,21.0,0.0,0.0,0.0,6.18,-74.42000000000002,0.0,135194.0,61.0,0.0,0.0,15244.333333333334,19.03505538055388,8.206666666666663,3.5884026158352578,207.9933333333333,42.96640703309196,8.0,0.0,197550009.66666663,120547.65568568402,7689.333333333333,60.50068870131331,0.0008090932914046,0.0103760482180293,28239319.0,0,0.4365671857664617,,,
84,2026-03-29 01:22:43,deweloper,MSSQLSERVER,0.0,15281.0,6,0,0,6.32,232.8,8.0,197784407.0,7811,1,6,1,0.0,17.0,-1.0,0.0,0.0,-6.029999999999999,74.42000000000002,0.0,109174.0,61.0,0.0,0.0,15262.666666666666,19.03505538055388,8.279999999999996,3.52552123805828,207.9933333333333,42.96640703309196,8.0,0.0,197666559.66666663,122414.66371034137,7750.0,60.99999999999918,0.0004135854983312,0.0152346050651135,32964067.83333333,0,0.4114786446277164,,,
85,2026-03-29 01:23:44,deweloper,MSSQLSERVER,0.0,15298.0,6,0,0,7.57,232.8,8.0,197921311.0,7871,1,6,1,0.0,17.0,0.0,0.0,0.0,1.25,0.0,0.0,136904.0,60.0,0.0,0.0,15281.0,17.000000000218492,8.746666666666663,3.1825513873829783,207.9933333333333,42.96640703309196,8.0,0.0,197793650.3333333,123299.12786113271,7810.666666666667,60.50068870131331,0.0004948359262648,0.0152176755131389,32986885.166666668,0,0.3516187034556182,,,
86,2026-03-29 01:24:45,deweloper,MSSQLSERVER,0.0,15315.0,6,0,0,6.13,232.8,8.0,198055922.0,7932,1,6,1,0.0,17.0,0.0,0.0,0.0,-1.4400000000000004,0.0,0.0,134611.0,61.0,0.0,0.0,15298.0,17.000000000218492,6.673333333333329,0.782325592917245,232.8,0.0,8.0,0.0,197920546.66666663,135759.11373574918,7871.333333333333,60.50068870131331,0.0004002611818478,0.0152007835455435,33009320.33333333,0,0.3432434734129373,,,
87,2026-03-29 01:25:45,deweloper,MSSQLSERVER,0.0,15332.0,6,0,0,6.05,232.8,8.0,198176153.0,7993,1,6,1,0.0,17.0,0.0,0.0,0.0,-0.08,0.0,0.0,120231.0,61.0,0.0,0.0,15315.0,17.000000000218492,6.5833333333333295,0.8554141297250818,232.8,0.0,8.0,0.0,198051128.66666663,127488.60057400438,7932.0,60.99999999999918,0.0003945995303939,0.0151839290373075,33029358.83333333,0,0.3382618657747737,,,
88,2026-03-29 01:26:46,deweloper,MSSQLSERVER,0.0,15353.0,6,0,0,11.9,232.5,8.0,198296416.0,8053,1,6,1,0.0,21.0,0.0,0.0,0.0,5.8500000000000005,-0.3000000000000113,0.0,120263.0,60.0,0.0,0.0,15333.333333333334,19.03505538055388,8.026666666666664,3.3546435478800603,232.7,0.1732050807568984,8.0,0.0,198176163.66666663,120247.00036308552,7992.666666666667,60.50068870131331,0.0007750928157363,0.0151436201393864,33049402.666666668,0,0.3632419661928512,,,
89,2026-03-29 01:27:47,deweloper,MSSQLSERVER,0.0,15370.0,6,0,0,6.19,232.8,8.0,198416673.0,8114,1,6,1,0.0,17.0,0.0,0.0,0.0,-5.71,0.3000000000000113,0.0,120257.0,61.0,0.0,0.0,15351.666666666666,19.03505538055388,8.046666666666663,3.3378186489582258,232.7,0.1732050807568984,8.0,0.0,198296414.0,120260.00002073612,8053.333333333333,60.50068870131331,0.0004027325959661,0.0151463890696161,33069445.5,0,0.3414381029335398,,,
90,2026-03-29 01:28:47,deweloper,MSSQLSERVER,0.0,15387.0,6,0,0,6.05,232.8,8.0,198536942.0,8174,1,6,1,0.0,17.0,0.0,0.0,0.0,-0.1400000000000005,0.0,0.0,120269.0,60.0,0.0,0.0,15370.0,17.000000000218492,8.046666666666663,3.3378186489582258,232.7,0.1732050807568984,8.0,0.0,198416677.0,120263.0000581536,8113.666666666667,60.50068870131331,0.0003931890556963,0.0151296549034899,33089490.33333333,0,0.3416497193018908,,,
91,2026-03-29 01:29:48,deweloper,MSSQLSERVER,0.0,15404.0,6,0,0,6.29,232.8,8.0,198657182.0,8235,1,6,1,0.0,17.0,0.0,0.0,0.0,0.2400000000000002,0.0,0.0,120240.0,61.0,0.0,0.0,15387.0,17.000000000218492,6.176666666666663,0.1205542754667646,232.8,0.0,8.0,0.0,198536932.3333333,120254.50029965569,8174.333333333333,60.50068870131331,0.0004083354972734,0.0151129576733316,33109530.33333333,0,0.3391830671290503,,,
92,2026-03-29 01:30:49,deweloper,MSSQLSERVER,0.0,15421.0,6,0,0,6.61,232.8,8.0,198782891.0,8296,1,6,1,0.0,17.0,0.0,0.0,0.0,0.3200000000000003,0.0,0.0,125709.0,61.0,0.0,0.0,15404.0,17.000000000218492,6.316666666666663,0.2809507667427102,232.8,0.0,8.0,0.0,198659005.0,122984.63379213544,8235.0,60.99999999999918,0.0004286362752091,0.0150962972569872,33130481.83333333,0,0.3406537309843577,,,
93,2026-03-29 01:31:50,deweloper,MSSQLSERVER,0.0,15442.0,6,0,0,13.35,206.17,8.0,198903215.0,8357,1,6,1,0.0,21.0,0.0,0.0,0.0,6.739999999999999,-26.630000000000024,0.0,120324.0,61.0,0.0,0.0,15422.333333333334,19.03505538055388,8.749999999999996,3.9869286424514776,223.9233333333333,15.374837668519753,8.0,0.0,198781096.0,123026.32154537362,8296.0,60.99999999999918,0.0008645253205543,0.0133512498381038,33150535.83333333,0,0.3718509735098227,,,
94,2026-03-29 01:32:50,deweloper,MSSQLSERVER,0.0,15459.0,6,0,0,6.82,232.8,8.0,199023448.0,8417,1,6,1,0.0,17.0,0.0,0.0,0.0,-6.529999999999999,26.630000000000024,0.0,120233.0,60.0,0.0,0.0,15440.666666666666,19.03505538055388,8.926666666666664,3.832157790766622,223.9233333333333,15.374837668519753,8.0,0.0,198903184.66666663,120278.5028769476,8356.666666666666,60.50068870131365,0.0004411669577592,0.0150591888220454,33170574.666666668,0,0.3513201357354308,,,
95,2026-03-29 01:33:51,deweloper,MSSQLSERVER,0.0,15476.0,6,0,0,6.0,232.8,8.0,199143735.0,8478,1,6,1,0.0,17.0,0.0,0.0,0.0,-0.8200000000000003,0.0,0.0,120287.0,61.0,0.0,0.0,15459.0,17.000000000218492,8.72333333333333,4.027733026571314,223.9233333333333,15.374837668519753,8.0,0.0,199023466.0,120260.00101857413,8417.333333333334,60.50068870131365,0.0003876970793486,0.0150426466787283,33190622.5,0,0.3407969049672169,,,
96,2026-03-29 01:34:52,deweloper,MSSQLSERVER,0.0,15493.0,6,0,0,5.89,232.8,8.0,199264002.0,8539,1,6,1,0.0,17.0,0.0,0.0,0.0,-0.1100000000000003,0.0,0.0,120267.0,61.0,0.0,0.0,15476.0,17.000000000218492,6.236666666666664,0.5081666393352968,232.8,0.0,8.0,0.0,199143728.3333333,120277.00014682728,8478.0,60.99999999999918,0.0003801716904408,0.0150261408377977,33210667.0,0,0.339768468236801,,,
97,2026-03-29 01:35:52,deweloper,MSSQLSERVER,0.0,15512.0,6,0,0,6.18,232.8,8.0,199385223.0,8600,1,6,1,0.0,19.0,0.0,0.0,0.0,0.29,0.0,0.0,121221.0,61.0,0.0,0.0,15493.666666666666,18.009256879193277,6.02333333333333,0.1464012750399747,232.8,0.0,8.0,0.0,199264320.0,120744.31407310929,8539.0,60.99999999999918,0.0003984012377514,0.0150077359463641,33230870.5,0,0.3435137250048776,,,
98,2026-03-29 01:36:53,deweloper,MSSQLSERVER,0.0,15533.0,6,0,0,17.51,232.5,8.0,199505489.0,8660,1,6,1,0.0,21.0,0.0,0.0,0.0,11.330000000000002,-0.3000000000000113,0.0,120266.0,60.0,0.0,0.0,15512.666666666666,20.008331598131505,9.859999999999998,6.626680918831085,232.7,0.1732050807568984,8.0,0.0,199384904.66666663,120743.8147331775,8599.666666666666,60.50068870131365,0.0011272774093864,0.0149681323633554,33250914.83333333,0,0.3835471863870859,,,
99,2026-03-29 01:37:54,deweloper,MSSQLSERVER,0.0,15550.0,6,0,0,6.29,232.8,8.0,199625754.0,8721,1,6,1,0.0,17.0,0.0,0.0,0.0,-11.220000000000002,0.3000000000000113,0.0,120265.0,61.0,0.0,0.0,15531.666666666666,19.03505538055524,9.99333333333333,6.509856629245634,232.7,0.1732050807568984,8.0,0.0,199505488.66666663,120265.50000861296,8660.333333333334,60.50068870131365,0.000404501607717,0.0149710610932475,33270959.0,0,0.3522865252753607,,,
100,2026-03-29 01:38:55,deweloper,MSSQLSERVER,0.0,15567.0,6,0,0,6.41,232.8,8.0,199751092.0,8781,1,6,1,0.0,17.0,0.0,0.0,0.0,0.1200000000000001,0.0,0.0,125338.0,60.0,0.0,0.0,15550.0,17.000000000220016,10.069999999999997,6.4435083611337065,232.7,0.1732050807568984,8.0,0.0,199627445.0,122810.2317194673,8720.666666666666,60.50068870131365,0.0004117684846148,0.0149547118905376,33291848.666666668,0,0.3461337208289636,,,
101,2026-03-29 01:39:55,deweloper,MSSQLSERVER,0.0,15584.0,6,0,0,6.11,232.8,8.0,199871414.0,8842,1,6,1,0.0,17.0,0.0,0.0,0.0,-0.2999999999999998,0.0,0.0,120322.0,61.0,0.0,0.0,15567.0,17.000000000220016,6.269999999999996,0.1509966887053646,232.8,0.0,8.0,0.0,199749420.0,122838.5346297702,8781.333333333334,60.50068870131365,0.000392068788501,0.0149383983572895,33311902.33333333,0,0.3399777390875743,,,
102,2026-03-29 01:40:56,deweloper,MSSQLSERVER,0.0,15601.0,6,0,0,6.34,232.8,8.0,199991719.0,8903,1,6,1,0.0,17.0,0.0,0.0,0.0,0.2299999999999995,0.0,0.0,120305.0,61.0,0.0,0.0,15584.0,17.000000000220016,6.286666666666664,0.156950098226532,232.8,0.0,8.0,0.0,199871408.3333333,120313.50010834898,8842.0,60.99999999999918,0.0004063842061406,0.0149221203768989,33331953.166666668,0,0.339726805400655,,,
103,2026-03-29 01:41:57,deweloper,MSSQLSERVER,0.0,15622.0,6,0,0,7.1,232.8,8.0,200111984.0,8963,1,6,1,0.0,21.0,0.0,0.0,0.0,0.7599999999999998,0.0,0.0,120265.0,60.0,0.0,0.0,15602.333333333334,19.03505538055524,6.516666666666663,0.5181055233572763,232.8,0.0,8.0,0.0,199991705.66666663,120285.0005625044,8902.666666666666,60.50068870131365,0.0004544872615542,0.0149020611957495,33351997.33333333,0,0.3506259889848783,,,
104,2026-03-29 01:42:57,deweloper,MSSQLSERVER,0.0,15639.0,6,0,0,6.07,232.8,8.0,200232283.0,9024,1,6,1,0.0,17.0,0.0,0.0,0.0,-1.0299999999999994,0.0,0.0,120299.0,61.0,0.0,0.0,15620.666666666666,19.03505538055524,6.50333333333333,0.5340724045794888,232.8,0.0,8.0,0.0,200111995.3333333,120282.00040871324,8963.333333333334,60.50068870131365,0.0003881322335187,0.0148858622674084,33372047.166666668,0,0.3387249673784991,,,
105,2026-03-29 01:43:58,deweloper,MSSQLSERVER,0.0,15656.0,6,0,0,7.03,232.8,8.0,200352533.0,9085,1,6,1,0.0,17.0,0.0,0.0,0.0,0.96,0.0,0.0,120250.0,61.0,0.0,0.0,15639.0,17.000000000220016,6.73333333333333,0.5755287424041624,232.8,0.0,8.0,0.0,200232266.66666663,120274.50084004377,9024.0,60.99999999999918,0.0004490291262135,0.01486969851814,33392088.83333333,0,0.339944368354466,,,
106,2026-03-29 01:44:59,deweloper,MSSQLSERVER,0.0,15673.0,6,0,0,6.43,232.8,8.0,200472829.0,9146,1,6,1,0.0,17.0,0.0,0.0,0.0,-0.6000000000000005,0.0,0.0,120296.0,61.0,0.0,0.0,15656.0,17.000000000220016,6.509999999999997,0.4849742261192694,232.8,0.0,8.0,0.0,200352548.3333333,120273.00074132052,9085.0,60.99999999999918,0.0004102596822561,0.0148535698334715,33412138.166666668,0,0.338608368967837,,,
107,2026-03-29 01:45:59,deweloper,MSSQLSERVER,0.0,15690.0,6,0,0,6.45,232.8,8.0,200606516.0,9207,1,6,1,0.0,17.0,0.0,0.0,0.0,0.0200000000000004,0.0,0.0,133687.0,61.0,0.0,0.0,15673.0,17.000000000220016,6.636666666666663,0.3407834111768315,232.8,0.0,8.0,0.0,200477292.66666663,127050.32197645842,9146.0,60.99999999999918,0.0004110898661567,0.0148374760994263,33434419.33333333,0,0.3414659147691779,,,
108,2026-03-29 01:47:00,deweloper,MSSQLSERVER,0.0,15711.0,6,0,0,16.54,232.5,8.0,200713750.0,9267,1,6,1,0.0,21.0,0.0,0.0,0.0,10.09,-0.3000000000000113,0.0,107234.0,60.0,0.0,0.0,15691.333333333334,19.03505538055524,9.806666666666665,5.831246293317863,232.7,0.1732050807568984,8.0,0.0,200597698.3333333,120702.30112272847,9206.666666666666,60.50068870131365,0.0010527655782572,0.0147985487874737,33452291.666666668,0,0.3893176189387163,,,
109,2026-03-29 01:48:01,deweloper,MSSQLSERVER,0.0,15728.0,6,0,0,5.83,232.8,8.0,200852382.0,9328,1,6,1,0.0,17.0,0.0,0.0,0.0,-10.71,0.3000000000000113,0.0,138632.0,61.0,0.0,0.0,15709.666666666666,19.03505538055524,9.606666666666662,6.012439881889325,232.7,0.1732050807568984,8.0,0.0,200724216.0,123266.6838930437,9267.333333333334,60.50068870131365,0.0003706765005086,0.0148016276703967,33475397.0,0,0.3569936560070254,,,
110,2026-03-29 01:49:01,deweloper,MSSQLSERVER,0.0,15745.0,6,0,0,7.11,232.8,8.0,200959315.0,9389,1,6,1,0.0,17.0,0.0,0.0,0.0,1.2800000000000002,0.0,0.0,106933.0,61.0,0.0,0.0,15728.0,17.000000000220016,9.826666666666664,5.849036957767775,232.7,0.1732050807568984,8.0,0.0,200841815.66666663,123123.01920567804,9328.0,60.99999999999918,0.000451571927596,0.0147856462369006,33493219.166666668,0,0.3511539016079062,,,
111,2026-03-29 01:50:02,deweloper,MSSQLSERVER,0.0,15762.0,6,0,0,6.09,232.8,8.0,201093117.0,9449,1,6,1,0.0,17.0,0.0,0.0,0.0,-1.0200000000000005,0.0,0.0,133802.0,60.0,0.0,0.0,15745.0,17.000000000220016,6.34333333333333,0.6765599258996438,232.8,0.0,8.0,0.0,200968271.3333333,120617.15047339574,9388.666666666666,60.50068870131365,0.0003863722877807,0.0147696992767415,33515519.5,0,0.3439047737704015,,,
112,2026-03-29 01:51:03,deweloper,MSSQLSERVER,0.0,15779.0,6,0,0,8.12,232.8,8.0,201200099.0,9510,1,6,1,0.0,17.0,0.0,0.0,0.0,2.03,0.0,0.0,106982.0,61.0,0.0,0.0,15762.0,17.000000000220016,7.106666666666662,1.0150041050820082,232.8,0.0,8.0,0.0,201084177.0,120640.6911700509,9449.333333333334,60.50068870131365,0.0005146080233221,0.0147537866784967,33533349.83333333,0,0.3513181504600797,,,
113,2026-03-29 01:52:04,deweloper,MSSQLSERVER,0.0,15800.0,6,0,0,7.68,232.8,8.0,201333652.0,9570,1,6,1,0.0,21.0,0.0,0.0,0.0,-0.4399999999999995,0.0,0.0,133553.0,60.0,0.0,0.0,15780.333333333334,19.03505538055524,7.296666666666662,1.067910732848644,232.8,0.0,8.0,0.0,201208956.0,120511.85167852826,9509.666666666666,60.50068870131365,0.000486075949367,0.0147341772151898,33555608.666666664,0,0.3532564864156012,,,
114,2026-03-29 01:53:04,deweloper,MSSQLSERVER,0.0,15817.0,6,0,0,6.6,232.8,8.0,201440634.0,9631,1,6,1,0.0,17.0,0.0,0.0,0.0,-1.08,0.0,0.0,106982.0,61.0,0.0,0.0,15798.666666666666,19.03505538055524,7.466666666666662,0.7821338333899948,232.8,0.0,8.0,0.0,201324795.0,120511.85167852826,9570.333333333334,60.50068870131365,0.000417272554846,0.0147183410254789,33573439.0,0,0.3480124955362332,,,
115,2026-03-29 01:54:05,deweloper,MSSQLSERVER,0.0,15836.0,6,0,0,7.58,194.5,8.0,201580711.0,9692,1,6,1,0.0,19.0,0.0,0.0,0.0,0.9800000000000004,-38.30000000000001,0.0,140077.0,61.0,0.0,0.0,15817.666666666666,18.00925687919472,7.286666666666662,0.5967690787342529,220.03333333333333,22.112515309962667,8.0,0.0,201451665.66666663,123898.38830397226,9631.0,60.99999999999918,0.0004786562263197,0.0122821419550391,33596785.166666664,0,0.369284735427856,,,
116,2026-03-29 01:55:06,deweloper,MSSQLSERVER,0.0,15853.0,6,0,0,6.28,232.8,8.0,201700975.0,9752,1,6,1,0.0,17.0,0.0,0.0,0.0,-1.2999999999999998,38.30000000000001,0.0,120264.0,60.0,0.0,0.0,15835.333333333334,18.00925687919472,6.819999999999996,0.6773477688750411,220.03333333333333,22.112515309962667,8.0,0.0,201574106.66666663,130296.09351904497,9691.666666666666,60.50068870131365,0.0003961395319497,0.0146849176811959,33616829.166666664,0,0.3488552342451655,,,
117,2026-03-29 01:56:07,deweloper,MSSQLSERVER,0.0,15870.0,6,0,0,6.48,232.8,8.0,201826203.0,9813,1,6,1,0.0,17.0,0.0,0.0,0.0,0.2000000000000001,0.0,0.0,125228.0,61.0,0.0,0.0,15853.0,17.000000000220016,6.779999999999997,0.6999999999999971,220.03333333333333,22.112515309962667,8.0,0.0,201702629.66666663,122754.36431885276,9752.333333333334,60.50068870131365,0.0004083175803402,0.0146691871455576,33637700.5,0,0.3407332948104199,,,
118,2026-03-29 01:57:07,deweloper,MSSQLSERVER,0.0,15891.0,6,0,0,6.07,232.8,8.0,201946551.0,9874,1,6,1,0.0,21.0,0.0,0.0,0.0,-0.4100000000000001,0.0,0.0,120348.0,61.0,0.0,0.0,15871.333333333334,19.03505538055524,6.276666666666663,0.2050203241957482,232.8,0.0,8.0,0.0,201824576.3333333,122796.08087934088,9813.0,60.99999999999918,0.0003819772198099,0.0146498017745893,33657758.5,0,0.3465804190678294,,,
119,2026-03-29 01:58:08,deweloper,MSSQLSERVER,0.0,15908.0,6,0,0,6.19,232.8,8.0,202066843.0,9935,1,6,1,0.0,17.0,0.0,0.0,0.0,0.1200000000000001,0.0,0.0,120292.0,61.0,0.0,0.0,15889.666666666666,19.03505538055524,6.246666666666663,0.2107921567168231,232.8,0.0,8.0,0.0,201946532.3333333,120320.0010942645,9874.0,60.99999999999918,0.0003891123962786,0.0146341463414634,33677807.166666664,0,0.3389606226730425,,,
120,2026-03-29 01:59:09,deweloper,MSSQLSERVER,0.0,15925.0,6,0,0,8.26,232.8,8.0,202187184.0,9996,1,6,1,0.0,17.0,0.0,0.0,0.0,2.0699999999999994,0.0,0.0,120341.0,61.0,0.0,0.0,15908.0,17.000000000220016,6.839999999999996,1.231218908236872,232.8,0.0,8.0,0.0,202066859.3333333,120316.5008397519,9935.0,60.99999999999918,0.0005186813186813,0.01461852433281,33697864.0,0,0.3439211963698017,,,
121,2026-03-29 03:00:09,deweloper,MSSQLSERVER,0.0,15942.0,6,0,0,6.44,232.8,8.0,202310234.0,10056,3,6,1,0.0,17.0,0.0,0.0,0.0,-1.82,0.0,0.0,123050.0,60.0,0.0,0.0,15925.0,17.000000000220016,6.9633333333333285,1.1298819997386134,232.8,0.0,8.0,0.0,202188087.0,121698.01263368186,9995.666666666666,60.50068870131365,0.0004039643708443,0.0146029356417011,33718372.333333336,0,0.3370884195869424,,,
122,2026-03-29 03:01:10,deweloper,MSSQLSERVER,0.0,15959.0,6,0,0,6.46,232.8,8.0,202431779.0,10117,3,6,1,0.0,17.0,0.0,0.0,0.0,0.0199999999999995,0.0,0.0,121545.0,61.0,0.0,0.0,15942.0,17.000000000220016,7.05333333333333,1.0450518328453036,232.8,0.0,8.0,0.0,202309732.3333333,122298.27169800976,10056.333333333334,60.50068870131365,0.0004047872673726,0.0145873801616642,33738629.833333336,0,0.3340988791453969,,,
123,2026-03-29 03:02:11,deweloper,MSSQLSERVER,0.0,15980.0,6,0,0,13.02,206.17,8.0,202552288.0,10178,3,6,1,0.0,21.0,0.0,0.0,0.0,6.56,-26.630000000000024,0.0,120509.0,61.0,0.0,0.0,15960.333333333334,19.03505538055524,8.639999999999995,3.793204450065932,223.9233333333333,15.374837668519753,8.0,0.0,202431433.66666663,121027.36951747816,10117.0,60.99999999999918,0.0008147684605757,0.0129017521902377,33758714.666666664,0,0.3661745397477891,,,
124,2026-03-29 03:03:11,deweloper,MSSQLSERVER,0.0,15997.0,6,0,0,6.01,232.8,8.0,202673882.0,10239,3,6,1,0.0,17.0,0.0,0.0,0.0,-7.01,26.630000000000024,0.0,121594.0,61.0,0.0,0.0,15978.666666666666,19.03505538055524,8.496666666666663,3.923777941389309,223.9233333333333,15.374837668519753,8.0,0.0,202552649.66666663,121051.905215581,10178.0,60.99999999999918,0.0003756954428955,0.0145527286366193,33778980.333333336,0,0.3471612156385813,,,
125,2026-03-29 03:04:12,deweloper,MSSQLSERVER,0.0,16014.0,6,0,0,6.55,232.8,8.0,202800325.0,10299,3,6,1,0.0,17.0,0.0,0.0,0.0,0.54,0.0,0.0,126443.0,60.0,0.0,0.0,15997.0,17.000000000220016,8.526666666666662,3.900696518999309,223.9233333333333,15.374837668519753,8.0,0.0,202675498.3333333,124026.39938465512,10238.666666666666,60.50068870131365,0.0004090171100287,0.0145372798801049,33800054.166666664,0,0.3401769376272541,,,
126,2026-03-29 03:05:13,deweloper,MSSQLSERVER,2.5,16031.0,6,0,0,6.21,232.8,8.0,202922821.0,10359,3,6,1,2.5,17.0,0.0,0.0,0.0,-0.3399999999999998,0.0,0.0,122496.0,60.0,0.8333333333333334,1.4433756729740643,16014.0,17.000000000220016,6.256666666666663,0.2730079363925519,232.8,0.0,8.0,0.0,202799009.3333333,124474.71496782042,10299.0,59.99999999999963,0.0003873744619799,0.0145218638887156,33820470.166666664,1,0.5322429795105683,Brak silnego odchylenia względem rolling mean,,
127,2026-03-29 03:06:14,deweloper,MSSQLSERVER,0.0,16048.0,6,0,0,6.6,232.8,8.0,203044294.0,10420,3,6,1,-2.5,17.0,0.0,0.0,0.0,0.3899999999999997,0.0,0.0,121473.0,61.0,0.8333333333333334,1.4433756729740643,16031.0,17.000000000220016,6.453333333333329,0.2122105872319287,232.8,0.0,8.0,0.0,202922480.0,121984.85747413844,10359.333333333334,60.50068870131365,0.0004112662013958,0.014506480558325,33840715.666666664,1,0.4806576296324997,Brak silnego odchylenia względem rolling mean,,
128,2026-03-29 03:07:14,deweloper,MSSQLSERVER,0.0,16069.0,6,0,0,6.11,232.8,8.0,203166057.0,10482,3,6,1,0.0,21.0,0.0,0.0,0.0,-0.4899999999999993,0.0,0.0,121763.0,62.0,0.8333333333333334,1.4433756729740643,16049.333333333334,19.03505538055524,6.306666666666662,0.2589079630550585,232.8,0.0,8.0,0.0,203044390.66666663,121618.02882105972,10420.333333333334,61.50067750304224,0.0003802352355467,0.0144875225589644,33861009.5,0,0.4338980334327013,,,
129,2026-03-29 03:08:15,deweloper,MSSQLSERVER,0.0,16086.0,6,0,0,6.59,232.8,8.0,203287148.0,10542,3,6,1,0.0,17.0,0.0,0.0,0.0,0.4799999999999995,0.0,0.0,121091.0,60.0,0.0,0.0,16067.666666666666,19.03505538055524,6.433333333333329,0.2800595174839088,232.8,0.0,8.0,0.0,203165833.0,121427.15496538526,10481.333333333334,61.002732179248746,0.0004096730075842,0.0144722118612458,33881191.333333336,0,0.335723819292087,,,
130,2026-03-29 03:09:16,deweloper,MSSQLSERVER,0.0,16103.0,6,0,0,7.44,232.8,8.0,203418924.0,10603,3,6,1,0.0,17.0,0.0,0.0,0.0,0.8500000000000005,0.0,0.0,131776.0,61.0,0.0,0.0,16086.0,17.000000000220016,6.7133333333333285,0.6735230755759749,232.8,0.0,8.0,0.0,203290709.66666663,126471.1193368746,10542.333333333334,60.50068870131228,0.0004620257094951,0.0144569334906539,33903154.0,0,0.3377309080746294,,,
131,2026-03-29 03:10:16,deweloper,MSSQLSERVER,0.0,16120.0,6,0,0,6.13,232.8,8.0,203540273.0,10664,3,6,1,0.0,17.0,0.0,0.0,0.0,-1.3100000000000005,0.0,0.0,121349.0,61.0,0.0,0.0,16103.0,17.000000000220016,6.719999999999996,0.6646051459325207,232.8,0.0,8.0,0.0,203415448.3333333,126598.2883072357,10603.0,60.99999999999782,0.0003802729528535,0.0144416873449131,33923378.833333336,0,0.3333096599904891,,,
132,2026-03-29 03:11:17,deweloper,MSSQLSERVER,0.0,16137.0,6,0,0,6.04,232.8,8.0,203661923.0,10724,3,6,1,0.0,17.0,0.0,0.0,0.0,-0.0899999999999998,0.0,0.0,121650.0,60.0,0.0,0.0,16120.0,17.000000000220016,6.536666666666663,0.7836027905344133,232.8,0.0,8.0,0.0,203540373.3333333,121499.53107860174,10663.666666666666,60.50068870131228,0.0003742950982214,0.0144264733221788,33943653.833333336,0,0.334922934784027,,,
133,2026-03-29 03:12:18,deweloper,MSSQLSERVER,0.0,16158.0,6,0,0,7.91,232.8,8.0,203789948.0,10784,3,6,1,0.0,21.0,0.0,0.0,0.0,1.87,0.0,0.0,128025.0,60.0,0.0,0.0,16138.333333333334,19.03505538055524,6.693333333333329,1.0546247357867728,232.8,0.0,8.0,0.0,203664048.0,124851.06377995292,10724.0,59.999999999998245,0.0004895407847505,0.0144077237281841,33964991.333333336,0,0.3504355890589465,,,
134,2026-03-29 03:13:19,deweloper,MSSQLSERVER,0.0,16175.0,6,0,0,5.92,232.8,8.0,203911251.0,10845,3,6,1,0.0,17.0,0.0,0.0,0.0,-1.99,0.0,0.0,121303.0,61.0,0.0,0.0,16156.666666666666,19.03505538055524,6.62333333333333,1.1159002344893203,232.8,0.0,8.0,0.0,203787707.3333333,124679.10144975496,10784.333333333334,60.50068870131228,0.0003659969088098,0.0143925811437403,33985208.5,0,0.3337285936750968,,,
135,2026-03-29 03:14:19,deweloper,MSSQLSERVER,0.0,16192.0,6,0,0,6.17,232.8,8.0,204032268.0,10906,3,6,1,0.0,17.0,0.0,0.0,0.0,0.25,0.0,0.0,121017.0,61.0,0.0,0.0,16175.0,17.000000000220016,6.666666666666662,1.0839895448450232,232.8,0.0,8.0,0.0,203911155.66666663,121160.02813765872,10845.0,60.99999999999782,0.0003810523715415,0.0143774703557312,34005378.0,0,0.3329974294698312,,,
136,2026-03-29 03:15:20,deweloper,MSSQLSERVER,0.0,16209.0,6,0,0,6.12,232.8,8.0,204153724.0,10967,3,6,1,0.0,17.0,0.0,0.0,0.0,-0.0499999999999998,0.0,0.0,121456.0,61.0,0.0,0.0,16192.0,17.000000000220016,6.069999999999996,0.1322875655531712,232.8,0.0,8.0,0.0,204032414.3333333,121236.56624269036,10906.0,60.99999999999782,0.0003775680177679,0.0143623912641125,34025620.666666664,0,0.3343808243108887,,,
137,2026-03-29 03:16:21,deweloper,MSSQLSERVER,0.0,16226.0,6,0,0,6.82,232.8,8.0,204274844.0,11028,3,6,1,0.0,17.0,0.0,0.0,0.0,0.7000000000000002,0.0,0.0,121120.0,61.0,0.0,0.0,16209.0,17.000000000220016,6.3699999999999966,0.3905124837953149,232.8,0.0,8.0,0.0,204153612.0,121288.03879189413,10967.0,60.99999999999782,0.0004203130777764,0.0143473437692592,34045807.333333336,0,0.3346970412928892,,,
138,2026-03-29 03:17:21,deweloper,MSSQLSERVER,0.0,16249.0,6,0,0,6.72,232.8,8.0,204396208.0,11088,3,6,1,0.0,23.0,0.0,0.0,0.0,-0.1000000000000005,0.0,0.0,121364.0,60.0,0.0,0.0,16228.0,20.074859900071047,6.55333333333333,0.3785938897200012,232.8,0.0,8.0,0.0,204274925.3333333,121242.02046863308,11027.666666666666,60.50068870131228,0.0004135639116253,0.0143270355098775,34066034.666666664,0,0.3542853806831081,,,
139,2026-03-29 03:18:22,deweloper,MSSQLSERVER,0.0,16266.0,6,0,0,6.83,232.8,8.0,204517773.0,11149,3,6,1,0.0,17.0,0.0,0.0,0.0,0.1100000000000003,0.0,0.0,121565.0,61.0,0.0,0.0,16247.0,20.074859900071047,6.789999999999996,0.0608276253028913,232.8,0.0,8.0,0.0,204396275.0,121464.51386714644,11088.333333333334,60.50068870131228,0.0004198942579613,0.0143120619697528,34086295.5,0,0.3335570100821489,,,
140,2026-03-29 03:19:23,deweloper,MSSQLSERVER,0.0,16283.0,6,0,0,6.32,232.8,8.0,204639071.0,11210,3,6,1,0.0,17.0,0.0,0.0,0.0,-0.5099999999999998,0.0,0.0,121298.0,61.0,0.0,0.0,16266.0,17.000000000220016,6.623333333333329,0.2683902631119854,232.8,0.0,8.0,0.0,204517684.0,121431.52446948118,11149.0,60.99999999999782,0.0003881348645826,0.0142971196953878,34106511.833333336,0,0.3342033454475984,,,
141,2026-03-29 03:20:23,deweloper,MSSQLSERVER,0.0,16300.0,6,0,0,6.25,232.8,8.0,204760344.0,11270,3,6,1,0.0,17.0,0.0,0.0,0.0,-0.0700000000000002,0.0,0.0,121273.0,60.0,0.0,0.0,16283.0,17.000000000220016,6.466666666666662,0.3165964834506528,232.8,0.0,8.0,0.0,204639062.66666663,121285.50022288915,11209.666666666666,60.50068870131228,0.000383435582822,0.014282208588957,34126724.0,0,0.3359263449936994,,,
142,2026-03-29 03:21:24,deweloper,MSSQLSERVER,0.0,16317.0,5,0,0,6.05,232.8,8.0,204886671.0,11331,3,6,1,0.0,17.0,-1.0,0.0,0.0,-0.2000000000000001,0.0,0.0,126327.0,61.0,0.0,0.0,16300.0,17.000000000220016,6.206666666666663,0.140118997046502,232.8,0.0,8.0,0.0,204762028.66666663,123808.59654449798,11270.333333333334,60.50068870131228,0.0003707789422075,0.0142673285530428,40977334.2,0,0.4158907664602534,,,
143,2026-03-29 03:22:25,deweloper,MSSQLSERVER,0.0,16338.0,6,0,0,6.71,232.8,8.0,205006725.0,11392,3,6,1,0.0,21.0,1.0,0.0,0.0,0.6600000000000001,0.0,0.0,120054.0,61.0,0.0,0.0,16318.333333333334,19.03505538055524,6.336666666666663,0.3384277372398995,232.8,0.0,8.0,0.0,204884580.0,123203.80880064488,11331.0,60.99999999999782,0.0004106989839637,0.0142489900844656,34167787.5,0,0.3935857044516383,,,
144,2026-03-29 03:23:25,deweloper,MSSQLSERVER,0.0,16355.0,6,0,0,5.95,232.8,8.0,205128037.0,11453,3,6,1,0.0,17.0,0.0,0.0,0.0,-0.7599999999999998,0.0,0.0,121312.0,61.0,0.0,0.0,16336.666666666666,19.03505538055524,6.236666666666662,0.4129568177586099,232.8,0.0,8.0,0.0,205007144.3333333,120683.54639849748,11392.0,60.99999999999782,0.0003638031183124,0.014234179150107,34188006.166666664,0,0.3345588960781484,,,
145,2026-03-29 03:24:26,deweloper,MSSQLSERVER,0.0,16372.0,6,0,0,6.11,232.8,8.0,205249095.0,11513,3,6,1,0.0,17.0,0.0,0.0,0.0,0.1600000000000001,0.0,0.0,121058.0,60.0,0.0,0.0,16355.0,17.000000000220016,6.256666666666663,0.400666112035093,232.8,0.0,8.0,0.0,205127952.3333333,121185.02219051863,11452.666666666666,60.50068870131228,0.0003731981431712,0.0142193989738578,34208182.5,0,0.3359957474041782,,,
146,2026-03-29 03:25:27,deweloper,MSSQLSERVER,0.0,16389.0,6,0,0,5.93,232.8,8.0,205370814.0,11573,3,6,1,0.0,17.0,0.0,0.0,0.0,-0.1800000000000006,0.0,0.0,121719.0,60.0,0.0,0.0,16372.0,17.000000000220016,5.996666666666663,0.0986576572462355,232.8,0.0,8.0,0.0,205249315.3333333,121388.6499814323,11513.0,59.999999999998245,0.000361828055403,0.0142046494600036,34228469.0,0,0.336772532831759,,,
147,2026-03-29 03:26:27,deweloper,MSSQLSERVER,0.0,16406.0,6,0,0,5.93,232.8,8.0,205492131.0,11634,3,6,1,0.0,17.0,0.0,0.0,0.0,0.0,0.0,0.0,121317.0,61.0,0.0,0.0,16389.0,17.000000000220016,5.989999999999996,0.1039230484540476,232.8,0.0,8.0,0.0,205370680.0,121518.05541968012,11573.333333333334,60.50068870131228,0.0003614531269047,0.0141899305132268,34248688.5,0,0.3342899427123716,,,
148,2026-03-29 03:27:29,deweloper,MSSQLSERVER,0.0,16427.0,6,0,0,13.2,232.8,8.0,205618296.0,11696,3,6,1,0.0,21.0,0.0,0.0,0.0,7.27,0.0,0.0,126165.0,62.0,0.0,0.0,16407.333333333332,19.035055380555946,8.35333333333333,4.197336457008579,232.8,0.0,8.0,0.0,205493747.0,123748.91383353814,11634.333333333334,61.50067750304088,0.0008035551226639,0.0141717903451634,34269716.0,0,0.3618249999115745,,,
149,2026-03-29 03:28:31,deweloper,MSSQLSERVER,0.0,16444.0,6,0,0,26.74,232.8,8.0,205741805.0,11757,3,6,1,0.0,17.0,0.0,0.0,0.0,13.54,0.0,0.0,123509.0,61.0,0.0,0.0,16425.666666666668,19.035055380555946,15.289999999999994,10.5612546603138,232.8,0.0,8.0,0.0,205617410.66666663,124839.3545013539,11695.666666666666,61.50067750304088,0.0016261250304062,0.0141571393821454,34290300.833333336,0,0.4134565161485563,,,
150,2026-03-29 03:29:31,deweloper,MSSQLSERVER,0.0,16461.0,6,0,0,6.28,232.8,8.0,205863300.0,11818,3,6,1,0.0,17.0,0.0,0.0,0.0,-20.46,0.0,0.0,121495.0,61.0,0.0,0.0,16444.0,17.000000000220016,15.40666666666666,10.406965616034933,232.8,0.0,8.0,0.0,205741133.66666663,122503.37963630454,11757.0,60.99999999999782,0.0003815078063301,0.0141425186805175,34310550.0,0,0.3646763125945415,,,
151,2026-03-29 03:30:32,deweloper,MSSQLSERVER,0.0,16478.0,6,0,0,7.18,232.8,8.0,205985186.0,11879,3,6,1,0.0,17.0,0.0,0.0,0.0,0.8999999999999995,0.0,0.0,121886.0,61.0,0.0,0.0,16461.0,17.000000000220016,13.399999999999991,11.561539689851,232.8,0.0,8.0,0.0,205863430.3333333,121690.5523543901,11818.0,60.99999999999782,0.0004357324918072,0.0141279281466197,34330864.333333336,0,0.3462591823499428,,,
152,2026-03-29 03:31:33,deweloper,MSSQLSERVER,0.0,16499.0,6,0,0,11.7,206.17,8.0,206122977.0,11940,3,6,1,0.0,21.0,0.0,0.0,0.0,4.52,-26.630000000000024,0.0,137791.0,61.0,0.0,0.0,16479.333333333332,19.035055380555946,8.386666666666661,2.904502252251377,223.9233333333333,15.374837668519753,8.0,0.0,205990487.66666663,129919.65531172194,11879.0,60.99999999999782,0.0007091338869022,0.0124959088429601,34353829.5,0,0.3699727596483281,,,
153,2026-03-29 03:32:34,deweloper,MSSQLSERVER,0.0,16516.0,6,0,0,8.1,232.8,8.0,206227617.0,12001,3,6,1,0.0,17.0,0.0,0.0,0.0,-3.6,26.630000000000024,0.0,104640.0,61.0,0.0,0.0,16497.666666666668,19.035055380555946,8.993333333333327,2.388751417233139,223.9233333333333,15.374837668519753,8.0,0.0,206111926.66666663,121592.68005237178,11940.0,60.99999999999782,0.0004904335190118,0.0140954226204892,34371269.5,0,0.3598582530087079,,,
154,2026-03-29 03:33:34,deweloper,MSSQLSERVER,0.0,16533.0,6,0,0,8.4,232.8,8.0,206366651.0,12062,3,6,1,0.0,17.0,0.0,0.0,0.0,0.3000000000000007,0.0,0.0,139034.0,61.0,0.0,0.0,16516.0,17.000000000220016,9.399999999999997,1.997498435543817,223.9233333333333,15.374837668519753,8.0,0.0,206239081.66666663,122240.88312557442,12001.0,60.99999999999782,0.0005080747595717,0.0140809290509889,34394441.833333336,0,0.3474799933905473,,,
155,2026-03-29 03:34:35,deweloper,MSSQLSERVER,0.0,16550.0,6,0,0,7.71,232.8,8.0,206476725.0,12122,3,6,1,0.0,17.0,0.0,0.0,0.0,-0.6900000000000004,0.0,0.0,110074.0,60.0,0.0,0.0,16533.0,17.000000000220016,8.069999999999995,0.3459768778401144,232.8,0.0,8.0,0.0,206356997.66666663,124834.24630814296,12061.666666666666,60.50068870131228,0.0004658610271903,0.0140664652567975,34412787.5,0,0.3407114734852646,,,
156,2026-03-29 03:35:36,deweloper,MSSQLSERVER,0.0,16567.0,6,0,0,6.61,232.8,8.0,206616182.0,12183,3,6,1,0.0,17.0,0.0,0.0,0.0,-1.0999999999999996,0.0,0.0,139457.0,61.0,0.0,0.0,16550.0,17.000000000220016,7.573333333333328,0.9027919657004734,232.8,0.0,8.0,0.0,206486519.3333333,125053.49541824932,12122.333333333334,60.50068870131228,0.0003989859358966,0.0140520311462546,34436030.333333336,0,0.3399827776669257,,,
157,2026-03-29 03:36:36,deweloper,MSSQLSERVER,0.0,16588.0,6,0,0,13.1,232.5,8.0,206721050.0,12243,3,6,1,0.0,21.0,0.0,0.0,0.0,6.489999999999999,-0.3000000000000113,0.0,104868.0,60.0,0.0,0.0,16568.333333333332,19.035055380555946,9.139999999999995,3.473283748846327,232.7,0.1732050807568984,8.0,0.0,206604652.3333333,122569.8834066523,12182.666666666666,60.50068870131228,0.0007897275138654,0.0140161562575355,34453508.333333336,0,0.3768989636153015,,,
158,2026-03-29 03:37:37,deweloper,MSSQLSERVER,0.0,16605.0,6,0,0,6.11,232.8,8.0,206859428.0,12304,3,6,1,0.0,17.0,0.0,0.0,0.0,-6.989999999999999,0.3000000000000113,0.0,138378.0,61.0,0.0,0.0,16586.666666666668,19.035055380555946,8.606666666666662,3.899363195873568,232.7,0.1732050807568984,8.0,0.0,206732220.0,122007.0932609496,12243.333333333334,60.50068870131228,0.0003679614573923,0.0140198735320686,34476571.333333336,0,0.344776558402253,,,
159,2026-03-29 03:38:38,deweloper,MSSQLSERVER,0.0,16622.0,6,0,0,6.02,232.8,8.0,206964390.0,12363,3,6,1,0.0,17.0,0.0,0.0,0.0,-0.0900000000000007,0.0,0.0,104962.0,59.0,0.0,0.0,16605.0,17.000000000220016,8.409999999999995,4.061908418465388,232.7,0.1732050807568984,8.0,0.0,206848289.3333333,122051.79770621374,12303.333333333334,60.0027777134779,0.0003621706172542,0.0140055348333533,34494065.0,0,0.3561381318218322,,,
160,2026-03-29 03:39:40,deweloper,MSSQLSERVER,0.0,16639.0,6,0,0,6.77,232.8,8.0,207105001.0,12426,3,6,1,0.0,17.0,0.0,0.0,0.0,0.75,0.0,0.0,140611.0,63.0,0.0,0.0,16622.0,17.000000000220016,6.2999999999999945,0.4095119045888489,232.8,0.0,8.0,0.0,206976273.0,123216.9990341602,12364.333333333334,61.01092798288668,0.0004068754131858,0.0139912254342208,34517500.166666664,0,0.3515562401057055,,,
161,2026-03-29 03:40:41,deweloper,MSSQLSERVER,0.0,16656.0,6,0,0,6.9,232.8,8.0,207214856.0,12487,3,6,1,0.0,17.0,0.0,0.0,0.0,0.1300000000000007,0.0,0.0,109855.0,61.0,0.0,0.0,16639.0,17.000000000220016,6.563333333333329,0.475008771848817,232.8,0.0,8.0,0.0,207094749.0,125547.32939805705,12425.333333333334,62.00268811376591,0.0004142651296829,0.0139769452449567,34535809.333333336,0,0.3365863809547412,,,
162,2026-03-29 03:41:42,deweloper,MSSQLSERVER,0.0,16677.0,6,0,0,13.3,206.17,8.0,207357688.0,12548,3,6,1,0.0,21.0,0.0,0.0,0.0,6.4,-26.630000000000024,0.0,142832.0,61.0,0.0,0.0,16657.333333333332,19.035055380555946,8.989999999999997,3.733135411420272,223.9233333333333,15.374837668519753,8.0,0.0,207225848.3333333,126701.63194811891,12487.0,60.99999999999645,0.0007975055465611,0.0123625352281585,34559614.666666664,0,0.3763612044668657,,,
163,2026-03-29 03:42:42,deweloper,MSSQLSERVER,0.0,16694.0,6,0,0,5.7,232.8,8.0,207462749.0,12609,3,6,1,0.0,17.0,0.0,0.0,0.0,-7.6,26.630000000000024,0.0,105061.0,61.0,0.0,0.0,16675.666666666668,19.035055380555946,8.63333333333333,4.085747585611884,223.9233333333333,15.374837668519753,8.0,0.0,207345097.66666663,124425.16720630343,12548.0,60.99999999999645,0.0003414400383371,0.0139451299868216,34577124.833333336,0,0.3567681507066329,,,
164,2026-03-29 03:43:43,deweloper,MSSQLSERVER,0.0,16711.0,6,0,0,10.4,232.8,8.0,207603297.0,12670,3,6,1,0.0,17.0,0.0,0.0,0.0,4.7,0.0,0.0,140548.0,61.0,0.0,0.0,16694.0,17.000000000220016,9.799999999999995,3.835361782153022,223.9233333333333,15.374837668519753,8.0,0.0,207474578.0,123231.03973019218,12609.0,60.99999999999645,0.0006223445634611,0.0139309436897851,34600549.5,0,0.352805532843442,,,
165,2026-03-29 03:44:44,deweloper,MSSQLSERVER,0.0,16728.0,6,0,0,6.46,232.8,8.0,207710088.0,12730,3,6,1,0.0,17.0,0.0,0.0,0.0,-3.94,0.0,0.0,106791.0,60.0,0.0,0.0,16711.0,17.000000000220016,7.519999999999996,2.5229347989989765,232.8,0.0,8.0,0.0,207592044.66666663,124052.83747790058,12669.666666666666,60.5006887013109,0.0003861788617886,0.0139167862266857,34618348.0,0,0.3441624769699132,,,
166,2026-03-29 03:45:45,deweloper,MSSQLSERVER,0.0,16745.0,6,0,0,5.86,232.8,8.0,207849627.0,12791,3,6,1,0.0,17.0,0.0,0.0,0.0,-0.5999999999999996,0.0,0.0,139539.0,61.0,0.0,0.0,16728.0,17.000000000220016,7.57333333333333,2.4662792488551126,232.8,0.0,8.0,0.0,207721004.0,123527.27034540204,12730.333333333334,60.5006887013109,0.0003499552105106,0.0139026575097043,34641604.5,0,0.3382550031592132,,,
167,2026-03-29 03:46:45,deweloper,MSSQLSERVER,0.0,16766.0,6,0,0,5.66,232.8,8.0,207954773.0,12852,3,6,1,0.0,21.0,0.0,0.0,0.0,-0.2000000000000001,0.0,0.0,105146.0,61.0,0.0,0.0,16746.333333333332,19.035055380555946,5.993333333333329,0.4163331998932327,232.8,0.0,8.0,0.0,207838162.66666663,122744.69647329063,12791.0,60.99999999999645,0.000337587975665,0.0138852439460813,34659128.833333336,0,0.3532223704771796,,,
168,2026-03-29 03:47:46,deweloper,MSSQLSERVER,0.0,16783.0,6,0,0,5.93,232.8,8.0,208107565.0,12912,3,6,1,0.0,17.0,0.0,0.0,0.0,0.2699999999999996,0.0,0.0,152792.0,60.0,0.0,0.0,16764.666666666668,19.035055380555946,5.816666666666662,0.1401189970465759,232.8,0.0,8.0,0.0,207970655.0,129700.35237418544,12851.666666666666,60.5006887013109,0.0003533337305606,0.0138711791693976,34684594.166666664,0,0.3596400184298534,,,
169,2026-03-29 03:48:47,deweloper,MSSQLSERVER,0.0,16800.0,6,0,0,5.68,232.8,8.0,208234458.0,12974,3,6,1,0.0,17.0,0.0,0.0,0.0,-0.25,0.0,0.0,126893.0,62.0,0.0,0.0,16783.0,17.000000000220016,5.7566666666666615,0.1504437879519735,232.8,0.0,8.0,0.0,208098932.0,140042.21265385614,12912.666666666666,61.00273217924738,0.0003380952380952,0.0138571428571428,34705743.0,0,0.3362381011113532,,,
170,2026-03-29 03:49:47,deweloper,MSSQLSERVER,0.0,16817.0,6,0,0,5.72,232.8,8.0,208357334.0,13034,3,6,1,0.0,17.0,0.0,0.0,0.0,0.04,0.0,0.0,122876.0,60.0,0.0,0.0,16800.0,17.000000000220016,5.776666666666661,0.13428824718991,232.8,0.0,8.0,0.0,208233119.0,124889.88362949126,12973.333333333334,61.00273217924738,0.0003401320092763,0.0138431349229945,34726222.333333336,0,0.3341113316238288,,,
171,2026-03-29 03:50:48,deweloper,MSSQLSERVER,0.0,16834.0,6,0,0,5.7,232.8,8.0,208484969.0,13095,3,6,1,0.0,17.0,0.0,0.0,0.0,-0.0199999999999995,0.0,0.0,127635.0,61.0,0.0,0.0,16817.0,17.000000000220016,5.699999999999996,0.0200000000001255,232.8,0.0,8.0,0.0,208358920.3333333,125263.03374228271,13034.333333333334,60.5006887013109,0.0003386004514672,0.0138291552809789,34747494.833333336,0,0.3317335764210019,,,
172,2026-03-29 03:51:48,deweloper,MSSQLSERVER,0.0,16855.0,6,0,0,15.65,30.0,8.0,208608176.0,13155,3,6,1,0.0,21.0,0.0,0.0,0.0,9.95,-202.8,0.0,123207.0,60.0,0.0,0.0,16835.333333333332,19.035055380555946,9.023333333333328,5.738870388267481,165.20000000000002,117.0866345916561,8.0,0.0,208483493.0,125427.51362833436,13094.666666666666,60.5006887013109,0.0009285078611687,0.0017798872738059,34768029.333333336,1,0.4798077897368139,Średnie logical reads niższe od lokalnej normy (-81.8%),Średni czas zapytań wyższe od lokalnej normy (+73.4%),
173,2026-03-29 03:52:49,deweloper,MSSQLSERVER,0.0,16872.0,6,0,0,5.67,232.8,8.0,208730033.0,13216,3,6,1,0.0,17.0,0.0,0.0,0.0,-9.98,202.8,0.0,121857.0,61.0,0.0,0.0,16853.666666666668,19.035055380555946,9.006666666666662,5.753314986452014,165.20000000000002,117.0866345916561,8.0,0.0,208607726.0,122532.61974260568,13155.333333333334,60.5006887013109,0.0003360597439544,0.0137980085348506,34788338.833333336,0,0.3834747245718078,,,
174,2026-03-29 03:53:50,deweloper,MSSQLSERVER,0.0,16889.0,6,0,0,5.75,232.8,8.0,208862192.0,13277,3,6,1,0.0,17.0,0.0,0.0,0.0,0.08,0.0,0.0,132159.0,61.0,0.0,0.0,16872.0,17.000000000220016,9.023333333333328,5.739001074519271,165.20000000000002,117.0866345916561,8.0,0.0,208733467.0,127042.81299225864,13216.0,60.99999999999645,0.0003404582864586,0.0137841198413168,34810365.333333336,0,0.3506144074651001,,,
175,2026-03-29 03:54:50,deweloper,MSSQLSERVER,0.0,16906.0,6,0,0,5.63,232.8,8.0,208983478.0,13337,3,6,1,0.0,17.0,0.0,0.0,0.0,-0.1200000000000001,0.0,0.0,121286.0,60.0,0.0,0.0,16889.0,17.000000000220016,5.683333333333329,0.0611010092662812,232.8,0.0,8.0,0.0,208858567.66666663,126761.36577175344,13276.666666666666,60.5006887013109,0.0003330178634804,0.0137702590796167,34830579.666666664,0,0.3328237611666317,,,
176,2026-03-29 03:55:51,deweloper,MSSQLSERVER,0.0,16923.0,6,0,0,5.77,232.8,8.0,209105558.0,13398,3,6,1,0.0,17.0,0.0,0.0,0.0,0.1399999999999996,0.0,0.0,122080.0,61.0,0.0,0.0,16906.0,17.000000000220016,5.7166666666666615,0.0757187779441662,232.8,0.0,8.0,0.0,208983742.66666663,121683.21588173996,13337.333333333334,60.5006887013109,0.0003409560952549,0.0137564261655734,34850926.333333336,0,0.329306712360783,,,
177,2026-03-29 03:56:52,deweloper,MSSQLSERVER,0.0,16944.0,6,0,0,18.37,232.5,8.0,209226778.0,13458,3,6,1,0.0,21.0,0.0,0.0,0.0,12.6,-0.3000000000000113,0.0,121220.0,60.0,0.0,0.0,16924.333333333332,19.035055380555946,9.923333333333328,7.3153628299171425,232.7,0.1732050807568984,8.0,0.0,209105271.3333333,121650.25333028342,13397.666666666666,60.5006887013109,0.0010841595845136,0.0137216713881019,34871129.666666664,0,0.384600949156556,,,
178,2026-03-29 03:57:52,deweloper,MSSQLSERVER,0.0,16961.0,6,0,0,5.68,232.8,8.0,209348612.0,13519,3,6,1,0.0,17.0,0.0,0.0,0.0,-12.69,0.3000000000000113,0.0,121834.0,61.0,0.0,0.0,16942.666666666668,19.035055380555946,9.939999999999996,7.300732839927785,232.7,0.1732050807568984,8.0,0.0,209226982.66666663,121527.12926471246,13458.333333333334,60.5006887013109,0.0003348859147455,0.0137256058015447,34891435.333333336,0,0.3430181250817687,,,
179,2026-03-29 03:58:53,deweloper,MSSQLSERVER,0.0,16978.0,6,0,0,5.58,232.8,8.0,209471107.0,13579,3,6,1,0.0,17.0,0.0,0.0,0.0,-0.0999999999999996,0.0,0.0,122495.0,60.0,0.0,0.0,16961.0,17.000000000220016,9.876666666666663,7.355612369703379,232.7,0.1732050807568984,8.0,0.0,209348832.3333333,122164.64902876824,13518.666666666666,60.5006887013109,0.0003286606196253,0.0137118624101778,34911851.166666664,0,0.3350903569735518,,,
180,2026-03-29 03:59:53,deweloper,MSSQLSERVER,0.0,16995.0,6,0,0,5.58,232.8,8.0,209594892.0,13640,3,6,1,0.0,17.0,0.0,0.0,0.0,0.0,0.0,0.0,123785.0,61.0,0.0,0.0,16978.0,17.000000000220016,5.613333333333329,0.0577350269194981,232.8,0.0,8.0,0.0,209471537.0,123140.56308539394,13579.333333333334,60.5006887013109,0.0003283318623124,0.0136981465136804,34932482.0,0,0.331780875872532,,,
181,2026-03-29 04:00:55,deweloper,MSSQLSERVER,0.0,17012.0,6,0,0,6.34,232.8,8.0,209721600.0,13701,4,6,1,0.0,17.0,0.0,0.0,0.0,0.7599999999999998,0.0,0.0,126708.0,61.0,0.0,0.0,16995.0,17.000000000220016,5.833333333333329,0.4387862045841834,232.8,0.0,8.0,0.0,209595866.3333333,125249.3423468574,13640.0,60.99999999999645,0.0003726781095697,0.0136844580296261,34953600.0,0,0.3284726555769503,,,
182,2026-03-29 04:01:55,deweloper,MSSQLSERVER,0.0,17033.0,6,0,0,5.84,232.8,8.0,209846265.0,13763,4,6,1,0.0,21.0,0.0,0.0,0.0,-0.5,0.0,0.0,124665.0,62.0,0.0,0.0,17013.333333333332,19.035055380555946,5.919999999999995,0.3862641583166353,232.8,0.0,8.0,0.0,209720919.0,125687.88368409273,13701.333333333334,61.50067750303953,0.0003428638525215,0.0136675864498326,34974377.5,0,0.3395875616783406,,,
183,2026-03-29 04:02:56,deweloper,MSSQLSERVER,0.0,17050.0,6,0,0,5.62,232.8,8.0,209971739.0,13823,4,6,1,0.0,17.0,0.0,0.0,0.0,-0.2199999999999997,0.0,0.0,125474.0,60.0,0.0,0.0,17031.666666666668,19.035055380555946,5.933333333333329,0.3689625093873249,232.8,0.0,8.0,0.0,209846534.66666663,125069.71804685691,13762.333333333334,61.00273217924602,0.0003296187683284,0.0136539589442815,34995289.833333336,0,0.3305504745286801,,,
184,2026-03-29 04:03:57,deweloper,MSSQLSERVER,0.0,17067.0,6,0,0,5.76,232.8,8.0,210100769.0,13884,4,6,1,0.0,17.0,0.0,0.0,0.0,0.1399999999999996,0.0,0.0,129030.0,61.0,0.0,0.0,17050.0,17.000000000220016,5.739999999999995,0.1113552872568687,232.8,0.0,8.0,0.0,209972924.3333333,127256.1403914179,13823.333333333334,60.50068870130952,0.0003374934083318,0.0136403585867463,35016794.833333336,0,0.3292660769491843,,,
185,2026-03-29 04:04:57,deweloper,MSSQLSERVER,0.0,17084.0,6,0,0,5.77,232.8,8.0,210221605.0,13944,4,6,1,0.0,17.0,0.0,0.0,0.0,0.0099999999999997,0.0,0.0,120836.0,60.0,0.0,0.0,17067.0,17.000000000220016,5.7166666666666615,0.0838649708364178,232.8,0.0,8.0,0.0,210098037.66666663,124955.3905492686,13883.666666666666,60.50068870130952,0.0003377429173495,0.0136267852961835,35036934.166666664,0,0.3307140666413831,,,
186,2026-03-29 04:05:58,deweloper,MSSQLSERVER,0.0,17101.0,6,0,0,5.6,232.8,8.0,210345672.0,14005,4,6,1,0.0,17.0,0.0,0.0,0.0,-0.1699999999999999,0.0,0.0,124067.0,61.0,0.0,0.0,17084.0,17.000000000220016,5.709999999999995,0.0953939201420088,232.8,0.0,8.0,0.0,210222682.0,122455.0521660411,13944.333333333334,60.50068870130952,0.000327466230045,0.0136132389918718,35057612.0,0,0.3287265599307969,,,
187,2026-03-29 04:06:59,deweloper,MSSQLSERVER,0.0,17122.0,6,0,0,13.45,232.5,8.0,210466828.0,14066,4,6,1,0.0,21.0,0.0,0.0,0.0,7.85,-0.3000000000000113,0.0,121156.0,61.0,0.0,0.0,17102.333333333332,19.035055380555946,8.273333333333328,4.483930567407726,232.7,0.1732050807568984,8.0,0.0,210344701.66666663,122614.37963926618,14005.0,60.99999999999509,0.0007855390725382,0.0135790211423899,35077804.666666664,0,0.3606629195652687,,,
188,2026-03-29 04:08:01,deweloper,MSSQLSERVER,0.0,17139.0,6,0,0,6.7,232.8,8.0,210606925.0,14128,4,6,1,0.0,17.0,0.0,0.0,0.0,-6.749999999999999,0.3000000000000113,0.0,140097.0,62.0,0.0,0.0,17120.666666666668,19.035055380555946,8.583333333333329,4.25039213877183,232.7,0.1732050807568984,8.0,0.0,210473141.66666663,130740.88608512645,14066.333333333334,61.500677503038176,0.0003909212906237,0.0135830561876422,35101154.166666664,0,0.3468244007122358,,,
189,2026-03-29 04:09:02,deweloper,MSSQLSERVER,0.0,17156.0,6,0,0,6.03,232.8,8.0,210721406.0,14189,4,6,1,0.0,17.0,0.0,0.0,0.0,-0.6699999999999999,0.0,0.0,114481.0,61.0,0.0,0.0,17139.0,17.000000000220016,8.726666666666661,4.10422140403431,232.7,0.1732050807568984,8.0,0.0,210598386.3333333,127503.61227951168,14127.666666666666,61.500677503038176,0.0003514805315924,0.013569596642574,35120234.333333336,0,0.3318395191655425,,,
190,2026-03-29 04:10:04,deweloper,MSSQLSERVER,0.0,17173.0,6,0,0,7.88,232.8,8.0,210859252.0,14250,4,6,1,0.0,17.0,0.0,0.0,0.0,1.85,0.0,0.0,137846.0,61.0,0.0,0.0,17156.0,17.000000000220016,6.869999999999995,0.9366429415738112,232.8,0.0,8.0,0.0,210729194.3333333,126343.66757507907,14189.0,60.99999999999509,0.0004588598381179,0.0135561637454143,35143208.666666664,0,0.3350225097831744,,,
191,2026-03-29 04:11:09,deweloper,MSSQLSERVER,0.0,17190.0,6,0,0,7.25,232.8,8.0,210992868.0,14315,4,6,1,0.0,17.0,0.0,0.0,0.0,-0.6299999999999999,0.0,0.0,133616.0,65.0,0.0,0.0,17173.0,17.000000000220016,7.053333333333328,0.9405494847871504,232.8,0.0,8.0,0.0,210857842.0,135736.4926539206,14251.333333333334,63.01058112200447,0.0004217568353694,0.0135427574171029,35165478.0,0,0.3578248056956547,,,
192,2026-03-29 04:12:11,deweloper,MSSQLSERVER,0.0,17211.0,6,0,0,7.12,232.8,8.0,211114369.0,14377,4,6,1,0.0,21.0,0.0,0.0,0.0,-0.1299999999999999,0.0,0.0,121501.0,62.0,0.0,0.0,17191.333333333332,19.035055380555946,7.416666666666662,0.4064890322424114,232.8,0.0,8.0,0.0,210988829.66666663,127606.4341102051,14314.0,63.50590523722455,0.0004136889198768,0.0135262332229388,35185728.166666664,0,0.3391868665634021,,,
193,2026-03-29 04:13:12,deweloper,MSSQLSERVER,0.0,17228.0,6,0,0,6.47,232.8,8.0,211244152.0,14439,4,6,1,0.0,17.0,0.0,0.0,0.0,-0.6500000000000004,0.0,0.0,129783.0,62.0,0.0,0.0,17209.666666666668,19.035055380555946,6.946666666666662,0.4178915329764118,232.8,0.0,8.0,0.0,211117129.66666663,125664.74496183894,14377.0,61.99999999999471,0.000375551427908,0.0135128859995356,35207358.666666664,0,0.3312196417406237,,,
194,2026-03-29 04:14:13,deweloper,MSSQLSERVER,0.0,17245.0,6,0,0,8.21,232.8,8.0,211367615.0,14500,4,6,1,0.0,17.0,0.0,0.0,0.0,1.740000000000001,0.0,0.0,123463.0,61.0,0.0,0.0,17228.0,17.000000000220016,7.266666666666662,0.8792231419459875,232.8,0.0,8.0,0.0,211242045.3333333,126636.1428041932,14438.666666666666,61.50067750303817,0.0004760800231951,0.0134995650913308,35227935.833333336,0,0.3304287811521615,,,
195,2026-03-29 04:15:14,deweloper,MSSQLSERVER,0.0,17262.0,6,0,0,8.0,232.8,8.0,211490090.0,14560,4,6,1,0.0,17.0,0.0,0.0,0.0,-0.2100000000000008,0.0,0.0,122475.0,60.0,0.0,0.0,17245.0,17.000000000220016,7.559999999999995,0.9497894503520444,232.8,0.0,8.0,0.0,211367285.66666663,122969.33076309712,14499.666666666666,60.50068870130952,0.0004634457189201,0.0134862704205769,35248348.333333336,0,0.3315828674124269,,,
196,2026-03-29 04:16:14,deweloper,MSSQLSERVER,0.0,17279.0,6,0,0,5.67,232.8,8.0,211613088.0,14622,4,6,1,0.0,17.0,0.0,0.0,0.0,-2.33,0.0,0.0,122998.0,62.0,0.0,0.0,17262.0,17.000000000220016,7.2933333333333294,1.409763573558834,232.8,0.0,8.0,0.0,211490264.3333333,122736.59286587672,14560.666666666666,61.002732179246,0.0003281439898142,0.0134730019098327,35268848.0,0,0.3327583661453713,,,
197,2026-03-29 04:17:15,deweloper,MSSQLSERVER,0.0,17302.0,6,0,0,5.58,232.8,8.0,211735661.0,14681,4,6,1,0.0,23.0,0.0,0.0,0.0,-0.0899999999999998,0.0,0.0,122573.0,59.0,0.0,0.0,17281.0,20.074859900071047,6.416666666666662,1.3719450912239082,232.8,0.0,8.0,0.0,211612946.3333333,122785.5613023052,14621.0,60.50619802961933,0.0003225060686625,0.0134550918968905,35289276.833333336,0,0.364961153066307,,,
198,2026-03-29 04:18:15,deweloper,MSSQLSERVER,0.0,17319.0,6,0,0,5.66,232.8,8.0,211860481.0,14742,4,6,1,0.0,17.0,0.0,0.0,0.0,0.08,0.0,0.0,124820.0,61.0,0.0,0.0,17300.0,20.074859900071047,5.636666666666662,0.0493288286236629,232.8,0.0,8.0,0.0,211736410.0,123698.20073464248,14681.666666666666,60.00277771347649,0.0003268087072001,0.0134418846353715,35310080.166666664,0,0.3305377250790638,,,
199,2026-03-29 04:19:16,deweloper,MSSQLSERVER,0.0,17336.0,6,0,0,5.67,232.8,8.0,211981604.0,14803,4,6,1,0.0,17.0,0.0,0.0,0.0,0.0099999999999997,0.0,0.0,121123.0,61.0,0.0,0.0,17319.0,17.000000000220016,5.636666666666662,0.0493288286236629,232.8,0.0,8.0,0.0,211859248.66666663,122976.13101054264,14742.0,60.99999999999643,0.0003270650669127,0.013428703276419,35330267.333333336,0,0.3307264206426046,,,
200,2026-03-29 04:20:19,deweloper,MSSQLSERVER,0.0,17353.0,6,0,0,10.37,232.8,8.0,212120911.0,14866,4,6,1,0.0,17.0,0.0,0.0,0.0,4.699999999999999,0.0,0.0,139307.0,63.0,0.0,0.0,17336.0,17.000000000220016,7.233333333333328,2.71643761815606,232.8,0.0,8.0,0.0,211987665.3333333,130320.76215370318,14803.666666666666,62.00268811376589,0.0005975911946061,0.0134155477439059,35353485.166666664,0,0.3596533672409726,,,
201,2026-03-29 04:21:24,deweloper,MSSQLSERVER,0.0,17370.0,6,0,0,8.29,232.8,8.0,212249591.0,14930,4,6,1,0.0,17.0,0.0,0.0,0.0,-2.08,0.0,0.0,128680.0,64.0,0.0,0.0,17353.0,17.000000000220016,8.109999999999994,2.3551645377765067,232.8,0.0,8.0,0.0,212117368.66666663,134028.6131328759,14866.333333333334,63.50065616458562,0.0004772596430627,0.0134024179620034,35374931.833333336,0,0.3497428720692915,,,
202,2026-03-29 04:22:25,deweloper,MSSQLSERVER,0.0,17391.0,6,0,0,6.73,232.8,8.0,212371417.0,14992,4,6,1,0.0,21.0,0.0,0.0,0.0,-1.5599999999999987,0.0,0.0,121826.0,62.0,0.0,0.0,17371.333333333332,19.035055380555946,8.463333333333328,1.8261799838278148,232.8,0.0,8.0,0.0,212247306.3333333,125268.62650848457,14929.333333333334,63.00264544709904,0.000386981772181,0.0133862342590995,35395236.166666664,0,0.3437390199688007,,,
203,2026-03-29 04:23:25,deweloper,MSSQLSERVER,0.0,17408.0,6,0,0,5.65,232.8,8.0,212495443.0,15052,4,6,1,0.0,17.0,0.0,0.0,0.0,-1.08,0.0,0.0,124026.0,60.0,0.0,0.0,17389.666666666668,19.035055380555946,6.889999999999996,1.327252801842977,232.8,0.0,8.0,0.0,212372150.3333333,122927.64055053014,14991.333333333334,61.00273217924597,0.0003245634191176,0.0133731617647058,35415907.166666664,0,0.3320645761651865,,,
204,2026-03-29 04:24:26,deweloper,MSSQLSERVER,0.0,17425.0,6,0,0,5.68,232.8,8.0,212619075.0,15113,4,6,1,0.0,17.0,0.0,0.0,0.0,0.0299999999999993,0.0,0.0,123632.0,61.0,0.0,0.0,17408.0,17.000000000220016,6.019999999999996,0.6150609725873032,232.8,0.0,8.0,0.0,212495311.66666663,123829.05224267991,15052.333333333334,60.50068870130948,0.0003259684361549,0.0133601147776183,35436512.5,0,0.3304361386062861,,,
205,2026-03-29 04:25:29,deweloper,MSSQLSERVER,0.0,17442.0,6,0,0,8.3,232.8,8.0,212749127.0,15176,4,6,1,0.0,17.0,0.0,0.0,0.0,2.620000000000001,0.0,0.0,130052.0,63.0,0.0,0.0,17425.0,17.000000000220016,6.5433333333333294,1.5213919065557602,232.8,0.0,8.0,0.0,212621215.0,126855.53857040669,15113.666666666666,62.00268811376453,0.0004758628597637,0.0133470932232542,35458187.833333336,0,0.3430461801434585,,,
206,2026-03-29 04:26:31,deweloper,MSSQLSERVER,0.0,17459.0,6,0,0,5.94,232.8,8.0,212872794.0,15238,4,6,1,0.0,17.0,0.0,0.0,0.0,-2.3600000000000003,0.0,0.0,123667.0,62.0,0.0,0.0,17442.0,17.000000000220016,6.639999999999996,1.4434680460613034,232.8,0.0,8.0,0.0,212746998.66666663,126872.88951672148,15175.666666666666,62.50066666310699,0.0003402256715734,0.0133340970273211,35478799.0,0,0.3328502974000368,,,
207,2026-03-29 04:27:32,deweloper,MSSQLSERVER,0.0,17480.0,6,0,0,6.41,232.8,8.0,212995135.0,15300,4,6,1,0.0,21.0,0.0,0.0,0.0,0.4699999999999997,0.0,0.0,122341.0,62.0,0.0,0.0,17460.333333333332,19.035055380555946,6.883333333333329,1.2491730598013102,232.8,0.0,8.0,0.0,212872352.0,123004.59560922848,15238.0,61.99999999999604,0.0003667048054919,0.0133180778032036,35499189.166666664,0,0.3424083687771305,,,
208,2026-03-29 04:28:33,deweloper,MSSQLSERVER,0.0,17497.0,6,0,0,5.69,232.8,8.0,213121274.0,15360,4,6,1,0.0,17.0,0.0,0.0,0.0,-0.7199999999999998,0.0,0.0,126139.0,60.0,0.0,0.0,17478.666666666668,19.035055380555946,6.013333333333328,0.365558932777427,232.8,0.0,8.0,0.0,212996401.0,124244.83759492716,15299.333333333334,61.002732179246,0.0003251986054752,0.0133051380236611,35520212.333333336,0,0.3331835162880279,,,
209,2026-03-29 04:29:34,deweloper,MSSQLSERVER,0.0,17514.0,6,0,0,5.72,232.8,8.0,213262243.0,15420,4,6,1,0.0,17.0,0.0,0.0,0.0,0.0299999999999993,0.0,0.0,140969.0,60.0,0.0,0.0,17497.0,17.000000000220016,5.939999999999995,0.4073082370883733,232.8,0.0,8.0,0.0,213126217.3333333,133622.59661570023,15360.0,59.999999999995445,0.0003265958661642,0.0132922233641658,35543707.166666664,0,0.3417486220402819,,,
210,2026-03-29 04:30:34,deweloper,MSSQLSERVER,0.0,17531.0,6,0,0,5.63,232.8,8.0,213367044.0,15481,4,6,1,0.0,17.0,0.0,0.0,0.0,-0.0899999999999998,0.0,0.0,104801.0,61.0,0.0,0.0,17514.0,17.000000000220016,5.679999999999995,0.0458257569499884,232.8,0.0,8.0,0.0,213250187.0,123327.74861720228,15420.333333333334,60.5006887013095,0.0003211453995778,0.0132793337516399,35561174.0,0,0.3437238097395844,,,
211,2026-03-29 04:31:35,deweloper,MSSQLSERVER,0.0,17552.0,6,0,0,10.79,206.17,8.0,213506318.0,15542,4,6,1,0.0,21.0,0.0,0.0,0.0,5.159999999999999,-26.630000000000024,0.0,139274.0,61.0,0.0,0.0,17532.333333333332,19.035055380555946,7.3799999999999955,2.9534894616368663,223.9233333333333,15.374837668519753,8.0,0.0,213378535.0,122442.5731475284,15481.0,60.99999999999507,0.000614744758432,0.0117462397447584,35584386.333333336,0,0.3807999032057682,,,
212,2026-03-29 04:32:36,deweloper,MSSQLSERVER,0.0,17569.0,6,0,0,5.62,232.8,8.0,213610602.0,15603,4,6,1,0.0,17.0,0.0,0.0,0.0,-5.169999999999999,26.630000000000024,0.0,104284.0,61.0,0.0,0.0,17550.666666666668,19.035055380555946,7.346666666666661,2.9820183321591704,223.9233333333333,15.374837668519753,8.0,0.0,213494654.66666663,122197.17611844408,15542.0,60.99999999999507,0.0003198816096533,0.0132506118731857,35601767.0,0,0.3584329464454127,,,
213,2026-03-29 04:33:37,deweloper,MSSQLSERVER,0.0,17586.0,6,0,0,9.17,232.8,8.0,213759058.0,15664,4,6,1,0.0,17.0,0.0,0.0,0.0,3.55,0.0,0.0,148456.0,61.0,0.0,0.0,17569.0,17.000000000220016,8.526666666666662,2.644358775456416,223.9233333333333,15.374837668519753,8.0,0.0,213625326.0,127011.70825553704,15603.0,60.99999999999507,0.0005214375071079,0.0132378027976799,35626509.666666664,0,0.3609625779841616,,,
214,2026-03-29 04:34:42,deweloper,MSSQLSERVER,0.0,17603.0,6,0,0,7.64,232.8,8.0,213871030.0,15729,4,6,1,0.0,17.0,0.0,0.0,0.0,-1.5300000000000002,0.0,0.0,111972.0,65.0,0.0,0.0,17586.0,17.000000000220016,7.476666666666662,1.7806272303133412,232.8,0.0,8.0,0.0,213746896.66666663,130639.23346117702,15665.333333333334,63.010581122004446,0.0004340169289325,0.013225018462762,35645171.666666664,0,0.3623406702401333,,,
215,2026-03-29 04:35:43,deweloper,MSSQLSERVER,0.0,17620.0,6,0,0,5.65,232.8,8.0,214010317.0,15790,4,6,1,0.0,17.0,0.0,0.0,0.0,-1.9899999999999995,0.0,0.0,139287.0,61.0,0.0,0.0,17603.0,17.000000000220016,7.486666666666662,1.765002360716087,232.8,0.0,8.0,0.0,213880135.0,125876.71365662356,15727.666666666666,63.010581122004446,0.0003206583427922,0.0132122587968217,35668386.166666664,0,0.339400605096132,,,
216,2026-03-29 04:36:44,deweloper,MSSQLSERVER,0.0,17641.0,6,0,0,12.91,232.5,8.0,214115966.0,15851,4,6,1,0.0,21.0,0.0,0.0,0.0,7.26,-0.3000000000000113,0.0,105649.0,61.0,0.0,0.0,17621.333333333332,19.035055380555946,8.733333333333329,3.75145749453907,232.7,0.1732050807568984,8.0,0.0,213999104.3333333,122852.36646611274,15790.0,60.99999999999507,0.0007318179241539,0.0131795249702397,35685994.333333336,0,0.3799656880940294,,,
217,2026-03-29 04:37:44,deweloper,MSSQLSERVER,0.0,17658.0,6,0,0,5.65,232.8,8.0,214258707.0,15910,4,6,1,0.0,17.0,0.0,0.0,0.0,-7.26,0.3000000000000113,0.0,142741.0,59.0,0.0,0.0,17639.666666666668,19.035055380555946,8.069999999999995,4.1915629543166855,232.7,0.1732050807568984,8.0,0.0,214128330.0,124655.72349069966,15850.333333333334,60.00277771347511,0.0003199682863291,0.0131838260278627,35709784.5,0,0.3623071902022862,,,
218,2026-03-29 04:38:45,deweloper,MSSQLSERVER,0.0,17675.0,6,0,0,5.73,232.8,8.0,214365933.0,15971,4,6,1,0.0,17.0,0.0,0.0,0.0,0.08,0.0,0.0,107226.0,61.0,0.0,0.0,17658.0,17.000000000220016,8.096666666666664,4.168660856118348,232.7,0.1732050807568984,8.0,0.0,214246868.66666663,125403.28893742776,15910.666666666666,60.00277771347511,0.0003241867043847,0.0131711456859971,35727655.5,0,0.3419711378514728,,,
219,2026-03-29 04:39:46,deweloper,MSSQLSERVER,0.0,17692.0,6,0,0,7.43,232.8,8.0,214509379.0,16032,4,6,1,0.0,17.0,0.0,0.0,0.0,1.6999999999999993,0.0,0.0,143446.0,61.0,0.0,0.0,17675.0,17.000000000220016,6.269999999999996,1.005385498204556,232.8,0.0,8.0,0.0,214378006.3333333,125771.36769282582,15971.0,60.99999999999507,0.0004199638254578,0.0131584897128645,35751563.166666664,0,0.3429366551928637,,,
220,2026-03-29 04:40:46,deweloper,MSSQLSERVER,0.0,17709.0,6,0,0,5.65,232.8,8.0,214613871.0,16093,4,6,1,0.0,17.0,0.0,0.0,0.0,-1.7799999999999994,0.0,0.0,104492.0,61.0,0.0,0.0,17692.0,17.000000000220016,6.269999999999996,1.005385498204556,232.8,0.0,8.0,0.0,214496394.3333333,124477.96648131036,16032.0,60.99999999999507,0.0003190468123552,0.0131458580382856,35768978.5,0,0.3440348832371729,,,
221,2026-03-29 04:41:47,deweloper,MSSQLSERVER,0.0,17730.0,6,0,0,5.67,232.8,8.0,214768580.0,16154,4,6,1,0.0,21.0,0.0,0.0,0.0,0.0199999999999995,0.0,0.0,154709.0,61.0,0.0,0.0,17710.333333333332,19.035055380555946,6.2499999999999964,1.021958903283309,232.8,0.0,8.0,0.0,214630610.0,130408.72360769396,16093.0,60.99999999999507,0.0003197969543147,0.0131302876480541,35794763.333333336,0,0.366750807966623,,,
222,2026-03-29 04:42:48,deweloper,MSSQLSERVER,0.0,17747.0,6,0,0,5.99,232.8,8.0,214891070.0,16215,4,6,1,0.0,17.0,0.0,0.0,0.0,0.3200000000000003,0.0,0.0,122490.0,61.0,0.0,0.0,17728.666666666668,19.035055380555946,5.769999999999996,0.1907878402834567,232.8,0.0,8.0,0.0,214757840.3333333,138911.21888573383,16154.0,60.99999999999507,0.0003375218346762,0.0131177100354989,35815178.333333336,0,0.331739896388252,,,
223,2026-03-29 04:43:48,deweloper,MSSQLSERVER,0.0,17764.0,6,0,0,5.63,232.8,8.0,215012950.0,16275,4,6,1,0.0,17.0,0.0,0.0,0.0,-0.3600000000000003,0.0,0.0,121880.0,60.0,0.0,0.0,17747.0,17.000000000220016,5.763333333333329,0.1973153144927155,232.8,0.0,8.0,0.0,214890866.66666663,122185.12689898103,16214.666666666666,60.5006887013095,0.0003169331231704,0.0131051564962846,35835491.666666664,0,0.3343238301787641,,,
224,2026-03-29 04:44:49,deweloper,MSSQLSERVER,0.0,17781.0,6,0,0,7.79,232.8,8.0,215134355.0,16335,4,6,1,0.0,17.0,0.0,0.0,0.0,2.16,0.0,0.0,121405.0,60.0,0.0,0.0,17764.0,17.000000000220016,6.469999999999996,1.1572380913191644,232.8,0.0,8.0,0.0,215012791.66666663,121642.5772923359,16275.0,59.999999999995445,0.0004381080929081,0.0130926269613632,35855725.833333336,0,0.3360532865670416,,,
225,2026-03-29 04:45:49,deweloper,MSSQLSERVER,0.0,17798.0,6,0,0,5.69,232.8,8.0,215257412.0,16396,4,6,1,0.0,17.0,0.0,0.0,0.0,-2.1,0.0,0.0,123057.0,61.0,0.0,0.0,17781.0,17.000000000220016,6.3699999999999966,1.230121945174552,232.8,0.0,8.0,0.0,215134905.66666663,122231.9303141521,16335.333333333334,60.5006887013095,0.0003196988425665,0.0130801213619507,35876235.333333336,0,0.333117944002575,,,
226,2026-03-29 04:46:50,deweloper,MSSQLSERVER,0.0,17819.0,6,0,0,5.7,232.8,8.0,215378847.0,16456,4,6,1,0.0,21.0,0.0,0.0,0.0,0.0099999999999997,0.0,0.0,121435.0,60.0,0.0,0.0,17799.333333333332,19.035055380555946,6.393333333333331,1.2095591483401529,232.8,0.0,8.0,0.0,215256871.3333333,122246.8967226724,16395.666666666668,60.50068870130882,0.0003198832706661,0.0130647062124698,35896474.5,0,0.3463562772305419,,,
227,2026-03-29 04:47:51,deweloper,MSSQLSERVER,0.0,17836.0,6,0,0,5.63,232.8,8.0,215500349.0,16518,4,6,1,0.0,17.0,0.0,0.0,0.0,-0.0700000000000002,0.0,0.0,121502.0,62.0,0.0,0.0,17817.666666666668,19.035055380555946,5.673333333333329,0.0378593889723577,232.8,0.0,8.0,0.0,215378869.3333333,121468.50154802238,16456.666666666668,61.00273217924396,0.000315653734021,0.0130522538685804,35916724.833333336,0,0.3360057565330927,,,
228,2026-03-29 04:48:52,deweloper,MSSQLSERVER,0.0,17853.0,6,0,0,6.25,232.8,8.0,215628574.0,16579,4,6,1,0.0,17.0,0.0,0.0,0.0,0.6200000000000001,0.0,0.0,128225.0,61.0,0.0,0.0,17836.0,17.000000000220016,5.859999999999996,0.339558536927031,232.8,0.0,8.0,0.0,215502590.0,124878.58181044368,16517.666666666668,61.50067750303614,0.0003500812188427,0.0130398252394555,35938095.666666664,0,0.3327344323855328,,,
229,2026-03-29 04:49:53,deweloper,MSSQLSERVER,0.0,17870.0,6,0,0,5.68,232.8,8.0,215756766.0,16640,4,6,1,0.0,17.0,0.0,0.0,0.0,-0.5700000000000003,0.0,0.0,128192.0,61.0,0.0,0.0,17853.0,17.000000000220016,5.853333333333329,0.3444318994131631,232.8,0.0,8.0,0.0,215628563.0,128208.50036166744,16579.0,60.99999999999234,0.000317851147174,0.0130274202574146,35959461.0,0,0.332543911514458,,,
230,2026-03-29 04:50:54,deweloper,MSSQLSERVER,0.0,17887.0,6,0,0,5.86,232.8,8.0,215878672.0,16700,4,6,1,0.0,17.0,0.0,0.0,0.0,0.1800000000000006,0.0,0.0,121906.0,60.0,0.0,0.0,17870.0,17.000000000220016,5.929999999999997,0.291376045686713,232.8,0.0,8.0,0.0,215754670.66666663,125062.1654191304,16639.666666666668,60.50068870130607,0.0003276122323475,0.0130150388550343,35979778.666666664,0,0.3337553682506181,,,
231,2026-03-29 04:51:54,deweloper,MSSQLSERVER,0.0,17908.0,6,0,0,5.72,232.8,8.0,215999799.0,16761,4,6,1,0.0,21.0,0.0,0.0,0.0,-0.1400000000000005,0.0,0.0,121127.0,61.0,0.0,0.0,17888.333333333332,19.035055380555946,5.75333333333333,0.094516312525193,232.8,0.0,8.0,0.0,215878412.3333333,121516.7080870856,16700.333333333332,60.50068870130607,0.0003194103194103,0.0129997766361402,35999966.5,0,0.344569111171883,,,
232,2026-03-29 04:52:55,deweloper,MSSQLSERVER,0.0,17925.0,6,0,0,5.58,232.8,8.0,216122127.0,16822,4,6,1,0.0,17.0,0.0,0.0,0.0,-0.1399999999999996,0.0,0.0,122328.0,61.0,0.0,0.0,17906.666666666668,19.035055380555946,5.719999999999996,0.1400000000000958,232.8,0.0,8.0,0.0,216000199.3333333,121727.9937332418,16761.0,60.99999999999234,0.0003112970711297,0.0129874476987447,36020354.5,0,0.3331373533041016,,,
233,2026-03-29 04:53:55,deweloper,MSSQLSERVER,0.0,17942.0,6,0,0,5.64,232.8,8.0,216247064.0,16882,4,6,1,0.0,17.0,0.0,0.0,0.0,0.0599999999999996,0.0,0.0,124937.0,60.0,0.0,0.0,17925.0,17.000000000220016,5.646666666666664,0.0702376916858795,232.8,0.0,8.0,0.0,216122996.66666663,123634.79404407227,16821.666666666668,60.50068870130607,0.0003143462267305,0.0129751421246237,36041177.333333336,0,0.3350241584899647,,,
234,2026-03-29 04:54:56,deweloper,MSSQLSERVER,0.0,17959.0,6,0,0,5.77,232.8,8.0,216369826.0,16943,4,6,1,0.0,17.0,0.0,0.0,0.0,0.1299999999999999,0.0,0.0,122762.0,61.0,0.0,0.0,17942.0,17.000000000220016,5.6633333333333296,0.097125348562363,232.8,0.0,8.0,0.0,216246339.0,123851.09152118022,16882.333333333332,60.50068870130607,0.0003212873768027,0.0129628598474302,36061637.66666666,0,0.3340897552188108,,,
235,2026-03-29 04:55:57,deweloper,MSSQLSERVER,0.0,17976.0,6,0,0,8.3,232.8,8.0,216492779.0,17004,4,6,1,0.0,17.0,0.0,0.0,0.0,2.530000000000001,0.0,0.0,122953.0,61.0,0.0,0.0,17959.0,17.000000000220016,6.569999999999996,1.4996332885075676,232.8,0.0,8.0,0.0,216369889.66666663,122857.512380489,16943.0,60.99999999999234,0.0004617267467734,0.012950600801068,36082129.833333336,0,0.3377180191088377,,,
236,2026-03-29 04:56:58,deweloper,MSSQLSERVER,0.0,17997.0,6,0,0,5.71,232.8,8.0,216614459.0,17065,4,6,1,0.0,21.0,0.0,0.0,0.0,-2.5900000000000007,0.0,0.0,121680.0,61.0,0.0,0.0,17977.333333333332,19.035055380555946,6.59333333333333,1.4783211198292996,232.8,0.0,8.0,0.0,216492354.66666663,122317.0520341454,17004.0,60.99999999999234,0.0003172751014057,0.012935489248208,36102409.833333336,0,0.3471020855056708,,,
237,2026-03-29 04:57:58,deweloper,MSSQLSERVER,0.0,18014.0,6,0,0,5.68,232.8,8.0,216744268.0,17125,4,6,1,0.0,17.0,0.0,0.0,0.0,-0.0300000000000002,0.0,0.0,129809.0,60.0,0.0,0.0,17995.666666666668,19.035055380555946,6.56333333333333,1.5040722500376618,232.8,0.0,8.0,0.0,216617168.66666663,125766.39456677483,17064.666666666668,60.50068870130607,0.0003153103142,0.0129232818918618,36124044.66666666,0,0.3361301491556623,,,
238,2026-03-29 04:58:59,deweloper,MSSQLSERVER,0.0,18031.0,6,0,0,5.61,232.8,8.0,216871100.0,17185,4,6,1,0.0,17.0,0.0,0.0,0.0,-0.0699999999999994,0.0,0.0,126832.0,60.0,0.0,0.0,18014.0,17.000000000220016,5.666666666666663,0.0513160143947297,232.8,0.0,8.0,0.0,216743275.66666663,128323.37770775663,17125.0,59.999999999991296,0.0003111308302368,0.0129110975542121,36145183.333333336,0,0.3365257701930941,,,
239,2026-03-29 05:00:00,deweloper,MSSQLSERVER,0.0,18048.0,6,0,0,5.64,232.8,8.0,217004765.0,17247,5,6,1,0.0,17.0,0.0,0.0,0.0,0.0299999999999993,0.0,0.0,133665.0,62.0,0.0,0.0,18031.0,17.000000000220016,5.64333333333333,0.0351188458432268,232.8,0.0,8.0,0.0,216873377.66666663,130263.43530833782,17185.666666666668,61.00273217924123,0.0003125,0.0128989361702127,36167460.833333336,0,0.3403592828620435,,,
240,2026-03-29 05:01:00,deweloper,MSSQLSERVER,0.0,18065.0,6,0,0,5.64,232.8,8.0,217120333.0,17307,5,6,1,0.0,17.0,0.0,0.0,0.0,0.0,0.0,0.0,115568.0,60.0,0.0,0.0,18048.0,17.000000000220016,5.629999999999996,0.0173205080764718,232.8,0.0,8.0,0.0,216998732.66666663,124725.95503074482,17246.333333333332,61.00273217924123,0.0003122059230556,0.0128867976750622,36186722.16666666,0,0.3387770253859115,,,
241,2026-03-29 05:02:01,deweloper,MSSQLSERVER,0.0,18086.0,6,0,0,12.24,206.17,8.0,217255839.0,17368,5,6,1,0.0,21.0,0.0,0.0,0.0,6.6000000000000005,-26.630000000000024,0.0,135506.0,61.0,0.0,0.0,18066.33333333333,19.035055380555946,7.839999999999996,3.810511776651531,223.9233333333333,15.374837668519753,8.0,0.0,217126979.0,125668.87187366249,17307.333333333332,60.50068870130607,0.0006767665597699,0.0113994249695897,36209306.5,0,0.3907002561930689,,,
242,2026-03-29 05:03:03,deweloper,MSSQLSERVER,0.0,18103.0,6,0,0,6.42,232.8,8.0,217368641.0,17430,5,6,1,0.0,17.0,0.0,0.0,0.0,-5.82,26.630000000000024,0.0,112802.0,62.0,0.0,0.0,18084.666666666668,19.035055380555946,8.099999999999996,3.606494142515693,223.9233333333333,15.374837668519753,8.0,0.0,217248271.0,124326.874351441,17368.333333333332,61.50067750303614,0.0003546373529249,0.0128597470032591,36228106.833333336,0,0.360705804132833,,,
243,2026-03-29 05:04:04,deweloper,MSSQLSERVER,0.0,18120.0,6,0,0,5.76,232.8,8.0,217503198.0,17490,5,6,1,0.0,17.0,0.0,0.0,0.0,-0.6600000000000001,0.0,0.0,134557.0,60.0,0.0,0.0,18103.0,17.000000000220016,8.139999999999995,3.566006169372117,223.9233333333333,15.374837668519753,8.0,0.0,217375892.66666663,123838.84174334512,17429.333333333332,61.00273217924396,0.0003178807947019,0.0128476821192053,36250533.0,0,0.345376439131227,,,
244,2026-03-29 05:05:05,deweloper,MSSQLSERVER,0.0,18137.0,6,0,0,6.33,232.8,8.0,217618251.0,17552,5,6,1,0.0,17.0,0.0,0.0,0.0,0.5700000000000003,0.0,0.0,115053.0,62.0,0.0,0.0,18120.0,17.000000000220016,6.169999999999997,0.3579106033635017,232.8,0.0,8.0,0.0,217496696.66666663,124931.93558228048,17490.666666666668,61.00273217924396,0.0003490103104151,0.0128356398522357,36269708.5,0,0.3417433950285771,,,
245,2026-03-29 05:06:06,deweloper,MSSQLSERVER,0.0,18154.0,6,0,0,8.1,232.8,8.0,217758168.0,17613,5,6,1,0.0,17.0,0.0,0.0,0.0,1.7699999999999996,0.0,0.0,139917.0,61.0,0.0,0.0,18137.0,17.000000000220016,6.729999999999997,1.2202049008260938,232.8,0.0,8.0,0.0,217626539.0,127686.89609745669,17551.666666666668,61.50067750303614,0.0004461826594689,0.0128236201388123,36293028.0,0,0.345636648469649,,,
246,2026-03-29 05:07:07,deweloper,MSSQLSERVER,0.0,18175.0,6,0,0,5.67,232.8,8.0,217886924.0,17674,5,6,1,0.0,21.0,0.0,0.0,0.0,-2.43,0.0,0.0,128756.0,61.0,0.0,0.0,18155.33333333333,19.035055380555946,6.699999999999996,1.256542876307855,232.8,0.0,8.0,0.0,217754447.66666663,134375.13123467832,17613.0,60.99999999999234,0.0003119669876203,0.0128088033012379,36314487.333333336,0,0.347976825557905,,,
247,2026-03-29 05:08:07,deweloper,MSSQLSERVER,0.0,18192.0,6,0,0,9.45,232.8,8.0,218008300.0,17734,5,6,1,0.0,17.0,0.0,0.0,0.0,3.78,0.0,0.0,121376.0,60.0,0.0,0.0,18173.666666666668,19.035055380555946,7.739999999999996,1.915541698841349,232.8,0.0,8.0,0.0,217884464.0,125084.1439112276,17673.666666666668,60.50068870130607,0.0005194591029023,0.012796833773087,36334716.66666666,0,0.3468451132706318,,,
248,2026-03-29 05:09:08,deweloper,MSSQLSERVER,0.0,18209.0,6,0,0,6.07,232.8,8.0,218129973.0,17795,5,6,1,0.0,17.0,0.0,0.0,0.0,-3.379999999999999,0.0,0.0,121673.0,61.0,0.0,0.0,18192.0,17.000000000220016,7.06333333333333,2.0765676808939664,232.8,0.0,8.0,0.0,218008399.0,121524.5302521458,17734.333333333332,60.50068870130607,0.0003333516392992,0.0127848865945411,36354995.5,0,0.3365508385160458,,,
249,2026-03-29 05:10:09,deweloper,MSSQLSERVER,0.0,18226.0,6,0,0,5.68,232.8,8.0,218251916.0,17855,5,6,1,0.0,17.0,0.0,0.0,0.0,-0.3900000000000005,0.0,0.0,121943.0,60.0,0.0,0.0,18209.0,17.000000000220016,7.066666666666663,2.073218110410322,232.8,0.0,8.0,0.0,218130063.0,121808.02494501216,17794.666666666668,60.50068870130607,0.000311642708219,0.0127729617030615,36375319.333333336,0,0.3356960579616981,,,
250,2026-03-29 05:11:09,deweloper,MSSQLSERVER,0.0,18243.0,6,0,0,5.67,232.8,8.0,218375026.0,17916,5,6,1,0.0,17.0,0.0,0.0,0.0,-0.0099999999999997,0.0,0.0,123110.0,61.0,0.0,0.0,18226.0,17.000000000220016,5.806666666666662,0.2281081614790893,232.8,0.0,8.0,0.0,218252305.0,122526.96313466968,17855.333333333332,60.50068870130607,0.0003108041440552,0.0127610590363427,36395837.66666666,0,0.3347360665633569,,,
251,2026-03-29 05:12:11,deweloper,MSSQLSERVER,0.0,18264.0,6,0,0,8.04,232.8,8.0,218502528.0,17977,5,6,1,0.0,21.0,0.0,0.0,0.0,2.369999999999999,0.0,0.0,127502.0,61.0,0.0,0.0,18244.33333333333,19.035055380555946,6.4633333333333285,1.365442541205362,232.8,0.0,8.0,0.0,218376490.0,125312.41402991446,17916.0,60.99999999999234,0.0004402102496714,0.0127463863337713,36417088.0,0,0.3501458014155347,,,
252,2026-03-29 05:13:13,deweloper,MSSQLSERVER,0.0,18281.0,6,0,0,6.43,232.8,8.0,218624235.0,18040,5,6,1,0.0,17.0,0.0,0.0,0.0,-1.6099999999999994,0.0,0.0,121707.0,63.0,0.0,0.0,18262.666666666668,19.035055380555946,6.7133333333333285,1.2101377332078165,232.8,0.0,8.0,0.0,218500596.3333333,124615.7290406677,17977.666666666668,62.00268811376118,0.0003517313057272,0.0127345331218204,36437372.5,0,0.3432465476353964,,,
253,2026-03-29 05:14:13,deweloper,MSSQLSERVER,0.0,18298.0,6,0,0,5.63,232.8,8.0,218746886.0,18100,5,6,1,0.0,17.0,0.0,0.0,0.0,-0.7999999999999998,0.0,0.0,122651.0,60.0,0.0,0.0,18281.0,17.000000000220016,6.699999999999996,1.2274770873625376,232.8,0.0,8.0,0.0,218624549.66666663,122179.3039116572,18039.0,61.50609725871861,0.0003076838998797,0.0127227019346376,36457814.333333336,0,0.3364668486593788,,,
254,2026-03-29 05:15:15,deweloper,MSSQLSERVER,0.0,18315.0,6,0,0,11.81,232.8,8.0,218870506.0,18162,5,6,1,0.0,17.0,0.0,0.0,0.0,6.180000000000001,0.0,0.0,123620.0,62.0,0.0,0.0,18298.0,17.000000000220016,7.956666666666663,3.3609720816057567,232.8,0.0,8.0,0.0,218747209.0,123135.8177339342,18100.666666666668,61.00273217924121,0.0006448266448266,0.0127108927108927,36478417.66666666,0,0.358892023961612,,,
255,2026-03-29 05:16:16,deweloper,MSSQLSERVER,0.0,18332.0,6,0,0,6.38,232.8,8.0,218997294.0,18222,5,6,1,0.0,17.0,0.0,0.0,0.0,-5.430000000000001,0.0,0.0,126788.0,60.0,0.0,0.0,18315.0,17.000000000220016,7.939999999999997,3.372432356623332,232.8,0.0,8.0,0.0,218871562.0,125207.3399206479,18161.33333333333,61.00273217924121,0.0003480253109317,0.0126991053894828,36499549.0,0,0.3418791363500247,,,
256,2026-03-29 05:17:17,deweloper,MSSQLSERVER,0.0,18355.0,6,0,0,5.72,232.8,8.0,219119057.0,18283,5,6,1,0.0,23.0,0.0,0.0,0.0,-0.6600000000000001,0.0,0.0,121763.0,61.0,0.0,0.0,18334.0,20.074859900071047,7.969999999999996,3.341870733586205,232.8,0.0,8.0,0.0,218995619.0,124283.96566333353,18222.33333333333,60.500688701306046,0.0003116317079814,0.0126831925905747,36519842.833333336,0,0.3608894652868495,,,
257,2026-03-29 05:18:17,deweloper,MSSQLSERVER,0.0,18372.0,6,0,0,5.63,232.8,8.0,219254502.0,18345,5,6,1,0.0,17.0,0.0,0.0,0.0,-0.0899999999999998,0.0,0.0,135445.0,62.0,0.0,0.0,18353.0,20.074859900071047,5.909999999999997,0.4095119045889054,232.8,0.0,8.0,0.0,219123617.66666663,128664.63608287624,18283.33333333333,61.50067750303612,0.0003064445895928,0.012671456564337,36542417.0,0,0.3427673338622958,,,
258,2026-03-29 05:19:18,deweloper,MSSQLSERVER,0.0,18389.0,6,0,0,5.66,232.8,8.0,219376165.0,18405,5,6,1,0.0,17.0,0.0,0.0,0.0,0.0300000000000002,0.0,0.0,121663.0,60.0,0.0,0.0,18372.0,17.000000000220016,5.669999999999997,0.0458257569499592,232.8,0.0,8.0,0.0,219249908.0,128615.54939044728,18344.33333333333,61.002732179243935,0.0003077927021588,0.012659742237207,36562694.16666666,0,0.3378318180014286,,,
259,2026-03-29 05:20:19,deweloper,MSSQLSERVER,0.0,18406.0,6,0,0,5.63,232.8,8.0,219498928.0,18465,5,6,1,0.0,17.0,0.0,0.0,0.0,-0.0300000000000002,0.0,0.0,122763.0,60.0,0.0,0.0,18389.0,17.000000000220016,5.639999999999996,0.0173205080767641,232.8,0.0,8.0,0.0,219376531.66666663,122213.41253864416,18405.0,59.999999999994046,0.0003058785178746,0.01264804954906,36583154.66666666,0,0.3373638932721872,,,
260,2026-03-29 05:21:19,deweloper,MSSQLSERVER,0.0,18423.0,6,0,0,5.62,232.8,8.0,219620721.0,18526,5,6,1,0.0,17.0,0.0,0.0,0.0,-0.0099999999999997,0.0,0.0,121793.0,61.0,0.0,0.0,18406.0,17.000000000220016,5.636666666666663,0.0208166599955572,232.8,0.0,8.0,0.0,219498604.66666663,122278.32062284242,18465.33333333333,60.5006887013088,0.0003050534657764,0.0126363784399934,36603453.5,0,0.335790945026591,,,
261,2026-03-29 05:22:20,deweloper,MSSQLSERVER,0.0,18444.0,6,0,0,5.67,232.8,8.0,219740968.0,18587,5,6,1,0.0,21.0,0.0,0.0,0.0,0.0499999999999998,0.0,0.0,120247.0,61.0,0.0,0.0,18424.33333333333,19.035055380555946,5.639999999999997,0.0264575131113498,232.8,0.0,8.0,0.0,219620205.66666663,121020.82291219334,18526.0,60.99999999999505,0.0003074170461938,0.0126219908913467,36623494.66666666,0,0.3473506818085417,,,
262,2026-03-29 05:23:22,deweloper,MSSQLSERVER,0.0,18461.0,6,0,0,10.92,232.8,8.0,219868629.0,18649,5,6,1,0.0,17.0,0.0,0.0,0.0,5.25,0.0,0.0,127661.0,62.0,0.0,0.0,18442.666666666668,19.035055380555946,7.403333333333329,3.0456252778917734,232.8,0.0,8.0,0.0,219743439.3333333,123972.47571273404,18587.33333333333,61.500677503038816,0.0005915172525865,0.0126103678023942,36644771.5,0,0.3554377737944223,,,
263,2026-03-29 05:24:23,deweloper,MSSQLSERVER,0.0,18478.0,6,0,0,5.93,232.8,8.0,219991486.0,18709,5,6,1,0.0,17.0,0.0,0.0,0.0,-4.99,0.0,0.0,122857.0,60.0,0.0,0.0,18461.0,17.000000000220016,7.506666666666663,2.9588905578499083,232.8,0.0,8.0,0.0,219867027.66666663,125266.6766715891,18648.33333333333,61.00273217924666,0.0003209221777248,0.0125987661002272,36665247.66666666,0,0.3408927596745013,,,
267,2026-03-29 05:28:26,deweloper,MSSQLSERVER,0.0,18551.0,6,0,0,5.79,232.8,8.0,220483712.0,18954,5,6,1,0.0,17.0,0.0,0.0,0.0,-2.2,0.0,0.0,121272.0,61.0,0.0,0.0,18532.666666666668,19.03505538055587,6.466666666666662,1.3219808369765933,232.8,0.0,8.0,0.0,220362249.3333333,121558.1121576944,18893.0,60.999999999997776,0.0003121125545792,0.0125491887229798,36747285.333333336,0,0.3357175692706795,,,
268,2026-03-29 05:29:27,deweloper,MSSQLSERVER,0.0,18568.0,6,0,0,6.33,232.8,8.0,220606369.0,19014,5,6,1,0.0,17.0,0.0,0.0,0.0,0.54,0.0,0.0,122657.0,60.0,0.0,0.0,18551.0,17.000000000219938,6.703333333333329,1.146530999726276,232.8,0.0,8.0,0.0,220484173.66666663,121965.15532865368,18953.666666666668,60.500688701311546,0.000340909090909,0.012537699267557,36767728.16666666,0,0.3381603240252476,,,
269,2026-03-29 05:30:28,deweloper,MSSQLSERVER,0.0,18585.0,6,0,0,5.71,232.8,8.0,220740774.0,19074,5,6,1,0.0,17.0,0.0,0.0,0.0,-0.6200000000000001,0.0,0.0,134405.0,60.0,0.0,0.0,18568.0,17.000000000219938,5.943333333333329,0.3372437298651151,232.8,0.0,8.0,0.0,220610285.0,128575.73353868214,19014.0,59.99999999999682,0.0003072370191014,0.0125262308313155,36790129.0,0,0.3417863950145365,,,
270,2026-03-29 05:31:28,deweloper,MSSQLSERVER,0.0,18602.0,6,0,0,5.64,232.8,8.0,220872207.0,19135,5,6,1,0.0,17.0,0.0,0.0,0.0,-0.0700000000000002,0.0,0.0,131433.0,61.0,0.0,0.0,18585.0,17.000000000219938,5.893333333333328,0.3797806384392636,232.8,0.0,8.0,0.0,220739783.3333333,132921.76882791825,19074.33333333333,60.500688701311546,0.0003031932050317,0.0125147833566283,36812034.5,0,0.337771114120921,,,
271,2026-03-29 05:32:29,deweloper,MSSQLSERVER,0.0,18623.0,6,0,0,5.88,232.8,8.0,220993648.0,19196,5,6,1,0.0,21.0,0.0,0.0,0.0,0.2400000000000002,0.0,0.0,121441.0,61.0,0.0,0.0,18603.33333333333,19.03505538055587,5.743333333333329,0.1234233905438281,232.8,0.0,8.0,0.0,220868876.3333333,126469.89751059582,19135.0,60.999999999997776,0.0003157386028029,0.0125006712130161,36832274.66666666,0,0.3475456478206379,,,
272,2026-03-29 05:33:30,deweloper,MSSQLSERVER,0.0,18640.0,6,0,0,5.62,232.8,8.0,221116221.0,19257,5,6,1,0.0,17.0,0.0,0.0,0.0,-0.2599999999999998,0.0,0.0,122573.0,61.0,0.0,0.0,18621.666666666668,19.03505538055587,5.7133333333333285,0.1446835627614076,232.8,0.0,8.0,0.0,220994025.3333333,122007.437627133,19196.0,60.999999999997776,0.0003015021459227,0.012489270386266,36852703.5,0,0.3360909846697568,,,
273,2026-03-29 05:34:30,deweloper,MSSQLSERVER,0.0,18657.0,6,0,0,5.89,232.8,8.0,221238411.0,19317,5,6,1,0.0,17.0,0.0,0.0,0.0,0.2699999999999996,0.0,0.0,122190.0,60.0,0.0,0.0,18640.0,17.000000000219938,5.796666666666662,0.1530795000427374,232.8,0.0,8.0,0.0,221116093.3333333,122381.5499507051,19256.666666666668,60.500688701311546,0.0003156992013721,0.0124778903360668,36873068.5,0,0.3379083866296658,,,
274,2026-03-29 05:35:31,deweloper,MSSQLSERVER,0.0,18674.0,6,0,0,6.67,232.8,8.0,221359571.0,19377,5,6,1,0.0,17.0,0.0,0.0,0.0,0.7800000000000002,0.0,0.0,121160.0,60.0,0.0,0.0,18657.0,17.000000000219938,6.059999999999996,0.545252235208626,232.8,0.0,8.0,0.0,221238067.66666663,121675.3633047254,19317.0,59.99999999999682,0.000357181107422,0.0124665310056763,36893261.833333336,0,0.3385616936102504,,,
275,2026-03-29 05:36:31,deweloper,MSSQLSERVER,0.0,18691.0,6,0,0,5.72,232.8,8.0,221481294.0,19438,5,6,1,0.0,17.0,0.0,0.0,0.0,-0.9500000000000002,0.0,0.0,121723.0,61.0,0.0,0.0,18674.0,17.000000000219938,6.093333333333329,0.5065899064661045,232.8,0.0,8.0,0.0,221359758.66666663,121441.60876050156,19377.33333333333,60.500688701311546,0.0003060296399336,0.0124551923385586,36913549.0,0,0.3359977425121266,,,
276,2026-03-29 05:37:32,deweloper,MSSQLSERVER,0.0,18712.0,6,0,0,8.47,232.8,8.0,221602935.0,19499,5,6,1,0.0,21.0,0.0,0.0,0.0,2.750000000000001,0.0,0.0,121641.0,61.0,0.0,0.0,18692.33333333333,19.03505538055587,6.953333333333329,1.3967223537028908,232.8,0.0,8.0,0.0,221481266.66666663,121682.0023106973,19438.0,60.999999999997776,0.0004526507054296,0.0124412141941,36933822.5,0,0.3528424636081359,,,
277,2026-03-29 05:38:33,deweloper,MSSQLSERVER,0.0,18729.0,6,0,0,5.77,232.8,8.0,221724143.0,19560,5,6,1,0.0,17.0,0.0,0.0,0.0,-2.700000000000001,0.0,0.0,121208.0,61.0,0.0,0.0,18710.666666666668,19.03505538055587,6.653333333333329,1.5734781006843856,232.8,0.0,8.0,0.0,221602790.66666663,121424.56434487362,19499.0,60.999999999997776,0.0003080783811201,0.0124299215120935,36954023.833333336,0,0.3361976662064074,,,
278,2026-03-29 05:39:34,deweloper,MSSQLSERVER,0.0,18746.0,6,0,0,7.85,232.8,8.0,221850805.0,19620,5,6,1,0.0,17.0,0.0,0.0,0.0,2.08,0.0,0.0,126662.0,60.0,0.0,0.0,18729.0,17.000000000219938,7.36333333333333,1.4142607020395304,232.8,0.0,8.0,0.0,221725961.0,123945.00018157218,19559.666666666668,60.500688701311546,0.0004187560012802,0.0124186493118531,36975134.16666666,0,0.3403319486723675,,,
279,2026-03-29 05:40:36,deweloper,MSSQLSERVER,0.0,18763.0,6,0,0,6.49,232.8,8.0,221973439.0,19683,5,6,1,0.0,17.0,0.0,0.0,0.0,-1.3599999999999994,0.0,0.0,122634.0,63.0,0.0,0.0,18746.0,17.000000000219938,6.703333333333329,1.0562827904180492,232.8,0.0,8.0,0.0,221849462.3333333,124653.42342407742,19621.0,61.50609725872402,0.0003458935138304,0.0124073975377071,36995573.16666666,0,0.3459698113801493,,,
280,2026-03-29 05:41:37,deweloper,MSSQLSERVER,0.0,18784.0,6,0,0,13.22,206.17,8.0,222117295.0,19743,5,6,1,0.0,21.0,0.0,0.0,0.0,6.73,-26.630000000000024,0.0,143856.0,60.0,0.0,0.0,18764.33333333333,19.03505538055587,9.186666666666662,3.558543709628049,223.9233333333333,15.374837668519753,8.0,0.0,221980513.0,133385.76061187367,19682.0,61.50609725872402,0.0007037904599659,0.0109758304940374,37019549.16666666,0,0.4041752541861167,,,
281,2026-03-29 05:42:43,deweloper,MSSQLSERVER,0.0,18801.0,6,0,0,7.92,232.8,8.0,222229141.0,19811,5,6,1,0.0,17.0,0.0,0.0,0.0,-5.300000000000001,26.630000000000024,0.0,111846.0,68.0,0.0,0.0,18782.666666666668,19.03505538055587,9.209999999999996,3.545602910648628,223.9233333333333,15.374837668519753,8.0,0.0,222106625.0,128184.49546652696,19745.666666666668,64.0416531121183,0.0004212541886069,0.0123823200893569,37038190.16666666,0,0.409756625714059,,,
282,2026-03-29 05:43:45,deweloper,MSSQLSERVER,0.0,18818.0,6,0,0,6.05,232.8,8.0,222372700.0,19872,5,6,1,0.0,17.0,0.0,0.0,0.0,-1.87,0.0,0.0,143559.0,61.0,0.0,0.0,18801.0,17.000000000219938,9.063333333333327,3.719224829629604,223.9233333333333,15.374837668519753,8.0,0.0,222239712.0,128030.22314675571,19808.666666666668,64.53164598344581,0.0003215006908279,0.0123711340206185,37062116.66666666,0,0.3551698932622735,,,
283,2026-03-29 05:44:47,deweloper,MSSQLSERVER,0.0,18835.0,6,0,0,6.67,232.8,8.0,222478224.0,19933,5,6,1,0.0,17.0,0.0,0.0,0.0,0.6200000000000001,0.0,0.0,105524.0,61.0,0.0,0.0,18818.0,17.000000000219938,6.879999999999996,0.9525229656024116,232.8,0.0,8.0,0.0,222360021.66666663,125024.55889281226,19872.0,60.99999999999496,0.0003541279532784,0.0123599681444119,37079704.0,0,0.3474739725607811,,,
284,2026-03-29 05:45:47,deweloper,MSSQLSERVER,0.0,18852.0,6,0,0,5.65,232.8,8.0,222617496.0,19994,5,6,1,0.0,17.0,0.0,0.0,0.0,-1.0199999999999996,0.0,0.0,139272.0,61.0,0.0,0.0,18835.0,17.000000000219938,6.123333333333329,0.5139390365922246,232.8,0.0,8.0,0.0,222489473.3333333,122785.10101531987,19933.0,60.99999999999496,0.0002997029492892,0.0123488224061107,37102916.0,0,0.3465625807568598,,,
285,2026-03-29 05:46:48,deweloper,MSSQLSERVER,0.0,18873.0,6,0,0,13.59,232.5,8.0,222754838.0,20055,5,6,1,0.0,21.0,0.0,0.0,0.0,7.939999999999999,-0.3000000000000113,0.0,137342.0,61.0,0.0,0.0,18853.33333333333,19.03505538055587,8.636666666666661,4.319922838817073,232.7,0.1732050807568984,8.0,0.0,222616852.66666663,138308.12217416032,19994.0,60.99999999999496,0.0007200762994754,0.0123191861389286,37125806.333333336,0,0.3834128361617268,,,
286,2026-03-29 05:47:49,deweloper,MSSQLSERVER,0.0,18890.0,6,0,0,5.69,232.8,8.0,222876839.0,20116,5,6,1,0.0,17.0,0.0,0.0,0.0,-7.899999999999999,0.3000000000000113,0.0,122001.0,61.0,0.0,0.0,18871.666666666668,19.03505538055587,8.309999999999997,4.572657870429409,232.7,0.1732050807568984,8.0,0.0,222749724.3333333,129747.10056237306,20055.0,60.99999999999496,0.0003012175754367,0.0123239809422975,37146139.833333336,0,0.3467672875368617,,,
287,2026-03-29 05:48:50,deweloper,MSSQLSERVER,0.0,18907.0,6,0,0,5.63,232.8,8.0,222998163.0,20177,5,6,1,0.0,17.0,0.0,0.0,0.0,-0.0600000000000005,0.0,0.0,121324.0,61.0,0.0,0.0,18890.0,17.000000000219938,8.30333333333333,4.578485921495593,232.7,0.1732050807568984,8.0,0.0,222876613.3333333,121662.65697551018,20116.0,60.99999999999496,0.0002977733114719,0.0123128999841328,37166360.5,0,0.3406588351938134,,,
288,2026-03-29 05:49:50,deweloper,MSSQLSERVER,0.0,18924.0,6,0,0,5.9,232.8,8.0,223119180.0,20237,5,6,1,0.0,17.0,0.0,0.0,0.0,0.2700000000000004,0.0,0.0,121017.0,60.0,0.0,0.0,18907.0,17.000000000219938,5.739999999999995,0.1417744687875981,232.8,0.0,8.0,0.0,222998060.66666663,121170.53241750096,20176.666666666668,60.500688701308704,0.0003117734094271,0.0123018389346861,37186530.0,0,0.3418952739413065,,,
289,2026-03-29 05:50:51,deweloper,MSSQLSERVER,0.0,18941.0,6,0,0,5.71,232.8,8.0,223251695.0,20298,5,6,1,0.0,17.0,0.0,0.0,0.0,-0.1900000000000004,0.0,0.0,132515.0,61.0,0.0,0.0,18924.0,17.000000000219938,5.746666666666662,0.1386842937514521,232.8,0.0,8.0,0.0,223123012.66666663,126809.44664472956,20237.33333333333,60.500688701308704,0.0003014624359854,0.0122907977403516,37208615.833333336,0,0.3430622567389301,,,
290,2026-03-29 05:51:52,deweloper,MSSQLSERVER,0.0,18962.0,6,0,0,5.64,232.8,8.0,223373892.0,20359,5,6,1,0.0,21.0,0.0,0.0,0.0,-0.0700000000000002,0.0,0.0,122197.0,61.0,0.0,0.0,18942.33333333333,19.03505538055587,5.749999999999996,0.1345362404707584,232.8,0.0,8.0,0.0,223248255.66666663,127390.82580132832,20298.0,60.99999999999496,0.0002974369792216,0.012277185950849,37228982.0,0,0.352741480861855,,,
291,2026-03-29 05:52:53,deweloper,MSSQLSERVER,0.0,18979.0,6,0,0,118.03,30.0,8.0,223497104.0,20420,5,6,1,0.0,17.0,0.0,0.0,0.0,112.39,-202.8,0.0,123212.0,61.0,0.0,0.0,18960.666666666668,19.03505538055587,43.126666666666665,64.86819893702409,165.20000000000002,117.0866345916561,8.0,0.0,223374230.3333333,122704.84984035646,20359.0,60.99999999999496,0.0062189788713841,0.0015806944517624,37249517.333333336,1,0.6675918282046525,Średni czas zapytań wyższe od lokalnej normy (+173.7%),Średnie logical reads niższe od lokalnej normy (-81.8%),
292,2026-03-29 05:53:54,deweloper,MSSQLSERVER,0.0,18996.0,6,0,0,5.74,232.8,8.0,223618696.0,20481,5,6,1,0.0,17.0,0.0,0.0,0.0,-112.29,202.8,0.0,121592.0,61.0,0.0,0.0,18979.0,17.000000000219938,43.13666666666666,64.85954851317834,165.20000000000002,117.0866345916561,8.0,0.0,223496564.0,122402.8933727066,20420.0,60.99999999999496,0.0003021688776584,0.0122552116234996,37269782.66666666,1,0.4873203661968687,Średni czas zapytań niższe od lokalnej normy (-86.7%),Średnie logical reads wyższe od lokalnej normy (+40.9%),
293,2026-03-29 05:54:55,deweloper,MSSQLSERVER,0.0,19013.0,6,0,0,14.74,232.8,8.0,223742972.0,20542,5,6,1,0.0,17.0,0.0,0.0,0.0,9.0,0.0,0.0,124276.0,61.0,0.0,0.0,18996.0,17.000000000219938,46.17,62.39506951674949,165.20000000000002,117.0866345916561,8.0,0.0,223619590.66666663,122936.44162470472,20481.0,60.99999999999496,0.000775259033293,0.0122442539315205,37290495.333333336,1,0.4596104028357314,Średni czas zapytań niższe od lokalnej normy (-68.1%),Średnie logical reads wyższe od lokalnej normy (+40.9%),
294,2026-03-29 05:55:56,deweloper,MSSQLSERVER,0.0,19030.0,6,0,0,5.63,232.8,8.0,223864834.0,20603,5,6,1,0.0,17.0,0.0,0.0,0.0,-9.11,0.0,0.0,121862.0,61.0,0.0,0.0,19013.0,17.000000000219938,8.703333333333328,5.2281959922455465,232.8,0.0,8.0,0.0,223742167.3333333,123070.97293571882,20542.0,60.99999999999496,0.0002958486600105,0.0122333158171308,37310805.66666666,0,0.3515156167439772,,,
295,2026-03-29 05:56:56,deweloper,MSSQLSERVER,0.0,19051.0,6,0,0,12.17,232.5,8.0,223986387.0,20664,5,6,1,0.0,21.0,0.0,0.0,0.0,6.54,-0.3000000000000113,0.0,121553.0,61.0,0.0,0.0,19031.33333333333,19.03505538055587,10.846666666666662,4.696960009765087,232.7,0.1732050807568984,8.0,0.0,223864731.0,121707.53269625585,20603.0,60.99999999999496,0.000638811610939,0.0122040837751299,37331064.5,0,0.3837567795984645,,,
296,2026-03-29 05:57:57,deweloper,MSSQLSERVER,0.0,19068.0,6,0,0,5.69,232.8,8.0,224112818.0,20724,5,6,1,0.0,17.0,0.0,0.0,0.0,-6.48,0.3000000000000113,0.0,126431.0,60.0,0.0,0.0,19049.666666666668,19.03505538055587,7.829999999999996,3.758669977531818,232.7,0.1732050807568984,8.0,0.0,223988013.0,123999.99585891196,20663.666666666668,60.500688701308704,0.0002984057058946,0.0122089364380113,37352136.333333336,0,0.3511448652414988,,,
297,2026-03-29 05:58:58,deweloper,MSSQLSERVER,0.0,19085.0,6,0,0,5.71,232.8,8.0,224236342.0,20785,5,6,1,0.0,17.0,0.0,0.0,0.0,0.0199999999999995,0.0,0.0,123524.0,61.0,0.0,0.0,19068.0,17.000000000219938,7.856666666666662,3.735469626878576,232.7,0.1732050807568984,8.0,0.0,224111849.0,124980.31736641646,20724.33333333333,60.500688701308704,0.0002991878438564,0.0121980613046895,37372723.66666666,0,0.3446428471010501,,,
298,2026-03-29 05:59:58,deweloper,MSSQLSERVER,0.0,19102.0,6,0,0,5.69,232.8,8.0,224357738.0,20845,5,6,1,0.0,17.0,0.0,0.0,0.0,-0.0199999999999995,0.0,0.0,121396.0,60.0,0.0,0.0,19085.0,17.000000000219938,5.696666666666662,0.0115470053400123,232.8,0.0,8.0,0.0,224235632.66666663,122461.54076829356,20784.666666666668,60.500688701308704,0.000297874568108,0.0121872055282169,37392956.333333336,0,0.3454530145204866,,,
299,2026-03-29 06:00:59,deweloper,MSSQLSERVER,0.0,19119.0,6,0,0,5.68,232.8,8.0,224480065.0,20906,6,6,1,0.0,17.0,0.0,0.0,0.0,-0.0100000000000006,0.0,0.0,122327.0,61.0,0.0,0.0,19102.0,17.000000000219938,5.693333333333328,0.0152752522834224,232.8,0.0,8.0,0.0,224358048.3333333,121861.79636926593,20845.33333333333,60.500688701308704,0.0002970866677127,0.012176369056959,37413344.16666666,0,0.3434270603315564,,,
300,2026-03-29 06:01:59,deweloper,MSSQLSERVER,0.0,19140.0,6,0,0,5.64,232.8,8.0,224613196.0,20966,6,6,1,0.0,21.0,0.0,0.0,0.0,-0.04,0.0,0.0,133131.0,60.0,0.0,0.0,19120.33333333333,19.03505538055587,5.669999999999995,0.0264575130915269,232.8,0.0,8.0,0.0,224483666.3333333,127767.07183129212,20905.666666666668,60.500688701308704,0.0002946708463949,0.0121630094043887,37435532.66666666,0,0.3608773165855731,,,
301,2026-03-29 06:03:00,deweloper,MSSQLSERVER,0.0,19157.0,6,0,0,5.71,232.8,8.0,224725094.0,21027,6,6,1,0.0,17.0,0.0,0.0,0.0,0.0700000000000002,0.0,0.0,111898.0,61.0,0.0,0.0,19138.666666666668,19.03505538055587,5.676666666666661,0.0351188458284409,232.8,0.0,8.0,0.0,224606118.3333333,122667.73306921724,20966.33333333333,60.500688701308704,0.0002980633710915,0.0121522159001931,37454182.333333336,0,0.3497932983518003,,,
302,2026-03-29 06:04:01,deweloper,MSSQLSERVER,0.0,19174.0,6,0,0,5.7,232.8,8.0,224859374.0,21087,6,6,1,0.0,17.0,0.0,0.0,0.0,-0.0099999999999997,0.0,0.0,134280.0,60.0,0.0,0.0,19157.0,17.000000000219938,5.683333333333327,0.0378593889586449,232.8,0.0,8.0,0.0,224732554.66666663,123258.46049395856,21026.666666666668,60.500688701308704,0.000297277563367,0.0121414415354125,37476562.333333336,0,0.3488873265059234,,,
303,2026-03-29 06:05:01,deweloper,MSSQLSERVER,0.0,19191.0,6,0,0,0.09,0.0,8.0,224969454.0,21149,6,6,1,0.0,17.0,0.0,0.0,0.0,-5.61,-232.8,0.0,110080.0,62.0,0.0,0.0,19174.0,17.000000000219938,3.8333333333333286,3.241825617353944,155.20000000000002,134.40714266734489,8.0,0.0,224851307.3333333,122379.55603506965,21087.666666666668,61.00273217924384,4.689698296076285e-06,0.0,37494909.0,1,0.5280161088549866,Średnie logical reads niższe od lokalnej normy (-100.0%),Średni czas zapytań niższe od lokalnej normy (-97.7%),
304,2026-03-29 06:06:02,deweloper,MSSQLSERVER,0.0,19208.0,6,0,0,5.94,232.8,8.0,225103236.0,21209,6,6,1,0.0,17.0,0.0,0.0,0.0,5.8500000000000005,232.8,0.0,133782.0,60.0,0.0,0.0,19191.0,17.000000000219938,3.9099999999999953,3.310392725946417,155.20000000000002,134.40714266734489,8.0,0.0,224977354.66666663,122122.82408845918,21148.33333333333,61.00273217924384,0.0003092461474385,0.0121199500208246,37517206.0,0,0.4174728355744507,,,
305,2026-03-29 06:07:03,deweloper,MSSQLSERVER,0.0,19229.0,6,0,0,12.48,232.5,8.0,225213183.0,21269,6,6,1,0.0,21.0,0.0,0.0,0.0,6.54,-0.3000000000000113,0.0,109947.0,60.0,0.0,0.0,19209.33333333333,19.03505538055587,6.169999999999996,6.198201352005193,155.1,134.32062388181495,8.0,0.0,225095291.0,122058.5868794502,21209.0,59.99999999999395,0.0006490197098133,0.0120911123823391,37535530.5,0,0.4151226525256141,,,
306,2026-03-29 06:08:03,deweloper,MSSQLSERVER,0.0,19246.0,6,0,0,8.77,232.8,8.0,225353719.0,21331,6,6,1,0.0,17.0,0.0,0.0,0.0,-3.710000000000001,0.3000000000000113,0.0,140536.0,62.0,0.0,0.0,19227.666666666668,19.03505538055587,9.063333333333327,3.2798526389660245,232.7,0.173205080764879,8.0,0.0,225223379.3333333,125552.40831756536,21269.666666666668,61.00273217924384,0.000455679102151,0.0120960199521978,37558953.16666666,0,0.3685975964425609,,,
307,2026-03-29 06:09:04,deweloper,MSSQLSERVER,0.0,19263.0,6,0,0,5.75,232.8,8.0,225463728.0,21391,6,6,1,0.0,17.0,0.0,0.0,0.0,-3.02,0.0,0.0,110009.0,60.0,0.0,0.0,19246.0,17.000000000219938,8.999999999999995,3.370890090168925,232.7,0.173205080764879,8.0,0.0,225343543.3333333,125582.0743670802,21330.33333333333,61.00273217924384,0.0002984997144785,0.0120853449618439,37577288.0,0,0.356985089106418,,,
308,2026-03-29 06:10:05,deweloper,MSSQLSERVER,0.0,19280.0,6,0,0,5.65,232.8,8.0,225597376.0,21451,6,6,1,0.0,17.0,0.0,0.0,0.0,-0.0999999999999996,0.0,0.0,133648.0,60.0,0.0,0.0,19263.0,17.000000000219938,6.723333333333329,1.773170418581462,232.8,1.6648380277866409e-06,8.0,0.0,225471607.66666663,122019.46678435712,21391.0,59.99999999999395,0.0002930497925311,0.0120746887966804,37599562.66666666,0,0.3478041876852426,,,
309,2026-03-29 06:11:05,deweloper,MSSQLSERVER,0.0,19297.0,6,0,0,5.72,232.8,8.0,225710127.0,21512,6,6,1,0.0,17.0,0.0,0.0,0.0,0.0699999999999994,0.0,0.0,112751.0,61.0,0.0,0.0,19280.0,17.000000000219938,5.706666666666663,0.0513160143848157,232.8,1.6648380277866409e-06,8.0,0.0,225590410.3333333,123347.1004375004,21451.33333333333,60.500688701308704,0.0002964191325076,0.0120640514069544,37618354.5,0,0.3497629536492977,,,
310,2026-03-29 06:12:06,deweloper,MSSQLSERVER,0.0,19318.0,6,0,0,5.54,232.8,8.0,225843320.0,21572,6,6,1,0.0,21.0,0.0,0.0,0.0,-0.1799999999999997,0.0,0.0,133193.0,60.0,0.0,0.0,19298.33333333333,19.03505538055587,5.636666666666662,0.0907377172533095,232.8,1.6648380277866409e-06,8.0,0.0,225716941.0,123113.50751645627,21511.666666666668,60.500688701308704,0.0002867791696863,0.0120509369499948,37640553.333333336,0,0.3630679640773945,,,
311,2026-03-29 06:13:06,deweloper,MSSQLSERVER,0.0,19335.0,6,0,0,5.64,232.8,8.0,225972143.0,21633,6,6,1,0.0,17.0,0.0,0.0,0.0,0.0999999999999996,0.0,0.0,128823.0,61.0,0.0,0.0,19316.666666666668,19.03505538055587,5.633333333333328,0.0901849950509589,232.8,1.6648380277866409e-06,8.0,0.0,225841863.3333333,131014.07357355508,21572.33333333333,60.500688701308704,0.0002916989914662,0.0120403413498836,37662023.833333336,0,0.3457426631002148,,,
312,2026-03-29 06:14:08,deweloper,MSSQLSERVER,0.0,19352.0,6,0,0,8.66,232.8,8.0,226093270.0,21696,6,6,1,0.0,17.0,0.0,0.0,0.0,3.0200000000000005,0.0,0.0,121127.0,63.0,0.0,0.0,19335.0,17.000000000219938,6.613333333333329,1.7731704185814627,232.8,1.6648380277866409e-06,8.0,0.0,225969577.66666663,124994.7452028958,21633.666666666668,62.00268811376375,0.000447498966515,0.0120297643654402,37682211.66666666,0,0.3647787015408879,,,
313,2026-03-29 06:15:09,deweloper,MSSQLSERVER,0.0,19369.0,6,0,0,7.81,232.8,8.0,226221555.0,21756,6,6,1,0.0,17.0,0.0,0.0,0.0,-0.8500000000000005,0.0,0.0,128285.0,60.0,0.0,0.0,19352.0,17.000000000219938,7.369999999999995,1.5573374714553814,232.8,1.6648380277866409e-06,8.0,0.0,226095656.0,124723.1180856398,21695.0,61.5060972587212,0.0004032216428313,0.0120192059476483,37703592.5,0,0.3507914249997308,,,
314,2026-03-29 06:16:11,deweloper,MSSQLSERVER,0.0,19386.0,6,0,0,6.75,232.8,8.0,226343328.0,21817,6,6,1,0.0,17.0,0.0,0.0,0.0,-1.0599999999999996,0.0,0.0,121773.0,61.0,0.0,0.0,19369.0,17.000000000219938,7.739999999999995,0.956922149393067,232.8,1.6648380277866409e-06,8.0,0.0,226219384.3333333,125043.1313121071,21756.33333333333,60.50068870130868,0.0003481894150417,0.0120086660476632,37723888.0,0,0.3472381812620729,,,
315,2026-03-29 06:17:13,deweloper,MSSQLSERVER,0.0,19409.0,6,0,0,6.37,232.8,8.0,226465370.0,21880,6,6,1,0.0,23.0,0.0,0.0,0.0,-0.3799999999999999,0.0,0.0,122042.0,63.0,0.0,0.0,19388.0,20.07485990007098,6.976666666666662,0.746279661609752,232.8,1.6648380277866409e-06,8.0,0.0,226343417.66666663,121907.52474042292,21817.666666666668,62.00268811376373,0.0003281982585398,0.0119944355711267,37744228.333333336,0,0.3842952123892243,,,
316,2026-03-29 06:18:15,deweloper,MSSQLSERVER,0.0,19426.0,6,0,0,6.64,232.8,8.0,226597517.0,21941,6,6,1,0.0,17.0,0.0,0.0,0.0,0.2699999999999996,0.0,0.0,132147.0,61.0,0.0,0.0,19407.0,20.07485990007098,6.586666666666662,0.1955334583450081,232.8,1.6648380277866409e-06,8.0,0.0,226468738.3333333,127127.97168340562,21879.33333333333,62.00268811376373,0.0003418099454339,0.0119839390507567,37766252.833333336,0,0.3470342173771794,,,
317,2026-03-29 06:19:16,deweloper,MSSQLSERVER,0.0,19443.0,6,0,0,7.13,232.8,8.0,226720535.0,22003,6,6,1,0.0,17.0,0.0,0.0,0.0,0.4900000000000002,0.0,0.0,123018.0,62.0,0.0,0.0,19426.0,17.000000000219938,6.7133333333333285,0.385270467765648,232.8,1.6648380277866409e-06,8.0,0.0,226594474.0,127609.71434417722,21941.33333333333,61.5006775030387,0.0003667129558195,0.0119734608856657,37786755.833333336,0,0.3491019194077613,,,
318,2026-03-29 06:20:17,deweloper,MSSQLSERVER,0.0,19460.0,6,0,0,6.44,232.8,8.0,226846913.0,22063,6,6,1,0.0,17.0,0.0,0.0,0.0,-0.6899999999999995,0.0,0.0,126378.0,60.0,0.0,0.0,19443.0,17.000000000219938,6.736666666666661,0.3550117368938125,232.8,1.6648380277866409e-06,8.0,0.0,226721655.0,124701.77226488206,22002.33333333333,61.00273217924654,0.0003309352517985,0.0119630010277492,37807818.833333336,0,0.3475257114195052,,,
319,2026-03-29 06:21:18,deweloper,MSSQLSERVER,0.0,19477.0,6,0,0,6.27,232.8,8.0,226979752.0,22125,6,6,1,0.0,17.0,0.0,0.0,0.0,-0.1700000000000008,0.0,0.0,132839.0,62.0,0.0,0.0,19460.0,17.000000000219938,6.613333333333327,0.4554484969042706,232.8,1.6648380277866409e-06,8.0,0.0,226849066.66666663,129621.91938224345,22063.666666666668,61.00273217924654,0.0003219181598808,0.0119525594290701,37829958.66666666,0,0.3501095991673692,,,
320,2026-03-29 06:22:20,deweloper,MSSQLSERVER,0.0,19498.0,6,0,0,6.62,232.8,8.0,227101821.0,22187,6,6,1,0.0,21.0,0.0,0.0,0.0,0.3500000000000005,0.0,0.0,122069.0,62.0,0.0,0.0,19478.33333333333,19.03505538055587,6.443333333333328,0.1750238079015432,232.8,1.6648380277866409e-06,8.0,0.0,226976162.0,127491.9142259792,22125.0,61.99999999999592,0.0003395220022566,0.0119396861216535,37850303.5,0,0.3618840115678428,,,
321,2026-03-29 06:23:21,deweloper,MSSQLSERVER,0.0,19515.0,6,0,0,6.18,232.8,8.0,227228371.0,22248,6,6,1,0.0,17.0,0.0,0.0,0.0,-0.4400000000000004,0.0,0.0,126550.0,61.0,0.0,0.0,19496.666666666668,19.03505538055587,6.356666666666661,0.2324507116193769,232.8,1.6648380277866409e-06,8.0,0.0,227103314.66666663,124316.2301243836,22186.666666666668,61.5006775030387,0.0003166794773251,0.0119292851652574,37871395.16666666,0,0.3462498456666151,,,
322,2026-03-29 06:24:22,deweloper,MSSQLSERVER,0.0,19532.0,6,0,0,6.26,232.8,8.0,227351157.0,22310,6,6,1,0.0,17.0,0.0,0.0,0.0,0.08,0.0,0.0,122786.0,62.0,0.0,0.0,19515.0,17.000000000219938,6.353333333333327,0.2343786110812048,232.8,1.6648380277866409e-06,8.0,0.0,227227116.3333333,124672.73505999096,22248.33333333333,61.5006775030387,0.0003204996928117,0.0119189023141511,37891859.5,0,0.3487905265162973,,,
323,2026-03-29 06:25:24,deweloper,MSSQLSERVER,0.0,19549.0,6,0,0,6.49,232.8,8.0,227472305.0,22371,6,6,1,0.0,17.0,0.0,0.0,0.0,0.2300000000000004,0.0,0.0,121148.0,61.0,0.0,0.0,19532.0,17.000000000219938,6.309999999999995,0.1609347693912677,232.8,1.6648380277866409e-06,8.0,0.0,227350611.0,121967.91659286647,22309.666666666668,61.5006775030387,0.0003319862908588,0.0119085375211008,37912050.833333336,0,0.3467911821310352,,,
324,2026-03-29 06:26:24,deweloper,MSSQLSERVER,0.0,19566.0,6,0,0,5.66,232.8,8.0,227595221.0,22431,6,6,1,0.0,17.0,0.0,0.0,0.0,-0.8300000000000001,0.0,0.0,122916.0,60.0,0.0,0.0,19549.0,17.000000000219938,6.1366666666666605,0.4285246006151228,232.8,1.6648380277866409e-06,8.0,0.0,227472894.3333333,122033.06728644026,22370.666666666668,60.50068870130868,0.0002892773177961,0.0118981907390371,37932536.833333336,0,0.3486813422488642,,,
325,2026-03-29 06:27:27,deweloper,MSSQLSERVER,0.0,19587.0,6,0,0,7.89,232.8,8.0,227723609.0,22493,6,6,1,0.0,21.0,0.0,0.0,0.0,2.2299999999999995,0.0,0.0,128388.0,62.0,0.0,0.0,19567.33333333333,19.03505538055587,6.679999999999995,1.1270758625749322,232.8,1.6648380277866409e-06,8.0,0.0,227597045.0,125661.92875331262,22431.666666666668,61.00273217924381,0.000402818195742,0.0118854342165722,37953934.833333336,0,0.3679439363900869,,,
326,2026-03-29 06:28:28,deweloper,MSSQLSERVER,0.0,19604.0,6,0,0,5.67,232.8,8.0,227850688.0,22554,6,6,1,0.0,17.0,0.0,0.0,0.0,-2.22,0.0,0.0,127079.0,61.0,0.0,0.0,19585.666666666668,19.03505538055587,6.406666666666662,1.2846140795321974,232.8,1.6648380277866409e-06,8.0,0.0,227723172.66666663,127734.05894410815,22492.666666666668,61.500677503036,0.0002892266884309,0.0118751275249949,37975114.66666666,0,0.3499478045185993,,,
327,2026-03-29 06:29:30,deweloper,MSSQLSERVER,0.0,19621.0,6,0,0,7.75,232.8,8.0,227977646.0,22617,6,6,1,0.0,17.0,0.0,0.0,0.0,2.08,0.0,0.0,126958.0,63.0,0.0,0.0,19604.0,17.000000000219938,7.103333333333328,1.2432752443977837,232.8,1.6648380277866409e-06,8.0,0.0,227850647.66666663,127018.50481067236,22554.666666666668,62.002688113761046,0.0003949849650884,0.0118648386932368,37996274.333333336,0,0.3648567318966743,,,
328,2026-03-29 06:30:31,deweloper,MSSQLSERVER,0.0,19638.0,6,0,0,7.64,232.8,8.0,228099884.0,22678,6,6,1,0.0,17.0,0.0,0.0,0.0,-0.1100000000000003,0.0,0.0,122238.0,61.0,0.0,0.0,19621.0,17.000000000219938,7.019999999999993,1.170427272409112,232.8,1.6648380277866409e-06,8.0,0.0,227976072.66666663,124605.44987816812,22616.33333333333,62.002688113761046,0.0003890416539362,0.0118545676749159,38016647.333333336,0,0.3529748578799876,,,
329,2026-03-29 06:31:32,deweloper,MSSQLSERVER,0.0,19655.0,6,0,0,11.54,232.8,8.0,228230590.0,22738,6,6,1,0.0,17.0,0.0,0.0,0.0,3.9,0.0,0.0,130706.0,60.0,0.0,0.0,19638.0,17.000000000219938,8.976666666666661,2.220593013888947,232.8,1.6648380277866409e-06,8.0,0.0,228102706.66666663,126495.6219453565,22677.666666666668,60.50068870130593,0.0005871279572627,0.0118443144238107,38038431.66666666,0,0.3779915707799071,,,
333,2026-03-29 06:35:34,deweloper,MSSQLSERVER,0.0,19728.0,6,0,0,6.4,232.8,8.0,228722471.0,22981,6,6,1,0.0,17.0,0.0,0.0,0.0,0.7000000000000002,0.0,0.0,123842.0,60.0,0.0,0.0,19711.0,17.000000000220016,6.239999999999995,0.4804164859785725,232.8,1.6648380277866409e-06,8.0,0.0,228598868.66666663,123482.67444602304,22920.666666666668,60.50068870130593,0.0003244120032441,0.0118004866180048,38120411.833333336,0,0.3525896823934337,,,
334,2026-03-29 06:36:35,deweloper,MSSQLSERVER,0.0,19745.0,6,0,0,5.83,232.8,8.0,228845843.0,23042,6,6,1,0.0,17.0,0.0,0.0,0.0,-0.5700000000000003,0.0,0.0,123372.0,61.0,0.0,0.0,19728.0,17.000000000220016,5.976666666666662,0.3723349746308202,232.8,1.6648380277866409e-06,8.0,0.0,228722314.3333333,123607.07447125556,22981.33333333333,60.50068870130593,0.0002952646239554,0.0117903266649784,38140973.833333336,0,0.3493254461282835,,,
335,2026-03-29 06:37:37,deweloper,MSSQLSERVER,0.0,19766.0,6,0,0,11.7,232.8,8.0,228986376.0,23103,6,6,1,0.0,21.0,0.0,0.0,0.0,5.869999999999999,0.0,0.0,140533.0,61.0,0.0,0.0,19746.33333333333,19.035055380555946,7.976666666666662,3.2370717219940195,232.8,1.6648380277866409e-06,8.0,0.0,228851563.3333333,132045.46155904257,23042.0,60.999999999992205,0.0005919255286856,0.011777800263078,38164396.0,0,0.3947118463900942,,,
336,2026-03-29 06:38:37,deweloper,MSSQLSERVER,0.0,19783.0,6,0,0,5.62,232.8,8.0,229089993.0,23164,6,6,1,0.0,17.0,0.0,0.0,0.0,-6.079999999999999,0.0,0.0,103617.0,61.0,0.0,0.0,19764.666666666668,19.035055380555946,7.716666666666661,3.451265468394648,232.8,1.6648380277866409e-06,8.0,0.0,228974070.66666663,122539.26533295558,23103.0,60.999999999992205,0.0002840822928777,0.0117676793206288,38181665.5,0,0.3733001139017006,,,
337,2026-03-29 06:39:39,deweloper,MSSQLSERVER,0.0,19800.0,6,0,0,6.58,232.8,8.0,229239646.0,23226,6,6,1,0.0,17.0,0.0,0.0,0.0,0.96,0.0,0.0,149653.0,62.0,0.0,0.0,19783.0,17.000000000220016,7.966666666666661,3.268598068489505,232.8,1.6648380277866409e-06,8.0,0.0,229105338.3333333,127330.40747732036,23164.33333333333,61.500677503036,0.0003323232323232,0.0117575757575757,38206607.66666666,0,0.3738998861390056,,,
338,2026-03-29 06:40:41,deweloper,MSSQLSERVER,0.0,19817.0,6,0,0,6.73,232.8,8.0,229345868.0,23288,6,6,1,0.0,17.0,0.0,0.0,0.0,0.1500000000000003,0.0,0.0,106222.0,62.0,0.0,0.0,19800.0,17.000000000220016,6.309999999999995,0.60224579699654,232.8,1.6648380277866409e-06,8.0,0.0,229225169.0,128550.346382288,23226.0,61.99999999999323,0.0003396074077811,0.0117474895291921,38224311.333333336,0,0.3619858577030817,,,
339,2026-03-29 06:41:42,deweloper,MSSQLSERVER,0.0,19838.0,6,0,0,5.85,232.8,8.0,229486714.0,23349,6,6,1,0.0,21.0,0.0,0.0,0.0,-0.8800000000000008,0.0,0.0,140846.0,61.0,0.0,0.0,19818.33333333333,19.035055380555946,6.3866666666666605,0.4707794954469995,232.8,1.6648380277866409e-06,8.0,0.0,229357409.3333333,123937.68974504324,23287.666666666668,61.500677503036,0.0002948885976408,0.0117350539368888,38247785.66666666,0,0.3724865024082175,,,
340,2026-03-29 06:42:44,deweloper,MSSQLSERVER,0.0,19855.0,6,0,0,6.35,232.8,8.0,229590279.0,23411,6,6,1,0.0,17.0,0.0,0.0,0.0,0.5,0.0,0.0,103565.0,62.0,0.0,0.0,19836.666666666668,19.035055380555946,6.309999999999995,0.4413615298142762,232.8,1.6648380277866409e-06,8.0,0.0,229474287.0,122678.46990814804,23349.33333333333,61.500677503036,0.0003198186854696,0.0117250062956434,38265046.5,0,0.3692388857194748,,,
341,2026-03-29 06:43:45,deweloper,MSSQLSERVER,0.0,19872.0,6,0,0,6.21,232.8,8.0,229737320.0,23471,6,6,1,0.0,17.0,0.0,0.0,0.0,-0.1399999999999996,0.0,0.0,147041.0,60.0,0.0,0.0,19855.0,17.000000000220016,6.1366666666666605,0.2579405616287046,232.8,1.6648380277866409e-06,8.0,0.0,229604771.0,125929.96211785496,23410.33333333333,61.00273217924381,0.0003125,0.0117149758454106,38289553.333333336,0,0.3646425767282381,,,
342,2026-03-29 06:44:47,deweloper,MSSQLSERVER,0.0,19889.0,6,0,0,7.71,232.8,8.0,229842092.0,23534,6,6,1,0.0,17.0,0.0,0.0,0.0,1.5,0.0,0.0,104772.0,63.0,0.0,0.0,19872.0,17.000000000220016,6.756666666666661,0.828573070605925,232.8,1.6648380277866409e-06,8.0,0.0,229723230.3333333,126496.38640821654,23472.0,61.5060972587212,0.0003876514656342,0.0117049625421087,38307015.333333336,0,0.3780950384300257,,,
343,2026-03-29 06:45:48,deweloper,MSSQLSERVER,0.0,19906.0,6,0,0,23.8,30.0,8.0,229982241.0,23594,6,6,1,0.0,17.0,0.0,0.0,0.0,16.09,-202.8,0.0,140149.0,60.0,0.0,0.0,19889.0,17.000000000220016,12.573333333333329,9.751463138080014,165.20000000000002,117.0866345916561,8.0,0.0,229853884.3333333,122885.59071890764,23533.0,61.5060972587212,0.0011956194112327,0.0015070832914699,38330373.5,1,0.5399986495832497,Średni czas zapytań wyższe od lokalnej normy (+89.3%),Średnie logical reads niższe od lokalnej normy (-81.8%),
344,2026-03-29 06:46:49,deweloper,MSSQLSERVER,0.0,19927.0,6,0,0,13.44,232.5,8.0,230116158.0,23656,6,6,1,0.0,21.0,0.0,0.0,0.0,-10.36,202.5,0.0,133917.0,62.0,0.0,0.0,19907.33333333333,19.035055380555946,14.983333333333327,8.155270279600384,165.1,117.00012820505796,8.0,0.0,229980163.66666663,137044.80864423516,23594.666666666668,61.00273217924381,0.0006744617855171,0.0116675866914236,38352693.0,1,0.4618948145811623,Średnie logical reads wyższe od lokalnej normy (+40.8%),Średni czas zapytań niższe od lokalnej normy (-10.3%),
345,2026-03-29 06:47:50,deweloper,MSSQLSERVER,0.0,19944.0,6,0,0,5.7,232.8,8.0,230239516.0,23717,6,6,1,0.0,17.0,0.0,0.0,0.0,-7.739999999999999,0.3000000000000113,0.0,123358.0,61.0,0.0,0.0,19925.666666666668,19.035055380555946,14.313333333333327,9.08154906022829,165.1,117.00012820505796,8.0,0.0,230112638.3333333,128673.6082043832,23655.666666666668,61.500677503036,0.0002858002406738,0.0116726835138387,38373252.66666666,0,0.3918866876129748,,,
346,2026-03-29 06:48:50,deweloper,MSSQLSERVER,0.0,19961.0,6,0,0,5.58,232.8,8.0,230365858.0,23777,6,6,1,0.0,17.0,0.0,0.0,0.0,-0.1200000000000001,0.0,0.0,126342.0,60.0,0.0,0.0,19944.0,17.000000000220016,8.239999999999993,4.503731785974824,232.7,0.1732050807543771,8.0,0.0,230240510.66666663,124852.97162396686,23716.666666666668,60.50068870130593,0.0002795451129702,0.0116627423475777,38394309.66666666,0,0.3595467339598326,,,
347,2026-03-29 06:49:51,deweloper,MSSQLSERVER,0.0,19978.0,6,0,0,5.65,232.8,8.0,230487392.0,23838,6,6,1,0.0,17.0,0.0,0.0,0.0,0.0700000000000002,0.0,0.0,121534.0,61.0,0.0,0.0,19961.0,17.000000000220016,5.643333333333327,0.0602771377332002,232.8,0.0,8.0,0.0,230364255.3333333,123945.77141369156,23777.33333333333,60.50068870130593,0.0002828110922014,0.0116528180999099,38414565.333333336,0,0.3555256904328986,,,
348,2026-03-29 06:50:52,deweloper,MSSQLSERVER,0.0,19995.0,6,0,0,6.8,232.8,8.0,230609250.0,23898,6,6,1,0.0,17.0,0.0,0.0,0.0,1.1499999999999997,0.0,0.0,121858.0,60.0,0.0,0.0,19978.0,17.000000000220016,6.0099999999999945,0.6850547423381402,232.8,0.0,8.0,0.0,230487500.0,121696.03595023471,23837.666666666668,60.50068870130593,0.0003400850212553,0.0116429107276819,38434875.0,0,0.3586015306275026,,,
349,2026-03-29 06:51:52,deweloper,MSSQLSERVER,0.0,20016.0,6,0,0,12.15,206.17,8.0,230731824.0,23959,6,6,1,0.0,21.0,0.0,0.0,0.0,5.3500000000000005,-26.630000000000024,0.0,122574.0,61.0,0.0,0.0,19996.33333333333,19.035055380555946,8.199999999999994,3.4687894141904883,223.9233333333333,15.374837668519753,8.0,0.0,230609488.66666663,122216.17478605304,23898.33333333333,60.50068870130593,0.0006070143884892,0.0103002597921662,38455304.0,0,0.4198997272322922,,,
350,2026-03-29 06:52:53,deweloper,MSSQLSERVER,0.0,20033.0,6,0,0,5.78,232.8,8.0,230853603.0,24020,6,6,1,0.0,17.0,0.0,0.0,0.0,-6.37,26.630000000000024,0.0,121779.0,61.0,0.0,0.0,20014.666666666668,19.035055380555946,8.243333333333327,3.421495774267933,223.9233333333333,15.374837668519753,8.0,0.0,230731559.0,122176.71555170669,23959.0,60.999999999992205,0.0002885239355064,0.0116208256376977,38475600.5,0,0.3751112184204162,,,
351,2026-03-29 06:53:59,deweloper,MSSQLSERVER,0.0,20050.0,6,0,0,7.97,232.8,8.0,230980293.0,24085,6,6,1,0.0,17.0,0.0,0.0,0.0,2.1899999999999995,0.0,0.0,126690.0,65.0,0.0,0.0,20033.0,17.000000000220016,8.633333333333328,3.236392024049826,223.9233333333333,15.374837668519753,8.0,0.0,230855240.0,124242.58858782136,24021.33333333333,63.01058112200236,0.0003975062344139,0.0116109725685785,38496715.5,0,0.4042539218972343,,,
352,2026-03-29 06:55:01,deweloper,MSSQLSERVER,0.0,20067.0,6,0,0,6.53,232.8,8.0,231104610.0,24147,6,6,1,0.0,17.0,0.0,0.0,0.0,-1.4399999999999995,0.0,0.0,124317.0,62.0,0.0,0.0,20050.0,17.000000000220016,6.7599999999999945,1.112969002263756,232.8,0.0,8.0,0.0,230979502.0,125505.36950665752,24084.0,63.505905237223125,0.0003254098769123,0.0116011361937509,38517435.0,0,0.3628751061612804,,,
353,2026-03-29 06:56:01,deweloper,MSSQLSERVER,0.0,20084.0,6,0,0,5.57,232.8,8.0,231238721.0,24208,6,6,1,0.0,17.0,0.0,0.0,0.0,-0.96,0.0,0.0,134111.0,61.0,0.0,0.0,20067.0,17.000000000220016,6.689999999999994,1.2079735096433115,232.8,0.0,8.0,0.0,231107874.66666663,129244.9276928768,24146.666666666668,61.50067750303602,0.0002773351921927,0.0115913164708225,38539786.833333336,0,0.3649685621909089,,,
354,2026-03-29 06:57:02,deweloper,MSSQLSERVER,0.0,20105.0,6,0,0,5.62,232.8,8.0,231354270.0,24268,6,6,1,0.0,21.0,0.0,0.0,0.0,0.0499999999999998,0.0,0.0,115549.0,60.0,0.0,0.0,20085.33333333333,19.035055380555946,5.906666666666662,0.5404010856144799,232.8,0.0,8.0,0.0,231232533.66666663,124944.95276856449,24207.666666666668,60.500688701305954,0.0002795324546132,0.0115792091519522,38559045.0,0,0.3787383498615508,,,
355,2026-03-29 06:58:02,deweloper,MSSQLSERVER,0.0,20122.0,6,0,0,5.65,232.8,8.0,231486779.0,24329,6,6,1,0.0,17.0,0.0,0.0,0.0,0.0300000000000002,0.0,0.0,132509.0,61.0,0.0,0.0,20103.666666666668,19.035055380555946,5.613333333333327,0.0404145188429406,232.8,0.0,8.0,0.0,231359923.3333333,124125.59355885805,24268.33333333333,60.500688701305954,0.0002807871980916,0.01156942649836,38581129.833333336,0,0.3644640421991312,,,
356,2026-03-29 06:59:03,deweloper,MSSQLSERVER,0.0,20139.0,6,0,0,5.57,232.8,8.0,231597578.0,24389,6,6,1,0.0,17.0,0.0,0.0,0.0,-0.08,0.0,0.0,110799.0,60.0,0.0,0.0,20122.0,17.000000000220016,5.613333333333327,0.0404145188429406,232.8,0.0,8.0,0.0,231479542.3333333,121815.32221497028,24328.666666666668,60.500688701305954,0.0002765777843984,0.0115596603604945,38599596.333333336,0,0.3716146989650435,,,
357,2026-03-29 07:00:04,deweloper,MSSQLSERVER,0.0,20156.0,6,0,0,0.12,0.0,8.0,231732561.0,24450,7,6,1,0.0,17.0,0.0,0.0,0.0,-5.45,-232.8,0.0,134983.0,61.0,0.0,0.0,20139.0,17.000000000220016,3.779999999999994,3.169905361363327,155.20000000000002,134.40714266734489,8.0,0.0,231605639.3333333,123089.14129335356,24389.33333333333,60.500688701305954,5.953562214725144e-06,0.0,38622093.5,1,0.5423110325205092,Średnie logical reads niższe od lokalnej normy (-100.0%),Średni czas zapytań niższe od lokalnej normy (-96.8%),
358,2026-03-29 07:01:04,deweloper,MSSQLSERVER,0.0,20173.0,6,0,0,5.65,232.8,8.0,231842761.0,24510,7,6,1,0.0,17.0,0.0,0.0,0.0,5.53,232.8,0.0,110200.0,60.0,0.0,0.0,20156.0,17.000000000220016,3.779999999999994,3.169905361363327,155.20000000000002,134.40714266734489,8.0,0.0,231724300.0,122800.07721903492,24449.666666666668,60.500688701305954,0.0002800773310861,0.0115401774649283,38640460.16666666,0,0.4402396582279587,,,
359,2026-03-29 07:02:05,deweloper,MSSQLSERVER,0.0,20194.0,6,0,0,13.07,206.17,8.0,231977567.0,24572,7,6,1,0.0,21.0,0.0,0.0,0.0,7.42,-26.630000000000024,0.0,134806.0,62.0,0.0,0.0,20174.33333333333,19.035055380555946,6.279999999999994,6.497945829260196,146.32333333333335,127.41733647087952,8.0,0.0,231850963.0,122708.7593206,24510.666666666668,61.00273217924111,0.000647221947113,0.010209468158859,38662927.833333336,1,0.4535395986274921,Średni czas zapytań wyższe od lokalnej normy (+108.1%),Średnie logical reads wyższe od lokalnej normy (+40.9%),
360,2026-03-29 07:03:05,deweloper,MSSQLSERVER,0.0,20211.0,6,0,0,5.81,232.8,8.0,232089837.0,24633,7,6,1,0.0,17.0,0.0,0.0,0.0,-7.260000000000001,26.630000000000024,0.0,112270.0,61.0,0.0,0.0,20192.666666666668,19.035055380555946,8.17666666666666,4.238506026105581,223.9233333333333,15.374837668519698,8.0,0.0,231970055.0,123709.17530240408,24571.666666666668,61.50067750303332,0.0002874672208203,0.0115184800356241,38681639.5,0,0.3954943235871855,,,
361,2026-03-29 07:04:06,deweloper,MSSQLSERVER,0.0,20228.0,6,0,0,6.29,232.8,8.0,232223123.0,24693,7,6,1,0.0,17.0,0.0,0.0,0.0,0.4800000000000004,0.0,0.0,133286.0,60.0,0.0,0.0,20211.0,17.000000000220016,8.389999999999993,4.060098520972119,223.9233333333333,15.374837668519698,8.0,0.0,232096842.3333333,122927.79713040224,24632.666666666668,60.5006887013032,0.0003109551117263,0.0115087996836068,38703853.833333336,0,0.3815307743884966,,,
362,2026-03-29 07:05:07,deweloper,MSSQLSERVER,0.0,20245.0,6,0,0,5.68,232.8,8.0,232352017.0,24753,7,6,1,0.0,17.0,0.0,0.0,0.0,-0.6100000000000003,0.0,0.0,128894.0,60.0,0.0,0.0,20228.0,17.000000000220016,5.92666666666666,0.3212994449626528,232.8,0.0,8.0,0.0,232221659.0,131096.13104130537,24693.0,59.9999999999884,0.0002805631020004,0.0114991355890343,38725336.16666666,0,0.3708716193068341,,,
363,2026-03-29 07:06:07,deweloper,MSSQLSERVER,0.0,20262.0,6,0,0,5.68,232.8,8.0,232475939.0,24814,7,6,1,0.0,17.0,0.0,0.0,0.0,0.0,0.0,0.0,123922.0,61.0,0.0,0.0,20245.0,17.000000000220016,5.883333333333328,0.3521836642056366,232.8,0.0,8.0,0.0,232350359.66666663,126416.14822218473,24753.33333333333,60.5006887013032,0.0002803277070378,0.011489487710986,38745989.833333336,0,0.3680554787805475,,,
364,2026-03-29 07:07:08,deweloper,MSSQLSERVER,0.0,20283.0,6,0,0,5.99,232.8,8.0,232604062.0,24875,7,6,1,0.0,21.0,0.0,0.0,0.0,0.3100000000000005,0.0,0.0,128123.0,61.0,0.0,0.0,20263.33333333333,19.035055380555946,5.783333333333327,0.1789785834487842,232.8,0.0,8.0,0.0,232477339.3333333,126028.33494231914,24814.0,60.9999999999895,0.0002953212049499,0.0114775920721786,38767343.66666666,0,0.3866246203564805,,,
365,2026-03-29 07:08:09,deweloper,MSSQLSERVER,0.0,20300.0,6,0,0,8.21,232.8,8.0,232726591.0,24935,7,6,1,0.0,17.0,0.0,0.0,0.0,2.2200000000000006,0.0,0.0,122529.0,60.0,0.0,0.0,20281.666666666668,19.035055380555946,6.626666666666661,1.3799396122053076,232.8,0.0,8.0,0.0,232602197.3333333,125336.40338836728,24874.666666666668,60.5006887013032,0.0004044334975369,0.0114679802955665,38787765.16666666,0,0.3791701170284398,,,
366,2026-03-29 07:09:11,deweloper,MSSQLSERVER,0.0,20317.0,6,0,0,20.37,232.8,8.0,232848693.0,24997,7,6,1,0.0,17.0,0.0,0.0,0.0,12.16,0.0,0.0,122102.0,62.0,0.0,0.0,20300.0,17.000000000220016,11.523333333333328,7.741429669856424,232.8,0.0,8.0,0.0,232726448.66666663,122315.56211836453,24935.666666666668,61.00273217923838,0.0010026086528522,0.0114583846040261,38808115.5,0,0.4368989108634065,,,
367,2026-03-29 07:10:12,deweloper,MSSQLSERVER,0.0,20334.0,6,0,0,6.0,232.8,8.0,232970507.0,25060,7,6,1,0.0,17.0,0.0,0.0,0.0,-14.37,0.0,0.0,121814.0,63.0,0.0,0.0,20317.0,17.000000000220016,11.526666666666662,7.737857153846492,232.8,0.0,8.0,0.0,232848597.0,121958.02834581686,24997.33333333333,62.50066666309959,0.0002950722927117,0.0114488049572145,38828417.833333336,0,0.4106597237283546,,,
368,2026-03-29 07:11:13,deweloper,MSSQLSERVER,0.0,20351.0,6,0,0,5.64,232.8,8.0,233092421.0,25120,7,6,1,0.0,17.0,0.0,0.0,0.0,-0.3600000000000003,0.0,0.0,121914.0,60.0,0.0,0.0,20334.0,17.000000000220016,10.669999999999996,8.402374664343407,232.8,0.0,8.0,0.0,232970540.3333333,121864.0034273103,25059.0,61.50609725871583,0.0002771362586605,0.0114392413149231,38848736.833333336,0,0.3826137850006015,,,
372,2026-03-29 07:15:16,deweloper,MSSQLSERVER,0.0,20424.0,6,0,0,5.65,232.8,8.0,233590895.0,25363,7,6,1,0.0,17.0,0.0,0.0,0.0,-0.04,0.0,0.0,124333.0,61.0,0.0,0.0,20407.0,17.000000000220098,5.656666666666662,0.0305505046330391,232.8,0.0,8.0,0.0,233465988.66666663,125193.98461718444,25302.0,60.99999999998952,0.0002766353309831,0.0113983548766157,38931815.833333336,0,0.3815232074963627,,,
373,2026-03-29 07:16:16,deweloper,MSSQLSERVER,0.0,20441.0,6,0,0,5.69,232.8,8.0,233712494.0,25423,7,6,1,0.0,17.0,0.0,0.0,0.0,0.04,0.0,0.0,121599.0,60.0,0.0,0.0,20424.0,17.000000000220098,5.676666666666662,0.0230940107675846,232.8,0.0,8.0,0.0,233589983.66666663,122968.53278107232,25362.666666666668,60.500688701303226,0.0002783621153563,0.0113888752996428,38952082.333333336,0,0.3800065617079024,,,
374,2026-03-29 07:17:17,deweloper,MSSQLSERVER,0.0,20464.0,6,0,0,5.66,232.8,8.0,233835369.0,25484,7,6,1,0.0,23.0,0.0,0.0,0.0,-0.0300000000000002,0.0,0.0,122875.0,61.0,0.0,0.0,20443.0,20.07485990007112,5.666666666666662,0.0208166599946614,232.8,0.0,8.0,0.0,233712919.3333333,122237.55499980216,25423.33333333333,60.500688701303226,0.0002765832681782,0.0113760750586395,38972561.5,0,0.4092505354663615,,,
375,2026-03-29 07:18:18,deweloper,MSSQLSERVER,0.0,20481.0,6,0,0,5.69,232.8,8.0,233957480.0,25544,7,6,1,0.0,17.0,0.0,0.0,0.0,0.0300000000000002,0.0,0.0,122111.0,60.0,0.0,0.0,20462.0,20.07485990007112,5.679999999999995,0.0173205080756879,232.8,0.0,8.0,0.0,233835114.3333333,122493.19855538038,25483.666666666668,60.500688701303226,0.0002778184658952,0.011366632488648,38992913.333333336,0,0.3827873859905896,,,
