==================================================
START: 2026-03-29 00:13:43
Iterations=360 DelaySeconds=60
==================================================
[2026-03-29 00:13:43] Snapshot 1 / 360
Zapisano snapshot:
CaptureTime: 2026-03-29 00:13:44.139149
ServerName: deweloper
InstanceName: MSSQLSERVER
CpuPercent: 0.00
BatchRequestsPerSec: 13819
UserConnections: 6
BlockedSessions: 0
DeadlocksPerMin: 0
AvgQueryDurationMs: 7.45920000
AvgLogicalReads: 232.800000
TempdbUsedMb: 8.0000000
SignalWaitTimeMs: 189490256
PageLifeExpectancy: 3672
[2026-03-29 00:14:44] Snapshot 2 / 360
Zapisano snapshot:
CaptureTime: 2026-03-29 00:14:44.953169
ServerName: deweloper
InstanceName: MSSQLSERVER
CpuPercent: 0.00
BatchRequestsPerSec: 13836
UserConnections: 5
BlockedSessions: 0
DeadlocksPerMin: 0
AvgQueryDurationMs: 7.74520000
AvgLogicalReads: 232.800000
TempdbUsedMb: 8.0000000
SignalWaitTimeMs: 189611804
PageLifeExpectancy: 3732
[2026-03-29 00:15:45] Snapshot 3 / 360
Zapisano snapshot:
CaptureTime: 2026-03-29 00:15:45.814921
ServerName: deweloper
InstanceName: MSSQLSERVER
CpuPercent: 0.00
BatchRequestsPerSec: 13853
UserConnections: 5
BlockedSessions: 0
DeadlocksPerMin: 0
AvgQueryDurationMs: 8.14940000
AvgLogicalReads: 232.800000
TempdbUsedMb: 8.0000000
SignalWaitTimeMs: 189732044
PageLifeExpectancy: 3793
[2026-03-29 00:16:45] Snapshot 4 / 360
Zapisano snapshot:
CaptureTime: 2026-03-29 00:16:46.618469
ServerName: deweloper
InstanceName: MSSQLSERVER
CpuPercent: 0.00
BatchRequestsPerSec: 13876
UserConnections: 5
BlockedSessions: 0
DeadlocksPerMin: 0
AvgQueryDurationMs: 15.42250000
AvgLogicalReads: 283.375000
TempdbUsedMb: 8.0000000
SignalWaitTimeMs: 189857448
PageLifeExpectancy: 3853
[2026-03-29 00:17:46] Snapshot 5 / 360
Zapisano snapshot:
CaptureTime: 2026-03-29 00:17:47.383834
ServerName: deweloper
InstanceName: MSSQLSERVER
CpuPercent: 0.00
BatchRequestsPerSec: 13893
UserConnections: 5
BlockedSessions: 0
DeadlocksPerMin: 0
AvgQueryDurationMs: 7.86200000
AvgLogicalReads: 232.800000
TempdbUsedMb: 8.0000000
SignalWaitTimeMs: 189977680
PageLifeExpectancy: 3914
[2026-03-29 00:18:47] Snapshot 6 / 360
Zapisano snapshot:
CaptureTime: 2026-03-29 00:18:48.228371
ServerName: deweloper
InstanceName: MSSQLSERVER
CpuPercent: 0.00
BatchRequestsPerSec: 13910
UserConnections: 5
BlockedSessions: 0
DeadlocksPerMin: 0
AvgQueryDurationMs: 7.94760000
AvgLogicalReads: 232.800000
TempdbUsedMb: 8.0000000
SignalWaitTimeMs: 190097934
PageLifeExpectancy: 3975
[2026-03-29 00:19:48] Snapshot 7 / 360
Zapisano snapshot:
CaptureTime: 2026-03-29 00:19:48.993776
ServerName: deweloper
InstanceName: MSSQLSERVER
CpuPercent: 0.00
BatchRequestsPerSec: 13927
UserConnections: 5
BlockedSessions: 0
DeadlocksPerMin: 0
AvgQueryDurationMs: 7.75820000
AvgLogicalReads: 232.800000
TempdbUsedMb: 8.0000000
SignalWaitTimeMs: 190218271
PageLifeExpectancy: 4035
[2026-03-29 00:20:49] Snapshot 8 / 360
Zapisano snapshot:
CaptureTime: 2026-03-29 00:20:49.792572
ServerName: deweloper
InstanceName: MSSQLSERVER
CpuPercent: 0.00
BatchRequestsPerSec: 13944
UserConnections: 5
BlockedSessions: 0
DeadlocksPerMin: 0
AvgQueryDurationMs: 7.85720000
AvgLogicalReads: 232.800000
TempdbUsedMb: 8.0000000
SignalWaitTimeMs: 190338613
PageLifeExpectancy: 4097
[2026-03-29 00:21:49] Snapshot 9 / 360
Zapisano snapshot:
CaptureTime: 2026-03-29 00:21:51.861884
ServerName: deweloper
InstanceName: MSSQLSERVER
CpuPercent: 0.00
BatchRequestsPerSec: 13965
UserConnections: 5
BlockedSessions: 0
DeadlocksPerMin: 0
AvgQueryDurationMs: 24.15440000
AvgLogicalReads: 232.800000
TempdbUsedMb: 8.0000000
SignalWaitTimeMs: 190462866
PageLifeExpectancy: 4159
[2026-03-29 00:22:51] Snapshot 10 / 360
Zapisano snapshot:
CaptureTime: 2026-03-29 00:22:52.909414
ServerName: deweloper
InstanceName: MSSQLSERVER
CpuPercent: 0.00
BatchRequestsPerSec: 13982
UserConnections: 5
BlockedSessions: 0
DeadlocksPerMin: 0
AvgQueryDurationMs: 7.76140000
AvgLogicalReads: 232.800000
TempdbUsedMb: 8.0000000
SignalWaitTimeMs: 190583938
PageLifeExpectancy: 4220
[2026-03-29 00:23:52] Snapshot 11 / 360
Zapisano snapshot:
CaptureTime: 2026-03-29 00:23:53.672560
ServerName: deweloper
InstanceName: MSSQLSERVER
CpuPercent: 0.00
BatchRequestsPerSec: 13999
UserConnections: 5
BlockedSessions: 0
DeadlocksPerMin: 0
AvgQueryDurationMs: 6.60260000
AvgLogicalReads: 16.200000
TempdbUsedMb: 8.0000000
SignalWaitTimeMs: 190704160
PageLifeExpectancy: 4281
[2026-03-29 00:24:53] Snapshot 12 / 360
Zapisano snapshot:
CaptureTime: 2026-03-29 00:24:55.137147
ServerName: deweloper
InstanceName: MSSQLSERVER
CpuPercent: 0.00
BatchRequestsPerSec: 14016
UserConnections: 5
BlockedSessions: 0
DeadlocksPerMin: 0
AvgQueryDurationMs: 71.09940000
AvgLogicalReads: 232.800000
TempdbUsedMb: 8.0000000
SignalWaitTimeMs: 190825611
PageLifeExpectancy: 4343
[2026-03-29 00:25:55] Snapshot 13 / 360
Zapisano snapshot:
CaptureTime: 2026-03-29 00:25:56.186012
ServerName: deweloper
InstanceName: MSSQLSERVER
CpuPercent: 0.00
BatchRequestsPerSec: 14033
UserConnections: 5
BlockedSessions: 0
DeadlocksPerMin: 0
AvgQueryDurationMs: 11.23660000
AvgLogicalReads: 232.800000
TempdbUsedMb: 8.0000000
SignalWaitTimeMs: 190946150
PageLifeExpectancy: 4403
[2026-03-29 00:26:56] Snapshot 14 / 360
Zapisano snapshot:
CaptureTime: 2026-03-29 00:26:57.117372
ServerName: deweloper
InstanceName: MSSQLSERVER
CpuPercent: 0.00
BatchRequestsPerSec: 14054
UserConnections: 5
BlockedSessions: 0
DeadlocksPerMin: 0
AvgQueryDurationMs: 14.41333333
AvgLogicalReads: 232.500000
TempdbUsedMb: 8.0000000
SignalWaitTimeMs: 191068351
PageLifeExpectancy: 4464
[2026-03-29 00:27:57] Snapshot 15 / 360
Zapisano snapshot:
CaptureTime: 2026-03-29 00:27:58.183622
ServerName: deweloper
InstanceName: MSSQLSERVER
CpuPercent: 0.00
BatchRequestsPerSec: 14071
UserConnections: 5
BlockedSessions: 0
DeadlocksPerMin: 0
AvgQueryDurationMs: 13.93980000
AvgLogicalReads: 232.800000
TempdbUsedMb: 8.0000000
SignalWaitTimeMs: 191208113
PageLifeExpectancy: 4526
[2026-03-29 00:28:58] Snapshot 16 / 360
Zapisano snapshot:
CaptureTime: 2026-03-29 00:28:59.035828
ServerName: deweloper
InstanceName: MSSQLSERVER
CpuPercent: 0.00
BatchRequestsPerSec: 14088
UserConnections: 5
BlockedSessions: 0
DeadlocksPerMin: 0
AvgQueryDurationMs: 7.79880000
AvgLogicalReads: 232.800000
TempdbUsedMb: 8.0000000
SignalWaitTimeMs: 191314313
PageLifeExpectancy: 4586
[2026-03-29 00:29:59] Snapshot 17 / 360
Zapisano snapshot:
CaptureTime: 2026-03-29 00:29:59.811708
ServerName: deweloper
InstanceName: MSSQLSERVER
CpuPercent: 0.00
BatchRequestsPerSec: 14105
UserConnections: 5
BlockedSessions: 0
DeadlocksPerMin: 0
AvgQueryDurationMs: 7.88960000
AvgLogicalReads: 232.800000
TempdbUsedMb: 8.0000000
SignalWaitTimeMs: 191451280
PageLifeExpectancy: 4647
[2026-03-29 00:30:59] Snapshot 18 / 360
Zapisano snapshot:
CaptureTime: 2026-03-29 00:31:00.677550
ServerName: deweloper
InstanceName: MSSQLSERVER
CpuPercent: 0.00
BatchRequestsPerSec: 14122
UserConnections: 5
BlockedSessions: 0
DeadlocksPerMin: 0
AvgQueryDurationMs: 14.02100000
AvgLogicalReads: 232.800000
TempdbUsedMb: 8.0000000
SignalWaitTimeMs: 191557598
PageLifeExpectancy: 4708
[2026-03-29 00:32:00] Snapshot 19 / 360
Zapisano snapshot:
CaptureTime: 2026-03-29 00:32:01.627837
ServerName: deweloper
InstanceName: MSSQLSERVER
CpuPercent: 0.00
BatchRequestsPerSec: 14143
UserConnections: 5
BlockedSessions: 0
DeadlocksPerMin: 0
AvgQueryDurationMs: 11.25320000
AvgLogicalReads: 232.800000
TempdbUsedMb: 8.0000000
SignalWaitTimeMs: 191692219
PageLifeExpectancy: 4768
[2026-03-29 00:33:02] Snapshot 20 / 360
Zapisano snapshot:
CaptureTime: 2026-03-29 00:33:06.208774
ServerName: deweloper
InstanceName: MSSQLSERVER
CpuPercent: 0.00
BatchRequestsPerSec: 14160
UserConnections: 5
BlockedSessions: 0
DeadlocksPerMin: 0
AvgQueryDurationMs: 17.49820000
AvgLogicalReads: 232.800000
TempdbUsedMb: 8.0000000
SignalWaitTimeMs: 191830463
PageLifeExpectancy: 4833
[2026-03-29 00:34:06] Snapshot 21 / 360
Zapisano snapshot:
CaptureTime: 2026-03-29 00:34:07.056141
ServerName: deweloper
InstanceName: MSSQLSERVER
CpuPercent: 0.00
BatchRequestsPerSec: 14177
UserConnections: 5
BlockedSessions: 0
DeadlocksPerMin: 0
AvgQueryDurationMs: 7.67880000
AvgLogicalReads: 232.800000
TempdbUsedMb: 8.0000000
SignalWaitTimeMs: 191952471
PageLifeExpectancy: 4894
[2026-03-29 00:35:07] Snapshot 22 / 360
Zapisano snapshot:
CaptureTime: 2026-03-29 00:35:07.875216
ServerName: deweloper
InstanceName: MSSQLSERVER
CpuPercent: 0.00
BatchRequestsPerSec: 14194
UserConnections: 5
BlockedSessions: 0
DeadlocksPerMin: 0
AvgQueryDurationMs: 12.05180000
AvgLogicalReads: 232.800000
TempdbUsedMb: 8.0000000
SignalWaitTimeMs: 192072732
PageLifeExpectancy: 4954
[2026-03-29 00:36:08] Snapshot 23 / 360
Zapisano snapshot:
CaptureTime: 2026-03-29 00:36:08.703733
ServerName: deweloper
InstanceName: MSSQLSERVER
CpuPercent: 0.00
BatchRequestsPerSec: 14211
UserConnections: 5
BlockedSessions: 0
DeadlocksPerMin: 0
AvgQueryDurationMs: 8.19260000
AvgLogicalReads: 232.800000
TempdbUsedMb: 8.0000000
SignalWaitTimeMs: 192198026
PageLifeExpectancy: 5016
[2026-03-29 00:37:08] Snapshot 24 / 360
Zapisano snapshot:
CaptureTime: 2026-03-29 00:37:09.467793
ServerName: deweloper
InstanceName: MSSQLSERVER
CpuPercent: 0.00
BatchRequestsPerSec: 14232
UserConnections: 5
BlockedSessions: 0
DeadlocksPerMin: 0
AvgQueryDurationMs: 8.51820000
AvgLogicalReads: 232.800000
TempdbUsedMb: 8.0000000
SignalWaitTimeMs: 192318281
PageLifeExpectancy: 5077
[2026-03-29 00:38:09] Snapshot 25 / 360
Zapisano snapshot:
CaptureTime: 2026-03-29 00:38:10.457978
ServerName: deweloper
InstanceName: MSSQLSERVER
CpuPercent: 0.00
BatchRequestsPerSec: 14249
UserConnections: 5
BlockedSessions: 0
DeadlocksPerMin: 0
AvgQueryDurationMs: 10.66940000
AvgLogicalReads: 16.200000
TempdbUsedMb: 8.0000000
SignalWaitTimeMs: 192438592
PageLifeExpectancy: 5137
[2026-03-29 00:39:10] Snapshot 26 / 360
Zapisano snapshot:
CaptureTime: 2026-03-29 00:39:11.422492
ServerName: deweloper
InstanceName: MSSQLSERVER
CpuPercent: 0.00
BatchRequestsPerSec: 14266
UserConnections: 5
BlockedSessions: 0
DeadlocksPerMin: 0
AvgQueryDurationMs: 7.89860000
AvgLogicalReads: 232.800000
TempdbUsedMb: 8.0000000
SignalWaitTimeMs: 192559599
PageLifeExpectancy: 5198
[2026-03-29 00:40:11] Snapshot 27 / 360
Zapisano snapshot:
CaptureTime: 2026-03-29 00:40:12.153018
ServerName: deweloper
InstanceName: MSSQLSERVER
CpuPercent: 0.00
BatchRequestsPerSec: 14283
UserConnections: 5
BlockedSessions: 0
DeadlocksPerMin: 0
AvgQueryDurationMs: 9.06980000
AvgLogicalReads: 232.800000
TempdbUsedMb: 8.0000000
SignalWaitTimeMs: 192682262
PageLifeExpectancy: 5259
[2026-03-29 00:41:12] Snapshot 28 / 360
Zapisano snapshot:
CaptureTime: 2026-03-29 00:41:12.846071
ServerName: deweloper
InstanceName: MSSQLSERVER
CpuPercent: 0.00
BatchRequestsPerSec: 14430
UserConnections: 7
BlockedSessions: 0
DeadlocksPerMin: 0
AvgQueryDurationMs: 79.98468421
AvgLogicalReads: 1517.526315
TempdbUsedMb: 8.0000000
SignalWaitTimeMs: 192805307
PageLifeExpectancy: 5320
[2026-03-29 00:42:12] Snapshot 29 / 360
Zapisano snapshot:
CaptureTime: 2026-03-29 00:42:13.487674
ServerName: deweloper
InstanceName: MSSQLSERVER
CpuPercent: 0.00
BatchRequestsPerSec: 14451
UserConnections: 7
BlockedSessions: 0
DeadlocksPerMin: 0
AvgQueryDurationMs: 13.17183333
AvgLogicalReads: 206.166666
TempdbUsedMb: 8.0000000
SignalWaitTimeMs: 192925677
PageLifeExpectancy: 5380
[2026-03-29 00:43:13] Snapshot 30 / 360
Zapisano snapshot:
CaptureTime: 2026-03-29 00:43:14.146322
ServerName: deweloper
InstanceName: MSSQLSERVER
CpuPercent: 0.00
BatchRequestsPerSec: 14468
UserConnections: 7
BlockedSessions: 0
DeadlocksPerMin: 0
AvgQueryDurationMs: 5.83860000
AvgLogicalReads: 232.800000
TempdbUsedMb: 8.0000000
SignalWaitTimeMs: 193055818
PageLifeExpectancy: 5441
[2026-03-29 00:44:14] Snapshot 31 / 360
Zapisano snapshot:
CaptureTime: 2026-03-29 00:44:14.800997
ServerName: deweloper
InstanceName: MSSQLSERVER
CpuPercent: 0.00
BatchRequestsPerSec: 14485
UserConnections: 7
BlockedSessions: 0
DeadlocksPerMin: 0
AvgQueryDurationMs: 6.14260000
AvgLogicalReads: 232.800000
TempdbUsedMb: 8.0000000
SignalWaitTimeMs: 193181149
PageLifeExpectancy: 5502
[2026-03-29 00:45:14] Snapshot 32 / 360
Zapisano snapshot:
CaptureTime: 2026-03-29 00:45:15.568278
ServerName: deweloper
InstanceName: MSSQLSERVER
CpuPercent: 0.00
BatchRequestsPerSec: 14504
UserConnections: 7
BlockedSessions: 0
DeadlocksPerMin: 0
AvgQueryDurationMs: 5.09733333
AvgLogicalReads: 194.500000
TempdbUsedMb: 8.0000000
SignalWaitTimeMs: 193301420
PageLifeExpectancy: 5562
[2026-03-29 00:46:15] Snapshot 33 / 360
Zapisano snapshot:
CaptureTime: 2026-03-29 00:46:16.272945
ServerName: deweloper
InstanceName: MSSQLSERVER
CpuPercent: 0.00
BatchRequestsPerSec: 14521
UserConnections: 7
BlockedSessions: 0
DeadlocksPerMin: 0
AvgQueryDurationMs: 6.07240000
AvgLogicalReads: 232.800000
TempdbUsedMb: 8.0000000
SignalWaitTimeMs: 193421655
PageLifeExpectancy: 5623
[2026-03-29 00:47:16] Snapshot 34 / 360
Zapisano snapshot:
CaptureTime: 2026-03-29 00:47:16.942629
ServerName: deweloper
InstanceName: MSSQLSERVER
CpuPercent: 0.00
BatchRequestsPerSec: 14542
UserConnections: 6
BlockedSessions: 0
DeadlocksPerMin: 0
AvgQueryDurationMs: 6.17200000
AvgLogicalReads: 232.800000
TempdbUsedMb: 8.0000000
SignalWaitTimeMs: 193541891
PageLifeExpectancy: 5683
[2026-03-29 00:48:17] Snapshot 35 / 360
Zapisano snapshot:
CaptureTime: 2026-03-29 00:48:17.614436
ServerName: deweloper
InstanceName: MSSQLSERVER
CpuPercent: 0.00
BatchRequestsPerSec: 14559
UserConnections: 6
BlockedSessions: 0
DeadlocksPerMin: 0
AvgQueryDurationMs: 6.63540000
AvgLogicalReads: 232.800000
TempdbUsedMb: 8.0000000
SignalWaitTimeMs: 193662162
PageLifeExpectancy: 5744
[2026-03-29 00:49:17] Snapshot 36 / 360
Zapisano snapshot:
CaptureTime: 2026-03-29 00:49:18.283198
ServerName: deweloper
InstanceName: MSSQLSERVER
CpuPercent: 0.00
BatchRequestsPerSec: 14576
UserConnections: 6
BlockedSessions: 0
DeadlocksPerMin: 0
AvgQueryDurationMs: 6.33120000
AvgLogicalReads: 232.800000
TempdbUsedMb: 8.0000000
SignalWaitTimeMs: 193782501
PageLifeExpectancy: 5805
[2026-03-29 00:50:18] Snapshot 37 / 360
Zapisano snapshot:
CaptureTime: 2026-03-29 00:50:18.932827
ServerName: deweloper
InstanceName: MSSQLSERVER
CpuPercent: 0.00
BatchRequestsPerSec: 14593
UserConnections: 6
BlockedSessions: 0
DeadlocksPerMin: 0
AvgQueryDurationMs: 6.29420000
AvgLogicalReads: 232.800000
TempdbUsedMb: 8.0000000
SignalWaitTimeMs: 193902771
PageLifeExpectancy: 5866
[2026-03-29 00:51:18] Snapshot 38 / 360
Zapisano snapshot:
CaptureTime: 2026-03-29 00:51:19.549949
ServerName: deweloper
InstanceName: MSSQLSERVER
CpuPercent: 0.00
BatchRequestsPerSec: 14610
UserConnections: 6
BlockedSessions: 0
DeadlocksPerMin: 0
AvgQueryDurationMs: 2.73600000
AvgLogicalReads: 89.714285
TempdbUsedMb: 8.0000000
SignalWaitTimeMs: 194022965
PageLifeExpectancy: 5927
[2026-03-29 00:52:19] Snapshot 39 / 360
Zapisano snapshot:
CaptureTime: 2026-03-29 00:52:20.214163
ServerName: deweloper
InstanceName: MSSQLSERVER
CpuPercent: 0.00
BatchRequestsPerSec: 14631
UserConnections: 6
BlockedSessions: 0
DeadlocksPerMin: 0
AvgQueryDurationMs: 16.25650000
AvgLogicalReads: 206.166666
TempdbUsedMb: 8.0000000
SignalWaitTimeMs: 194148227
PageLifeExpectancy: 5988
[2026-03-29 00:53:20] Snapshot 40 / 360
Zapisano snapshot:
CaptureTime: 2026-03-29 00:53:20.966941
ServerName: deweloper
InstanceName: MSSQLSERVER
CpuPercent: 0.00
BatchRequestsPerSec: 14648
UserConnections: 6
BlockedSessions: 0
DeadlocksPerMin: 0
AvgQueryDurationMs: 6.27960000
AvgLogicalReads: 232.800000
TempdbUsedMb: 8.0000000
SignalWaitTimeMs: 194268444
PageLifeExpectancy: 6048
[2026-03-29 00:54:21] Snapshot 41 / 360
Zapisano snapshot:
CaptureTime: 2026-03-29 00:54:21.641848
ServerName: deweloper
InstanceName: MSSQLSERVER
CpuPercent: 0.00
BatchRequestsPerSec: 14667
UserConnections: 6
BlockedSessions: 0
DeadlocksPerMin: 0
AvgQueryDurationMs: 6.87000000
AvgLogicalReads: 232.800000
TempdbUsedMb: 8.0000000
SignalWaitTimeMs: 194388843
PageLifeExpectancy: 6109
[2026-03-29 00:55:21] Snapshot 42 / 360
Zapisano snapshot:
CaptureTime: 2026-03-29 00:55:22.306175
ServerName: deweloper
InstanceName: MSSQLSERVER
CpuPercent: 0.00
BatchRequestsPerSec: 14684
UserConnections: 6
BlockedSessions: 0
DeadlocksPerMin: 0
AvgQueryDurationMs: 6.58840000
AvgLogicalReads: 232.800000
TempdbUsedMb: 8.0000000
SignalWaitTimeMs: 194509124
PageLifeExpectancy: 6169
[2026-03-29 00:56:22] Snapshot 43 / 360
Zapisano snapshot:
CaptureTime: 2026-03-29 00:56:22.977593
ServerName: deweloper
InstanceName: MSSQLSERVER
CpuPercent: 0.00
BatchRequestsPerSec: 14701
UserConnections: 6
BlockedSessions: 0
DeadlocksPerMin: 0
AvgQueryDurationMs: 3.40610000
AvgLogicalReads: 117.200000
TempdbUsedMb: 8.0000000
SignalWaitTimeMs: 194629373
PageLifeExpectancy: 6230
[2026-03-29 00:57:23] Snapshot 44 / 360
Zapisano snapshot:
CaptureTime: 2026-03-29 00:57:23.646230
ServerName: deweloper
InstanceName: MSSQLSERVER
CpuPercent: 0.00
BatchRequestsPerSec: 14722
UserConnections: 6
BlockedSessions: 0
DeadlocksPerMin: 0
AvgQueryDurationMs: 6.08080000
AvgLogicalReads: 232.800000
TempdbUsedMb: 8.0000000
SignalWaitTimeMs: 194749641
PageLifeExpectancy: 6291
[2026-03-29 00:58:23] Snapshot 45 / 360
Zapisano snapshot:
CaptureTime: 2026-03-29 00:58:24.319195
ServerName: deweloper
InstanceName: MSSQLSERVER
CpuPercent: 0.00
BatchRequestsPerSec: 14739
UserConnections: 6
BlockedSessions: 0
DeadlocksPerMin: 0
AvgQueryDurationMs: 8.21700000
AvgLogicalReads: 232.800000
TempdbUsedMb: 8.0000000
SignalWaitTimeMs: 194869996
PageLifeExpectancy: 6351
[2026-03-29 00:59:24] Snapshot 46 / 360
Zapisano snapshot:
CaptureTime: 2026-03-29 00:59:25.009731
ServerName: deweloper
InstanceName: MSSQLSERVER
CpuPercent: 0.00
BatchRequestsPerSec: 14756
UserConnections: 6
BlockedSessions: 0
DeadlocksPerMin: 0
AvgQueryDurationMs: 8.56200000
AvgLogicalReads: 232.800000
TempdbUsedMb: 8.0000000
SignalWaitTimeMs: 194990319
PageLifeExpectancy: 6412
[2026-03-29 01:00:25] Snapshot 47 / 360
Zapisano snapshot:
CaptureTime: 2026-03-29 01:00:25.676108
ServerName: deweloper
InstanceName: MSSQLSERVER
CpuPercent: 0.00
BatchRequestsPerSec: 14773
UserConnections: 6
BlockedSessions: 0
DeadlocksPerMin: 0
AvgQueryDurationMs: 6.33260000
AvgLogicalReads: 232.800000
TempdbUsedMb: 8.0000000
SignalWaitTimeMs: 195111493
PageLifeExpectancy: 6473
[2026-03-29 01:01:25] Snapshot 48 / 360
Zapisano snapshot:
CaptureTime: 2026-03-29 01:01:26.416582
ServerName: deweloper
InstanceName: MSSQLSERVER
CpuPercent: 0.00
BatchRequestsPerSec: 14790
UserConnections: 5
BlockedSessions: 0
DeadlocksPerMin: 0
AvgQueryDurationMs: 12.14760000
AvgLogicalReads: 232.800000
TempdbUsedMb: 8.0000000
SignalWaitTimeMs: 195236729
PageLifeExpectancy: 6533
[2026-03-29 01:02:26] Snapshot 49 / 360
Zapisano snapshot:
CaptureTime: 2026-03-29 01:02:27.075929
ServerName: deweloper
InstanceName: MSSQLSERVER
CpuPercent: 0.00
BatchRequestsPerSec: 14811
UserConnections: 6
BlockedSessions: 0
DeadlocksPerMin: 0
AvgQueryDurationMs: 6.28360000
AvgLogicalReads: 232.800000
TempdbUsedMb: 8.0000000
SignalWaitTimeMs: 195356958
PageLifeExpectancy: 6594
[2026-03-29 01:03:27] Snapshot 50 / 360
Zapisano snapshot:
CaptureTime: 2026-03-29 01:03:27.726910
ServerName: deweloper
InstanceName: MSSQLSERVER
CpuPercent: 0.00
BatchRequestsPerSec: 14828
UserConnections: 6
BlockedSessions: 0
DeadlocksPerMin: 0
AvgQueryDurationMs: 6.62500000
AvgLogicalReads: 232.800000
TempdbUsedMb: 8.0000000
SignalWaitTimeMs: 195477214
PageLifeExpectancy: 6655
[2026-03-29 01:04:27] Snapshot 51 / 360
Zapisano snapshot:
CaptureTime: 2026-03-29 01:04:28.346685
ServerName: deweloper
InstanceName: MSSQLSERVER
CpuPercent: 0.00
BatchRequestsPerSec: 14845
UserConnections: 6
BlockedSessions: 0
DeadlocksPerMin: 0
AvgQueryDurationMs: 2.91085714
AvgLogicalReads: 89.714285
TempdbUsedMb: 8.0000000
SignalWaitTimeMs: 195597428
PageLifeExpectancy: 6715
[2026-03-29 01:05:28] Snapshot 52 / 360
Zapisano snapshot:
CaptureTime: 2026-03-29 01:05:28.996201
ServerName: deweloper
InstanceName: MSSQLSERVER
CpuPercent: 0.00
BatchRequestsPerSec: 14862
UserConnections: 6
BlockedSessions: 0
DeadlocksPerMin: 0
AvgQueryDurationMs: 6.05920000
AvgLogicalReads: 232.800000
TempdbUsedMb: 8.0000000
SignalWaitTimeMs: 195717644
PageLifeExpectancy: 6775
[2026-03-29 01:06:29] Snapshot 53 / 360
Zapisano snapshot:
CaptureTime: 2026-03-29 01:06:29.769252
ServerName: deweloper
InstanceName: MSSQLSERVER
CpuPercent: 0.00
BatchRequestsPerSec: 14879
UserConnections: 6
BlockedSessions: 0
DeadlocksPerMin: 0
AvgQueryDurationMs: 7.42820000
AvgLogicalReads: 232.800000
TempdbUsedMb: 8.0000000
SignalWaitTimeMs: 195837961
PageLifeExpectancy: 6837
[2026-03-29 01:07:29] Snapshot 54 / 360
Zapisano snapshot:
CaptureTime: 2026-03-29 01:07:30.727988
ServerName: deweloper
InstanceName: MSSQLSERVER
CpuPercent: 0.00
BatchRequestsPerSec: 14900
UserConnections: 6
BlockedSessions: 0
DeadlocksPerMin: 0
AvgQueryDurationMs: 10.80720000
AvgLogicalReads: 232.800000
TempdbUsedMb: 8.0000000
SignalWaitTimeMs: 195973822
PageLifeExpectancy: 6898
[2026-03-29 01:08:30] Snapshot 55 / 360
Zapisano snapshot:
CaptureTime: 2026-03-29 01:08:31.453556
ServerName: deweloper
InstanceName: MSSQLSERVER
CpuPercent: 0.00
BatchRequestsPerSec: 14917
UserConnections: 6
BlockedSessions: 0
DeadlocksPerMin: 0
AvgQueryDurationMs: 6.25600000
AvgLogicalReads: 232.800000
TempdbUsedMb: 8.0000000
SignalWaitTimeMs: 196080714
PageLifeExpectancy: 6958
[2026-03-29 01:09:31] Snapshot 56 / 360
Zapisano snapshot:
CaptureTime: 2026-03-29 01:09:32.079981
ServerName: deweloper
InstanceName: MSSQLSERVER
CpuPercent: 0.00
BatchRequestsPerSec: 14934
UserConnections: 6
BlockedSessions: 0
DeadlocksPerMin: 0
AvgQueryDurationMs: 6.26120000
AvgLogicalReads: 232.800000
TempdbUsedMb: 8.0000000
SignalWaitTimeMs: 196221096
PageLifeExpectancy: 7019
[2026-03-29 01:10:32] Snapshot 57 / 360
Zapisano snapshot:
CaptureTime: 2026-03-29 01:10:32.945945
ServerName: deweloper
InstanceName: MSSQLSERVER
CpuPercent: 0.00
BatchRequestsPerSec: 14951
UserConnections: 6
BlockedSessions: 0
DeadlocksPerMin: 0
AvgQueryDurationMs: 8.54600000
AvgLogicalReads: 232.800000
TempdbUsedMb: 8.0000000
SignalWaitTimeMs: 196326268
PageLifeExpectancy: 7080
[2026-03-29 01:11:33] Snapshot 58 / 360
Zapisano snapshot:
CaptureTime: 2026-03-29 01:11:33.616607
ServerName: deweloper
InstanceName: MSSQLSERVER
CpuPercent: 0.00
BatchRequestsPerSec: 14972
UserConnections: 6
BlockedSessions: 0
DeadlocksPerMin: 0
AvgQueryDurationMs: 14.33966666
AvgLogicalReads: 206.166666
TempdbUsedMb: 8.0000000
SignalWaitTimeMs: 196461606
PageLifeExpectancy: 7140
[2026-03-29 01:12:33] Snapshot 59 / 360
Zapisano snapshot:
CaptureTime: 2026-03-29 01:12:34.260808
ServerName: deweloper
InstanceName: MSSQLSERVER
CpuPercent: 0.00
BatchRequestsPerSec: 14989
UserConnections: 6
BlockedSessions: 0
DeadlocksPerMin: 0
AvgQueryDurationMs: 6.17720000
AvgLogicalReads: 232.800000
TempdbUsedMb: 8.0000000
SignalWaitTimeMs: 196566813
PageLifeExpectancy: 7201
[2026-03-29 01:13:34] Snapshot 60 / 360
Zapisano snapshot:
CaptureTime: 2026-03-29 01:13:34.941713
ServerName: deweloper
InstanceName: MSSQLSERVER
CpuPercent: 0.00
BatchRequestsPerSec: 15006
UserConnections: 6
BlockedSessions: 0
DeadlocksPerMin: 0
AvgQueryDurationMs: 5.94740000
AvgLogicalReads: 232.800000
TempdbUsedMb: 8.0000000
SignalWaitTimeMs: 196702090
PageLifeExpectancy: 7262
[2026-03-29 01:14:35] Snapshot 61 / 360
Zapisano snapshot:
CaptureTime: 2026-03-29 01:14:35.605365
ServerName: deweloper
InstanceName: MSSQLSERVER
CpuPercent: 0.00
BatchRequestsPerSec: 15023
UserConnections: 6
BlockedSessions: 0
DeadlocksPerMin: 0
AvgQueryDurationMs: 6.44880000
AvgLogicalReads: 232.800000
TempdbUsedMb: 8.0000000
SignalWaitTimeMs: 196807305
PageLifeExpectancy: 7321
[2026-03-29 01:15:35] Snapshot 62 / 360
Zapisano snapshot:
CaptureTime: 2026-03-29 01:15:38.656586
ServerName: deweloper
InstanceName: MSSQLSERVER
CpuPercent: 0.00
BatchRequestsPerSec: 15042
UserConnections: 7
BlockedSessions: 0
DeadlocksPerMin: 0
AvgQueryDurationMs: 21.94216666
AvgLogicalReads: 195.333333
TempdbUsedMb: 8.0000000
SignalWaitTimeMs: 196952458
PageLifeExpectancy: 7385
[2026-03-29 01:16:38] Snapshot 63 / 360
Zapisano snapshot:
CaptureTime: 2026-03-29 01:16:39.393128
ServerName: deweloper
InstanceName: MSSQLSERVER
CpuPercent: 0.00
BatchRequestsPerSec: 15175
UserConnections: 7
BlockedSessions: 0
DeadlocksPerMin: 0
AvgQueryDurationMs: 6.97480000
AvgLogicalReads: 232.800000
TempdbUsedMb: 8.0000000
SignalWaitTimeMs: 197059081
PageLifeExpectancy: 7446
[2026-03-29 01:17:39] Snapshot 64 / 360
Zapisano snapshot:
CaptureTime: 2026-03-29 01:17:40.078795
ServerName: deweloper
InstanceName: MSSQLSERVER
CpuPercent: 0.00
BatchRequestsPerSec: 15192
UserConnections: 7
BlockedSessions: 0
DeadlocksPerMin: 0
AvgQueryDurationMs: 6.15300000
AvgLogicalReads: 232.800000
TempdbUsedMb: 8.0000000
SignalWaitTimeMs: 197194294
PageLifeExpectancy: 7507
[2026-03-29 01:18:40] Snapshot 65 / 360
Zapisano snapshot:
CaptureTime: 2026-03-29 01:18:40.731589
ServerName: deweloper
InstanceName: MSSQLSERVER
CpuPercent: 0.00
BatchRequestsPerSec: 15209
UserConnections: 7
BlockedSessions: 0
DeadlocksPerMin: 0
AvgQueryDurationMs: 6.13260000
AvgLogicalReads: 232.800000
TempdbUsedMb: 8.0000000
SignalWaitTimeMs: 197299608
PageLifeExpectancy: 7568
[2026-03-29 01:19:40] Snapshot 66 / 360
Zapisano snapshot:
CaptureTime: 2026-03-29 01:19:41.439697
ServerName: deweloper
InstanceName: MSSQLSERVER
CpuPercent: 0.00
BatchRequestsPerSec: 15226
UserConnections: 7
BlockedSessions: 0
DeadlocksPerMin: 0
AvgQueryDurationMs: 6.10280000
AvgLogicalReads: 232.800000
TempdbUsedMb: 8.0000000
SignalWaitTimeMs: 197434757
PageLifeExpectancy: 7629
[2026-03-29 01:20:41] Snapshot 67 / 360
Zapisano snapshot:
CaptureTime: 2026-03-29 01:20:42.113066
ServerName: deweloper
InstanceName: MSSQLSERVER
CpuPercent: 0.00
BatchRequestsPerSec: 15243
UserConnections: 7
BlockedSessions: 0
DeadlocksPerMin: 0
AvgQueryDurationMs: 6.17260000
AvgLogicalReads: 232.800000
TempdbUsedMb: 8.0000000
SignalWaitTimeMs: 197540039
PageLifeExpectancy: 7689
[2026-03-29 01:21:42] Snapshot 68 / 360
Zapisano snapshot:
CaptureTime: 2026-03-29 01:21:42.761342
ServerName: deweloper
InstanceName: MSSQLSERVER
CpuPercent: 0.00
BatchRequestsPerSec: 15264
UserConnections: 7
BlockedSessions: 0
DeadlocksPerMin: 0
AvgQueryDurationMs: 12.35287500
AvgLogicalReads: 158.375000
TempdbUsedMb: 8.0000000
SignalWaitTimeMs: 197675233
PageLifeExpectancy: 7750
[2026-03-29 01:22:42] Snapshot 69 / 360
Zapisano snapshot:
CaptureTime: 2026-03-29 01:22:43.425460
ServerName: deweloper
InstanceName: MSSQLSERVER
CpuPercent: 0.00
BatchRequestsPerSec: 15281
UserConnections: 6
BlockedSessions: 0
DeadlocksPerMin: 0
AvgQueryDurationMs: 6.31940000
AvgLogicalReads: 232.800000
TempdbUsedMb: 8.0000000
SignalWaitTimeMs: 197784407
PageLifeExpectancy: 7811
[2026-03-29 01:23:43] Snapshot 70 / 360
Zapisano snapshot:
CaptureTime: 2026-03-29 01:23:44.104284
ServerName: deweloper
InstanceName: MSSQLSERVER
CpuPercent: 0.00
BatchRequestsPerSec: 15298
UserConnections: 6
BlockedSessions: 0
DeadlocksPerMin: 0
AvgQueryDurationMs: 7.56960000
AvgLogicalReads: 232.800000
TempdbUsedMb: 8.0000000
SignalWaitTimeMs: 197921311
PageLifeExpectancy: 7871
[2026-03-29 01:24:44] Snapshot 71 / 360
Zapisano snapshot:
CaptureTime: 2026-03-29 01:24:44.742633
ServerName: deweloper
InstanceName: MSSQLSERVER
CpuPercent: 0.00
BatchRequestsPerSec: 15315
UserConnections: 6
BlockedSessions: 0
DeadlocksPerMin: 0
AvgQueryDurationMs: 6.12920000
AvgLogicalReads: 232.800000
TempdbUsedMb: 8.0000000
SignalWaitTimeMs: 198055922
PageLifeExpectancy: 7932
[2026-03-29 01:25:44] Snapshot 72 / 360
Zapisano snapshot:
CaptureTime: 2026-03-29 01:25:45.391595
ServerName: deweloper
InstanceName: MSSQLSERVER
CpuPercent: 0.00
BatchRequestsPerSec: 15332
UserConnections: 6
BlockedSessions: 0
DeadlocksPerMin: 0
AvgQueryDurationMs: 6.04540000
AvgLogicalReads: 232.800000
TempdbUsedMb: 8.0000000
SignalWaitTimeMs: 198176153
PageLifeExpectancy: 7993
[2026-03-29 01:26:45] Snapshot 73 / 360
Zapisano snapshot:
CaptureTime: 2026-03-29 01:26:46.051085
ServerName: deweloper
InstanceName: MSSQLSERVER
CpuPercent: 0.00
BatchRequestsPerSec: 15353
UserConnections: 6
BlockedSessions: 0
DeadlocksPerMin: 0
AvgQueryDurationMs: 11.89966666
AvgLogicalReads: 232.500000
TempdbUsedMb: 8.0000000
SignalWaitTimeMs: 198296416
PageLifeExpectancy: 8053
[2026-03-29 01:27:46] Snapshot 74 / 360
Zapisano snapshot:
CaptureTime: 2026-03-29 01:27:46.698740
ServerName: deweloper
InstanceName: MSSQLSERVER
CpuPercent: 0.00
BatchRequestsPerSec: 15370
UserConnections: 6
BlockedSessions: 0
DeadlocksPerMin: 0
AvgQueryDurationMs: 6.19200000
AvgLogicalReads: 232.800000
TempdbUsedMb: 8.0000000
SignalWaitTimeMs: 198416673
PageLifeExpectancy: 8114
[2026-03-29 01:28:46] Snapshot 75 / 360
Zapisano snapshot:
CaptureTime: 2026-03-29 01:28:47.369811
ServerName: deweloper
InstanceName: MSSQLSERVER
CpuPercent: 0.00
BatchRequestsPerSec: 15387
UserConnections: 6
BlockedSessions: 0
DeadlocksPerMin: 0
AvgQueryDurationMs: 6.05460000
AvgLogicalReads: 232.800000
TempdbUsedMb: 8.0000000
SignalWaitTimeMs: 198536942
PageLifeExpectancy: 8174
[2026-03-29 01:29:47] Snapshot 76 / 360
Zapisano snapshot:
CaptureTime: 2026-03-29 01:29:48.235102
ServerName: deweloper
InstanceName: MSSQLSERVER
CpuPercent: 0.00
BatchRequestsPerSec: 15404
UserConnections: 6
BlockedSessions: 0
DeadlocksPerMin: 0
AvgQueryDurationMs: 6.29360000
AvgLogicalReads: 232.800000
TempdbUsedMb: 8.0000000
SignalWaitTimeMs: 198657182
PageLifeExpectancy: 8235
[2026-03-29 01:30:48] Snapshot 77 / 360
Zapisano snapshot:
CaptureTime: 2026-03-29 01:30:48.895565
ServerName: deweloper
InstanceName: MSSQLSERVER
CpuPercent: 0.00
BatchRequestsPerSec: 15421
UserConnections: 6
BlockedSessions: 0
DeadlocksPerMin: 0
AvgQueryDurationMs: 6.61020000
AvgLogicalReads: 232.800000
TempdbUsedMb: 8.0000000
SignalWaitTimeMs: 198782891
PageLifeExpectancy: 8296
[2026-03-29 01:31:48] Snapshot 78 / 360
Zapisano snapshot:
CaptureTime: 2026-03-29 01:31:49.570322
ServerName: deweloper
InstanceName: MSSQLSERVER
CpuPercent: 0.00
BatchRequestsPerSec: 15442
UserConnections: 6
BlockedSessions: 0
DeadlocksPerMin: 0
AvgQueryDurationMs: 13.34716666
AvgLogicalReads: 206.166666
TempdbUsedMb: 8.0000000
SignalWaitTimeMs: 198903215
PageLifeExpectancy: 8357
[2026-03-29 01:32:49] Snapshot 79 / 360
Zapisano snapshot:
CaptureTime: 2026-03-29 01:32:50.245258
ServerName: deweloper
InstanceName: MSSQLSERVER
CpuPercent: 0.00
BatchRequestsPerSec: 15459
UserConnections: 6
BlockedSessions: 0
DeadlocksPerMin: 0
AvgQueryDurationMs: 6.81620000
AvgLogicalReads: 232.800000
TempdbUsedMb: 8.0000000
SignalWaitTimeMs: 199023448
PageLifeExpectancy: 8417
[2026-03-29 01:33:50] Snapshot 80 / 360
Zapisano snapshot:
CaptureTime: 2026-03-29 01:33:50.895456
ServerName: deweloper
InstanceName: MSSQLSERVER
CpuPercent: 0.00
BatchRequestsPerSec: 15476
UserConnections: 6
BlockedSessions: 0
DeadlocksPerMin: 0
AvgQueryDurationMs: 5.99620000
AvgLogicalReads: 232.800000
TempdbUsedMb: 8.0000000
SignalWaitTimeMs: 199143735
PageLifeExpectancy: 8478
[2026-03-29 01:34:50] Snapshot 81 / 360
Zapisano snapshot:
CaptureTime: 2026-03-29 01:34:51.557866
ServerName: deweloper
InstanceName: MSSQLSERVER
CpuPercent: 0.00
BatchRequestsPerSec: 15493
UserConnections: 6
BlockedSessions: 0
DeadlocksPerMin: 0
AvgQueryDurationMs: 5.88740000
AvgLogicalReads: 232.800000
TempdbUsedMb: 8.0000000
SignalWaitTimeMs: 199264002
PageLifeExpectancy: 8539
[2026-03-29 01:35:51] Snapshot 82 / 360
Zapisano snapshot:
CaptureTime: 2026-03-29 01:35:52.467935
ServerName: deweloper
InstanceName: MSSQLSERVER
CpuPercent: 0.00
BatchRequestsPerSec: 15512
UserConnections: 6
BlockedSessions: 0
DeadlocksPerMin: 0
AvgQueryDurationMs: 6.17900000
AvgLogicalReads: 232.800000
TempdbUsedMb: 8.0000000
SignalWaitTimeMs: 199385223
PageLifeExpectancy: 8600
[2026-03-29 01:36:52] Snapshot 83 / 360
Zapisano snapshot:
CaptureTime: 2026-03-29 01:36:53.242209
ServerName: deweloper
InstanceName: MSSQLSERVER
CpuPercent: 0.00
BatchRequestsPerSec: 15533
UserConnections: 6
BlockedSessions: 0
DeadlocksPerMin: 0
AvgQueryDurationMs: 17.51016666
AvgLogicalReads: 232.500000
TempdbUsedMb: 8.0000000
SignalWaitTimeMs: 199505489
PageLifeExpectancy: 8660
[2026-03-29 01:37:53] Snapshot 84 / 360
Zapisano snapshot:
CaptureTime: 2026-03-29 01:37:53.940792
ServerName: deweloper
InstanceName: MSSQLSERVER
CpuPercent: 0.00
BatchRequestsPerSec: 15550
UserConnections: 6
BlockedSessions: 0
DeadlocksPerMin: 0
AvgQueryDurationMs: 6.28580000
AvgLogicalReads: 232.800000
TempdbUsedMb: 8.0000000
SignalWaitTimeMs: 199625754
PageLifeExpectancy: 8721
[2026-03-29 01:38:54] Snapshot 85 / 360
Zapisano snapshot:
CaptureTime: 2026-03-29 01:38:54.613335
ServerName: deweloper
InstanceName: MSSQLSERVER
CpuPercent: 0.00
BatchRequestsPerSec: 15567
UserConnections: 6
BlockedSessions: 0
DeadlocksPerMin: 0
AvgQueryDurationMs: 6.41180000
AvgLogicalReads: 232.800000
TempdbUsedMb: 8.0000000
SignalWaitTimeMs: 199751092
PageLifeExpectancy: 8781
[2026-03-29 01:39:54] Snapshot 86 / 360
Zapisano snapshot:
CaptureTime: 2026-03-29 01:39:55.290603
ServerName: deweloper
InstanceName: MSSQLSERVER
CpuPercent: 0.00
BatchRequestsPerSec: 15584
UserConnections: 6
BlockedSessions: 0
DeadlocksPerMin: 0
AvgQueryDurationMs: 6.11000000
AvgLogicalReads: 232.800000
TempdbUsedMb: 8.0000000
SignalWaitTimeMs: 199871414
PageLifeExpectancy: 8842
[2026-03-29 01:40:55] Snapshot 87 / 360
Zapisano snapshot:
CaptureTime: 2026-03-29 01:40:55.943742
ServerName: deweloper
InstanceName: MSSQLSERVER
CpuPercent: 0.00
BatchRequestsPerSec: 15601
UserConnections: 6
BlockedSessions: 0
DeadlocksPerMin: 0
AvgQueryDurationMs: 6.34020000
AvgLogicalReads: 232.800000
TempdbUsedMb: 8.0000000
SignalWaitTimeMs: 199991719
PageLifeExpectancy: 8903
[2026-03-29 01:41:56] Snapshot 88 / 360
Zapisano snapshot:
CaptureTime: 2026-03-29 01:41:56.609446
ServerName: deweloper
InstanceName: MSSQLSERVER
CpuPercent: 0.00
BatchRequestsPerSec: 15622
UserConnections: 6
BlockedSessions: 0
DeadlocksPerMin: 0
AvgQueryDurationMs: 7.09540000
AvgLogicalReads: 232.800000
TempdbUsedMb: 8.0000000
SignalWaitTimeMs: 200111984
PageLifeExpectancy: 8963
[2026-03-29 01:42:56] Snapshot 89 / 360
Zapisano snapshot:
CaptureTime: 2026-03-29 01:42:57.279076
ServerName: deweloper
InstanceName: MSSQLSERVER
CpuPercent: 0.00
BatchRequestsPerSec: 15639
UserConnections: 6
BlockedSessions: 0
DeadlocksPerMin: 0
AvgQueryDurationMs: 6.07360000
AvgLogicalReads: 232.800000
TempdbUsedMb: 8.0000000
SignalWaitTimeMs: 200232283
PageLifeExpectancy: 9024
[2026-03-29 01:43:57] Snapshot 90 / 360
Zapisano snapshot:
CaptureTime: 2026-03-29 01:43:57.953377
ServerName: deweloper
InstanceName: MSSQLSERVER
CpuPercent: 0.00
BatchRequestsPerSec: 15656
UserConnections: 6
BlockedSessions: 0
DeadlocksPerMin: 0
AvgQueryDurationMs: 7.02960000
AvgLogicalReads: 232.800000
TempdbUsedMb: 8.0000000
SignalWaitTimeMs: 200352533
PageLifeExpectancy: 9085
[2026-03-29 01:44:58] Snapshot 91 / 360
Zapisano snapshot:
CaptureTime: 2026-03-29 01:44:58.680943
ServerName: deweloper
InstanceName: MSSQLSERVER
CpuPercent: 0.00
BatchRequestsPerSec: 15673
UserConnections: 6
BlockedSessions: 0
DeadlocksPerMin: 0
AvgQueryDurationMs: 6.42780000
AvgLogicalReads: 232.800000
TempdbUsedMb: 8.0000000
SignalWaitTimeMs: 200472829
PageLifeExpectancy: 9146
[2026-03-29 01:45:58] Snapshot 92 / 360
Zapisano snapshot:
CaptureTime: 2026-03-29 01:45:59.356284
ServerName: deweloper
InstanceName: MSSQLSERVER
CpuPercent: 0.00
BatchRequestsPerSec: 15690
UserConnections: 6
BlockedSessions: 0
DeadlocksPerMin: 0
AvgQueryDurationMs: 6.44880000
AvgLogicalReads: 232.800000
TempdbUsedMb: 8.0000000
SignalWaitTimeMs: 200606516
PageLifeExpectancy: 9207
[2026-03-29 01:46:59] Snapshot 93 / 360
Zapisano snapshot:
CaptureTime: 2026-03-29 01:47:00.054080
ServerName: deweloper
InstanceName: MSSQLSERVER
CpuPercent: 0.00
BatchRequestsPerSec: 15711
UserConnections: 6
BlockedSessions: 0
DeadlocksPerMin: 0
AvgQueryDurationMs: 16.53866666
AvgLogicalReads: 232.500000
TempdbUsedMb: 8.0000000
SignalWaitTimeMs: 200713750
PageLifeExpectancy: 9267
[2026-03-29 01:48:00] Snapshot 94 / 360
Zapisano snapshot:
CaptureTime: 2026-03-29 01:48:00.745662
ServerName: deweloper
InstanceName: MSSQLSERVER
CpuPercent: 0.00
BatchRequestsPerSec: 15728
UserConnections: 6
BlockedSessions: 0
DeadlocksPerMin: 0
AvgQueryDurationMs: 5.82920000
AvgLogicalReads: 232.800000
TempdbUsedMb: 8.0000000
SignalWaitTimeMs: 200852382
PageLifeExpectancy: 9328
[2026-03-29 01:49:00] Snapshot 95 / 360
Zapisano snapshot:
CaptureTime: 2026-03-29 01:49:01.400027
ServerName: deweloper
InstanceName: MSSQLSERVER
CpuPercent: 0.00
BatchRequestsPerSec: 15745
UserConnections: 6
BlockedSessions: 0
DeadlocksPerMin: 0
AvgQueryDurationMs: 7.10860000
AvgLogicalReads: 232.800000
TempdbUsedMb: 8.0000000
SignalWaitTimeMs: 200959315
PageLifeExpectancy: 9389
[2026-03-29 01:50:01] Snapshot 96 / 360
Zapisano snapshot:
CaptureTime: 2026-03-29 01:50:02.054511
ServerName: deweloper
InstanceName: MSSQLSERVER
CpuPercent: 0.00
BatchRequestsPerSec: 15762
UserConnections: 6
BlockedSessions: 0
DeadlocksPerMin: 0
AvgQueryDurationMs: 6.09100000
AvgLogicalReads: 232.800000
TempdbUsedMb: 8.0000000
SignalWaitTimeMs: 201093117
PageLifeExpectancy: 9449
[2026-03-29 01:51:02] Snapshot 97 / 360
Zapisano snapshot:
CaptureTime: 2026-03-29 01:51:02.763213
ServerName: deweloper
InstanceName: MSSQLSERVER
CpuPercent: 0.00
BatchRequestsPerSec: 15779
UserConnections: 6
BlockedSessions: 0
DeadlocksPerMin: 0
AvgQueryDurationMs: 8.12040000
AvgLogicalReads: 232.800000
TempdbUsedMb: 8.0000000
SignalWaitTimeMs: 201200099
PageLifeExpectancy: 9510
[2026-03-29 01:52:02] Snapshot 98 / 360
Zapisano snapshot:
CaptureTime: 2026-03-29 01:52:03.522390
ServerName: deweloper
InstanceName: MSSQLSERVER
CpuPercent: 0.00
BatchRequestsPerSec: 15800
UserConnections: 6
BlockedSessions: 0
DeadlocksPerMin: 0
AvgQueryDurationMs: 7.68440000
AvgLogicalReads: 232.800000
TempdbUsedMb: 8.0000000
SignalWaitTimeMs: 201333652
PageLifeExpectancy: 9570
[2026-03-29 01:53:03] Snapshot 99 / 360
Zapisano snapshot:
CaptureTime: 2026-03-29 01:53:04.196566
ServerName: deweloper
InstanceName: MSSQLSERVER
CpuPercent: 0.00
BatchRequestsPerSec: 15817
UserConnections: 6
BlockedSessions: 0
DeadlocksPerMin: 0
AvgQueryDurationMs: 6.59580000
AvgLogicalReads: 232.800000
TempdbUsedMb: 8.0000000
SignalWaitTimeMs: 201440634
PageLifeExpectancy: 9631
[2026-03-29 01:54:04] Snapshot 100 / 360
Zapisano snapshot:
CaptureTime: 2026-03-29 01:54:05.184004
ServerName: deweloper
InstanceName: MSSQLSERVER
CpuPercent: 0.00
BatchRequestsPerSec: 15836
UserConnections: 6
BlockedSessions: 0
DeadlocksPerMin: 0
AvgQueryDurationMs: 7.57600000
AvgLogicalReads: 194.500000
TempdbUsedMb: 8.0000000
SignalWaitTimeMs: 201580711
PageLifeExpectancy: 9692
[2026-03-29 01:55:05] Snapshot 101 / 360
Zapisano snapshot:
CaptureTime: 2026-03-29 01:55:05.874344
ServerName: deweloper
InstanceName: MSSQLSERVER
CpuPercent: 0.00
BatchRequestsPerSec: 15853
UserConnections: 6
BlockedSessions: 0
DeadlocksPerMin: 0
AvgQueryDurationMs: 6.28160000
AvgLogicalReads: 232.800000
TempdbUsedMb: 8.0000000
SignalWaitTimeMs: 201700975
PageLifeExpectancy: 9752
[2026-03-29 01:56:05] Snapshot 102 / 360
Zapisano snapshot:
CaptureTime: 2026-03-29 01:56:06.556980
ServerName: deweloper
InstanceName: MSSQLSERVER
CpuPercent: 0.00
BatchRequestsPerSec: 15870
UserConnections: 6
BlockedSessions: 0
DeadlocksPerMin: 0
AvgQueryDurationMs: 6.48260000
AvgLogicalReads: 232.800000
TempdbUsedMb: 8.0000000
SignalWaitTimeMs: 201826203
PageLifeExpectancy: 9813
[2026-03-29 01:57:06] Snapshot 103 / 360
Zapisano snapshot:
CaptureTime: 2026-03-29 01:57:07.204539
ServerName: deweloper
InstanceName: MSSQLSERVER
CpuPercent: 0.00
BatchRequestsPerSec: 15891
UserConnections: 6
BlockedSessions: 0
DeadlocksPerMin: 0
AvgQueryDurationMs: 6.06660000
AvgLogicalReads: 232.800000
TempdbUsedMb: 8.0000000
SignalWaitTimeMs: 201946551
PageLifeExpectancy: 9874
[2026-03-29 01:58:07] Snapshot 104 / 360
Zapisano snapshot:
CaptureTime: 2026-03-29 01:58:07.845797
ServerName: deweloper
InstanceName: MSSQLSERVER
CpuPercent: 0.00
BatchRequestsPerSec: 15908
UserConnections: 6
BlockedSessions: 0
DeadlocksPerMin: 0
AvgQueryDurationMs: 6.18820000
AvgLogicalReads: 232.800000
TempdbUsedMb: 8.0000000
SignalWaitTimeMs: 202066843
PageLifeExpectancy: 9935
[2026-03-29 01:59:07] Snapshot 105 / 360
Zapisano snapshot:
CaptureTime: 2026-03-29 01:59:08.669648
ServerName: deweloper
InstanceName: MSSQLSERVER
CpuPercent: 0.00
BatchRequestsPerSec: 15925
UserConnections: 6
BlockedSessions: 0
DeadlocksPerMin: 0
AvgQueryDurationMs: 8.25560000
AvgLogicalReads: 232.800000
TempdbUsedMb: 8.0000000
SignalWaitTimeMs: 202187184
PageLifeExpectancy: 9996
[2026-03-29 03:00:08] Snapshot 106 / 360
Zapisano snapshot:
CaptureTime: 2026-03-29 03:00:09.346198
ServerName: deweloper
InstanceName: MSSQLSERVER
CpuPercent: 0.00
BatchRequestsPerSec: 15942
UserConnections: 6
BlockedSessions: 0
DeadlocksPerMin: 0
AvgQueryDurationMs: 6.44340000
AvgLogicalReads: 232.800000
TempdbUsedMb: 8.0000000
SignalWaitTimeMs: 202310234
PageLifeExpectancy: 10056
[2026-03-29 03:01:09] Snapshot 107 / 360
Zapisano snapshot:
CaptureTime: 2026-03-29 03:01:10.081723
ServerName: deweloper
InstanceName: MSSQLSERVER
CpuPercent: 0.00
BatchRequestsPerSec: 15959
UserConnections: 6
BlockedSessions: 0
DeadlocksPerMin: 0
AvgQueryDurationMs: 6.45600000
AvgLogicalReads: 232.800000
TempdbUsedMb: 8.0000000
SignalWaitTimeMs: 202431779
PageLifeExpectancy: 10117
[2026-03-29 03:02:10] Snapshot 108 / 360
Zapisano snapshot:
CaptureTime: 2026-03-29 03:02:10.722367
ServerName: deweloper
InstanceName: MSSQLSERVER
CpuPercent: 0.00
BatchRequestsPerSec: 15980
UserConnections: 6
BlockedSessions: 0
DeadlocksPerMin: 0
AvgQueryDurationMs: 13.01650000
AvgLogicalReads: 206.166666
TempdbUsedMb: 8.0000000
SignalWaitTimeMs: 202552288
PageLifeExpectancy: 10178
[2026-03-29 03:03:10] Snapshot 109 / 360
Zapisano snapshot:
CaptureTime: 2026-03-29 03:03:11.395658
ServerName: deweloper
InstanceName: MSSQLSERVER
CpuPercent: 0.00
BatchRequestsPerSec: 15997
UserConnections: 6
BlockedSessions: 0
DeadlocksPerMin: 0
AvgQueryDurationMs: 6.01320000
AvgLogicalReads: 232.800000
TempdbUsedMb: 8.0000000
SignalWaitTimeMs: 202673882
PageLifeExpectancy: 10239
[2026-03-29 03:04:11] Snapshot 110 / 360
Zapisano snapshot:
CaptureTime: 2026-03-29 03:04:12.095083
ServerName: deweloper
InstanceName: MSSQLSERVER
CpuPercent: 0.00
BatchRequestsPerSec: 16014
UserConnections: 6
BlockedSessions: 0
DeadlocksPerMin: 0
AvgQueryDurationMs: 6.55180000
AvgLogicalReads: 232.800000
TempdbUsedMb: 8.0000000
SignalWaitTimeMs: 202800325
PageLifeExpectancy: 10299
[2026-03-29 03:05:12] Snapshot 111 / 360
Zapisano snapshot:
CaptureTime: 2026-03-29 03:05:12.855115
ServerName: deweloper
InstanceName: MSSQLSERVER
CpuPercent: 2.50
BatchRequestsPerSec: 16031
UserConnections: 6
BlockedSessions: 0
DeadlocksPerMin: 0
AvgQueryDurationMs: 6.20880000
AvgLogicalReads: 232.800000
TempdbUsedMb: 8.0000000
SignalWaitTimeMs: 202922821
PageLifeExpectancy: 10359
[2026-03-29 03:06:12] Snapshot 112 / 360
Zapisano snapshot:
CaptureTime: 2026-03-29 03:06:13.524343
ServerName: deweloper
InstanceName: MSSQLSERVER
CpuPercent: 0.00
BatchRequestsPerSec: 16048
UserConnections: 6
BlockedSessions: 0
DeadlocksPerMin: 0
AvgQueryDurationMs: 6.60460000
AvgLogicalReads: 232.800000
TempdbUsedMb: 8.0000000
SignalWaitTimeMs: 203044294
PageLifeExpectancy: 10420
[2026-03-29 03:07:13] Snapshot 113 / 360
Zapisano snapshot:
CaptureTime: 2026-03-29 03:07:14.232143
ServerName: deweloper
InstanceName: MSSQLSERVER
CpuPercent: 0.00
BatchRequestsPerSec: 16069
UserConnections: 6
BlockedSessions: 0
DeadlocksPerMin: 0
AvgQueryDurationMs: 6.11280000
AvgLogicalReads: 232.800000
TempdbUsedMb: 8.0000000
SignalWaitTimeMs: 203166057
PageLifeExpectancy: 10482
[2026-03-29 03:08:14] Snapshot 114 / 360
Zapisano snapshot:
CaptureTime: 2026-03-29 03:08:14.889378
ServerName: deweloper
InstanceName: MSSQLSERVER
CpuPercent: 0.00
BatchRequestsPerSec: 16086
UserConnections: 6
BlockedSessions: 0
DeadlocksPerMin: 0
AvgQueryDurationMs: 6.58540000
AvgLogicalReads: 232.800000
TempdbUsedMb: 8.0000000
SignalWaitTimeMs: 203287148
PageLifeExpectancy: 10542
[2026-03-29 03:09:14] Snapshot 115 / 360
Zapisano snapshot:
CaptureTime: 2026-03-29 03:09:15.826663
ServerName: deweloper
InstanceName: MSSQLSERVER
CpuPercent: 0.00
BatchRequestsPerSec: 16103
UserConnections: 6
BlockedSessions: 0
DeadlocksPerMin: 0
AvgQueryDurationMs: 7.43980000
AvgLogicalReads: 232.800000
TempdbUsedMb: 8.0000000
SignalWaitTimeMs: 203418924
PageLifeExpectancy: 10603
[2026-03-29 03:10:15] Snapshot 116 / 360
Zapisano snapshot:
CaptureTime: 2026-03-29 03:10:16.498123
ServerName: deweloper
InstanceName: MSSQLSERVER
CpuPercent: 0.00
BatchRequestsPerSec: 16120
UserConnections: 6
BlockedSessions: 0
DeadlocksPerMin: 0
AvgQueryDurationMs: 6.12900000
AvgLogicalReads: 232.800000
TempdbUsedMb: 8.0000000
SignalWaitTimeMs: 203540273
PageLifeExpectancy: 10664
[2026-03-29 03:11:16] Snapshot 117 / 360
Zapisano snapshot:
CaptureTime: 2026-03-29 03:11:17.156293
ServerName: deweloper
InstanceName: MSSQLSERVER
CpuPercent: 0.00
BatchRequestsPerSec: 16137
UserConnections: 6
BlockedSessions: 0
DeadlocksPerMin: 0
AvgQueryDurationMs: 6.03720000
AvgLogicalReads: 232.800000
TempdbUsedMb: 8.0000000
SignalWaitTimeMs: 203661923
PageLifeExpectancy: 10724
[2026-03-29 03:12:17] Snapshot 118 / 360
Zapisano snapshot:
CaptureTime: 2026-03-29 03:12:17.865271
ServerName: deweloper
InstanceName: MSSQLSERVER
CpuPercent: 0.00
BatchRequestsPerSec: 16158
UserConnections: 6
BlockedSessions: 0
DeadlocksPerMin: 0
AvgQueryDurationMs: 7.91240000
AvgLogicalReads: 232.800000
TempdbUsedMb: 8.0000000
SignalWaitTimeMs: 203789948
PageLifeExpectancy: 10784
[2026-03-29 03:13:17] Snapshot 119 / 360
Zapisano snapshot:
CaptureTime: 2026-03-29 03:13:18.509190
ServerName: deweloper
InstanceName: MSSQLSERVER
CpuPercent: 0.00
BatchRequestsPerSec: 16175
UserConnections: 6
BlockedSessions: 0
DeadlocksPerMin: 0
AvgQueryDurationMs: 5.91580000
AvgLogicalReads: 232.800000
TempdbUsedMb: 8.0000000
SignalWaitTimeMs: 203911251
PageLifeExpectancy: 10845
[2026-03-29 03:14:18] Snapshot 120 / 360
Zapisano snapshot:
CaptureTime: 2026-03-29 03:14:19.213563
ServerName: deweloper
InstanceName: MSSQLSERVER
CpuPercent: 0.00
BatchRequestsPerSec: 16192
UserConnections: 6
BlockedSessions: 0
DeadlocksPerMin: 0
AvgQueryDurationMs: 6.17420000
AvgLogicalReads: 232.800000
TempdbUsedMb: 8.0000000
SignalWaitTimeMs: 204032268
PageLifeExpectancy: 10906
[2026-03-29 03:15:19] Snapshot 121 / 360
Zapisano snapshot:
CaptureTime: 2026-03-29 03:15:19.894127
ServerName: deweloper
InstanceName: MSSQLSERVER
CpuPercent: 0.00
BatchRequestsPerSec: 16209
UserConnections: 6
BlockedSessions: 0
DeadlocksPerMin: 0
AvgQueryDurationMs: 6.12000000
AvgLogicalReads: 232.800000
TempdbUsedMb: 8.0000000
SignalWaitTimeMs: 204153724
PageLifeExpectancy: 10967
[2026-03-29 03:16:19] Snapshot 122 / 360
Zapisano snapshot:
CaptureTime: 2026-03-29 03:16:20.559078
ServerName: deweloper
InstanceName: MSSQLSERVER
CpuPercent: 0.00
BatchRequestsPerSec: 16226
UserConnections: 6
BlockedSessions: 0
DeadlocksPerMin: 0
AvgQueryDurationMs: 6.81860000
AvgLogicalReads: 232.800000
TempdbUsedMb: 8.0000000
SignalWaitTimeMs: 204274844
PageLifeExpectancy: 11028
[2026-03-29 03:17:20] Snapshot 123 / 360
Zapisano snapshot:
CaptureTime: 2026-03-29 03:17:21.332617
ServerName: deweloper
InstanceName: MSSQLSERVER
CpuPercent: 0.00
BatchRequestsPerSec: 16249
UserConnections: 6
BlockedSessions: 0
DeadlocksPerMin: 0
AvgQueryDurationMs: 6.71820000
AvgLogicalReads: 232.800000
TempdbUsedMb: 8.0000000
SignalWaitTimeMs: 204396208
PageLifeExpectancy: 11088
[2026-03-29 03:18:21] Snapshot 124 / 360
Zapisano snapshot:
CaptureTime: 2026-03-29 03:18:21.990279
ServerName: deweloper
InstanceName: MSSQLSERVER
CpuPercent: 0.00
BatchRequestsPerSec: 16266
UserConnections: 6
BlockedSessions: 0
DeadlocksPerMin: 0
AvgQueryDurationMs: 6.82620000
AvgLogicalReads: 232.800000
TempdbUsedMb: 8.0000000
SignalWaitTimeMs: 204517773
PageLifeExpectancy: 11149
[2026-03-29 03:19:22] Snapshot 125 / 360
Zapisano snapshot:
CaptureTime: 2026-03-29 03:19:22.643235
ServerName: deweloper
InstanceName: MSSQLSERVER
CpuPercent: 0.00
BatchRequestsPerSec: 16283
UserConnections: 6
BlockedSessions: 0
DeadlocksPerMin: 0
AvgQueryDurationMs: 6.31700000
AvgLogicalReads: 232.800000
TempdbUsedMb: 8.0000000
SignalWaitTimeMs: 204639071
PageLifeExpectancy: 11210
[2026-03-29 03:20:22] Snapshot 126 / 360
Zapisano snapshot:
CaptureTime: 2026-03-29 03:20:23.295720
ServerName: deweloper
InstanceName: MSSQLSERVER
CpuPercent: 0.00
BatchRequestsPerSec: 16300
UserConnections: 6
BlockedSessions: 0
DeadlocksPerMin: 0
AvgQueryDurationMs: 6.25240000
AvgLogicalReads: 232.800000
TempdbUsedMb: 8.0000000
SignalWaitTimeMs: 204760344
PageLifeExpectancy: 11270
[2026-03-29 03:21:23] Snapshot 127 / 360
Zapisano snapshot:
CaptureTime: 2026-03-29 03:21:23.943183
ServerName: deweloper
InstanceName: MSSQLSERVER
CpuPercent: 0.00
BatchRequestsPerSec: 16317
UserConnections: 5
BlockedSessions: 0
DeadlocksPerMin: 0
AvgQueryDurationMs: 6.05480000
AvgLogicalReads: 232.800000
TempdbUsedMb: 8.0000000
SignalWaitTimeMs: 204886671
PageLifeExpectancy: 11331
[2026-03-29 03:22:24] Snapshot 128 / 360
Zapisano snapshot:
CaptureTime: 2026-03-29 03:22:24.637107
ServerName: deweloper
InstanceName: MSSQLSERVER
CpuPercent: 0.00
BatchRequestsPerSec: 16338
UserConnections: 6
BlockedSessions: 0
DeadlocksPerMin: 0
AvgQueryDurationMs: 6.71480000
AvgLogicalReads: 232.800000
TempdbUsedMb: 8.0000000
SignalWaitTimeMs: 205006725
PageLifeExpectancy: 11392
[2026-03-29 03:23:24] Snapshot 129 / 360
Zapisano snapshot:
CaptureTime: 2026-03-29 03:23:25.322069
ServerName: deweloper
InstanceName: MSSQLSERVER
CpuPercent: 0.00
BatchRequestsPerSec: 16355
UserConnections: 6
BlockedSessions: 0
DeadlocksPerMin: 0
AvgQueryDurationMs: 5.95220000
AvgLogicalReads: 232.800000
TempdbUsedMb: 8.0000000
SignalWaitTimeMs: 205128037
PageLifeExpectancy: 11453
[2026-03-29 03:24:25] Snapshot 130 / 360
Zapisano snapshot:
CaptureTime: 2026-03-29 03:24:25.967205
ServerName: deweloper
InstanceName: MSSQLSERVER
CpuPercent: 0.00
BatchRequestsPerSec: 16372
UserConnections: 6
BlockedSessions: 0
DeadlocksPerMin: 0
AvgQueryDurationMs: 6.10540000
AvgLogicalReads: 232.800000
TempdbUsedMb: 8.0000000
SignalWaitTimeMs: 205249095
PageLifeExpectancy: 11513
[2026-03-29 03:25:26] Snapshot 131 / 360
Zapisano snapshot:
CaptureTime: 2026-03-29 03:25:26.653548
ServerName: deweloper
InstanceName: MSSQLSERVER
CpuPercent: 0.00
BatchRequestsPerSec: 16389
UserConnections: 6
BlockedSessions: 0
DeadlocksPerMin: 0
AvgQueryDurationMs: 5.93400000
AvgLogicalReads: 232.800000
TempdbUsedMb: 8.0000000
SignalWaitTimeMs: 205370814
PageLifeExpectancy: 11573
[2026-03-29 03:26:26] Snapshot 132 / 360
Zapisano snapshot:
CaptureTime: 2026-03-29 03:26:27.335990
ServerName: deweloper
InstanceName: MSSQLSERVER
CpuPercent: 0.00
BatchRequestsPerSec: 16406
UserConnections: 6
BlockedSessions: 0
DeadlocksPerMin: 0
AvgQueryDurationMs: 5.93040000
AvgLogicalReads: 232.800000
TempdbUsedMb: 8.0000000
SignalWaitTimeMs: 205492131
PageLifeExpectancy: 11634
[2026-03-29 03:27:27] Snapshot 133 / 360
Zapisano snapshot:
CaptureTime: 2026-03-29 03:27:29.262462
ServerName: deweloper
InstanceName: MSSQLSERVER
CpuPercent: 0.00
BatchRequestsPerSec: 16427
UserConnections: 6
BlockedSessions: 0
DeadlocksPerMin: 0
AvgQueryDurationMs: 13.19720000
AvgLogicalReads: 232.800000
TempdbUsedMb: 8.0000000
SignalWaitTimeMs: 205618296
PageLifeExpectancy: 11696
[2026-03-29 03:28:29] Snapshot 134 / 360
Zapisano snapshot:
CaptureTime: 2026-03-29 03:28:30.628548
ServerName: deweloper
InstanceName: MSSQLSERVER
CpuPercent: 0.00
BatchRequestsPerSec: 16444
UserConnections: 6
BlockedSessions: 0
DeadlocksPerMin: 0
AvgQueryDurationMs: 26.74400000
AvgLogicalReads: 232.800000
TempdbUsedMb: 8.0000000
SignalWaitTimeMs: 205741805
PageLifeExpectancy: 11757
[2026-03-29 03:29:30] Snapshot 135 / 360
Zapisano snapshot:
CaptureTime: 2026-03-29 03:29:31.436478
ServerName: deweloper
InstanceName: MSSQLSERVER
CpuPercent: 0.00
BatchRequestsPerSec: 16461
UserConnections: 6
BlockedSessions: 0
DeadlocksPerMin: 0
AvgQueryDurationMs: 6.27860000
AvgLogicalReads: 232.800000
TempdbUsedMb: 8.0000000
SignalWaitTimeMs: 205863300
PageLifeExpectancy: 11818
[2026-03-29 03:30:31] Snapshot 136 / 360
Zapisano snapshot:
CaptureTime: 2026-03-29 03:30:32.159857
ServerName: deweloper
InstanceName: MSSQLSERVER
CpuPercent: 0.00
BatchRequestsPerSec: 16478
UserConnections: 6
BlockedSessions: 0
DeadlocksPerMin: 0
AvgQueryDurationMs: 7.17920000
AvgLogicalReads: 232.800000
TempdbUsedMb: 8.0000000
SignalWaitTimeMs: 205985186
PageLifeExpectancy: 11879
[2026-03-29 03:31:32] Snapshot 137 / 360
Zapisano snapshot:
CaptureTime: 2026-03-29 03:31:32.830396
ServerName: deweloper
InstanceName: MSSQLSERVER
CpuPercent: 0.00
BatchRequestsPerSec: 16499
UserConnections: 6
BlockedSessions: 0
DeadlocksPerMin: 0
AvgQueryDurationMs: 11.70200000
AvgLogicalReads: 206.166666
TempdbUsedMb: 8.0000000
SignalWaitTimeMs: 206122977
PageLifeExpectancy: 11940
[2026-03-29 03:32:32] Snapshot 138 / 360
Zapisano snapshot:
CaptureTime: 2026-03-29 03:32:33.521000
ServerName: deweloper
InstanceName: MSSQLSERVER
CpuPercent: 0.00
BatchRequestsPerSec: 16516
UserConnections: 6
BlockedSessions: 0
DeadlocksPerMin: 0
AvgQueryDurationMs: 8.09660000
AvgLogicalReads: 232.800000
TempdbUsedMb: 8.0000000
SignalWaitTimeMs: 206227617
PageLifeExpectancy: 12001
[2026-03-29 03:33:33] Snapshot 139 / 360
Zapisano snapshot:
CaptureTime: 2026-03-29 03:33:34.194753
ServerName: deweloper
InstanceName: MSSQLSERVER
CpuPercent: 0.00
BatchRequestsPerSec: 16533
UserConnections: 6
BlockedSessions: 0
DeadlocksPerMin: 0
AvgQueryDurationMs: 8.39940000
AvgLogicalReads: 232.800000
TempdbUsedMb: 8.0000000
SignalWaitTimeMs: 206366651
PageLifeExpectancy: 12062
[2026-03-29 03:34:34] Snapshot 140 / 360
Zapisano snapshot:
CaptureTime: 2026-03-29 03:34:35.044972
ServerName: deweloper
InstanceName: MSSQLSERVER
CpuPercent: 0.00
BatchRequestsPerSec: 16550
UserConnections: 6
BlockedSessions: 0
DeadlocksPerMin: 0
AvgQueryDurationMs: 7.71400000
AvgLogicalReads: 232.800000
TempdbUsedMb: 8.0000000
SignalWaitTimeMs: 206476725
PageLifeExpectancy: 12122
[2026-03-29 03:35:35] Snapshot 141 / 360
Zapisano snapshot:
CaptureTime: 2026-03-29 03:35:35.714986
ServerName: deweloper
InstanceName: MSSQLSERVER
CpuPercent: 0.00
BatchRequestsPerSec: 16567
UserConnections: 6
BlockedSessions: 0
DeadlocksPerMin: 0
AvgQueryDurationMs: 6.60880000
AvgLogicalReads: 232.800000
TempdbUsedMb: 8.0000000
SignalWaitTimeMs: 206616182
PageLifeExpectancy: 12183
[2026-03-29 03:36:35] Snapshot 142 / 360
Zapisano snapshot:
CaptureTime: 2026-03-29 03:36:36.387518
ServerName: deweloper
InstanceName: MSSQLSERVER
CpuPercent: 0.00
BatchRequestsPerSec: 16588
UserConnections: 6
BlockedSessions: 0
DeadlocksPerMin: 0
AvgQueryDurationMs: 13.09750000
AvgLogicalReads: 232.500000
TempdbUsedMb: 8.0000000
SignalWaitTimeMs: 206721050
PageLifeExpectancy: 12243
[2026-03-29 03:37:36] Snapshot 143 / 360
Zapisano snapshot:
CaptureTime: 2026-03-29 03:37:37.039078
ServerName: deweloper
InstanceName: MSSQLSERVER
CpuPercent: 0.00
BatchRequestsPerSec: 16605
UserConnections: 6
BlockedSessions: 0
DeadlocksPerMin: 0
AvgQueryDurationMs: 6.10660000
AvgLogicalReads: 232.800000
TempdbUsedMb: 8.0000000
SignalWaitTimeMs: 206859428
PageLifeExpectancy: 12304
[2026-03-29 03:38:37] Snapshot 144 / 360
Zapisano snapshot:
CaptureTime: 2026-03-29 03:38:37.711712
ServerName: deweloper
InstanceName: MSSQLSERVER
CpuPercent: 0.00
BatchRequestsPerSec: 16622
UserConnections: 6
BlockedSessions: 0
DeadlocksPerMin: 0
AvgQueryDurationMs: 6.01900000
AvgLogicalReads: 232.800000
TempdbUsedMb: 8.0000000
SignalWaitTimeMs: 206964390
PageLifeExpectancy: 12363
[2026-03-29 03:39:37] Snapshot 145 / 360
Zapisano snapshot:
CaptureTime: 2026-03-29 03:39:40.036047
ServerName: deweloper
InstanceName: MSSQLSERVER
CpuPercent: 0.00
BatchRequestsPerSec: 16639
UserConnections: 6
BlockedSessions: 0
DeadlocksPerMin: 0
AvgQueryDurationMs: 6.76620000
AvgLogicalReads: 232.800000
TempdbUsedMb: 8.0000000
SignalWaitTimeMs: 207105001
PageLifeExpectancy: 12426
[2026-03-29 03:40:40] Snapshot 146 / 360
Zapisano snapshot:
CaptureTime: 2026-03-29 03:40:40.901328
ServerName: deweloper
InstanceName: MSSQLSERVER
CpuPercent: 0.00
BatchRequestsPerSec: 16656
UserConnections: 6
BlockedSessions: 0
DeadlocksPerMin: 0
AvgQueryDurationMs: 6.89500000
AvgLogicalReads: 232.800000
TempdbUsedMb: 8.0000000
SignalWaitTimeMs: 207214856
PageLifeExpectancy: 12487
[2026-03-29 03:41:40] Snapshot 147 / 360
Zapisano snapshot:
CaptureTime: 2026-03-29 03:41:41.611899
ServerName: deweloper
InstanceName: MSSQLSERVER
CpuPercent: 0.00
BatchRequestsPerSec: 16677
UserConnections: 6
BlockedSessions: 0
DeadlocksPerMin: 0
AvgQueryDurationMs: 13.29566666
AvgLogicalReads: 206.166666
TempdbUsedMb: 8.0000000
SignalWaitTimeMs: 207357688
PageLifeExpectancy: 12548
[2026-03-29 03:42:41] Snapshot 148 / 360
Zapisano snapshot:
CaptureTime: 2026-03-29 03:42:42.218778
ServerName: deweloper
InstanceName: MSSQLSERVER
CpuPercent: 0.00
BatchRequestsPerSec: 16694
UserConnections: 6
BlockedSessions: 0
DeadlocksPerMin: 0
AvgQueryDurationMs: 5.69680000
AvgLogicalReads: 232.800000
TempdbUsedMb: 8.0000000
SignalWaitTimeMs: 207462749
PageLifeExpectancy: 12609
[2026-03-29 03:43:42] Snapshot 149 / 360
Zapisano snapshot:
CaptureTime: 2026-03-29 03:43:43.157093
ServerName: deweloper
InstanceName: MSSQLSERVER
CpuPercent: 0.00
BatchRequestsPerSec: 16711
UserConnections: 6
BlockedSessions: 0
DeadlocksPerMin: 0
AvgQueryDurationMs: 10.40480000
AvgLogicalReads: 232.800000
TempdbUsedMb: 8.0000000
SignalWaitTimeMs: 207603297
PageLifeExpectancy: 12670
[2026-03-29 03:44:43] Snapshot 150 / 360
Zapisano snapshot:
CaptureTime: 2026-03-29 03:44:43.934378
ServerName: deweloper
InstanceName: MSSQLSERVER
CpuPercent: 0.00
BatchRequestsPerSec: 16728
UserConnections: 6
BlockedSessions: 0
DeadlocksPerMin: 0
AvgQueryDurationMs: 6.45700000
AvgLogicalReads: 232.800000
TempdbUsedMb: 8.0000000
SignalWaitTimeMs: 207710088
PageLifeExpectancy: 12730
[2026-03-29 03:45:44] Snapshot 151 / 360
Zapisano snapshot:
CaptureTime: 2026-03-29 03:45:44.558791
ServerName: deweloper
InstanceName: MSSQLSERVER
CpuPercent: 0.00
BatchRequestsPerSec: 16745
UserConnections: 6
BlockedSessions: 0
DeadlocksPerMin: 0
AvgQueryDurationMs: 5.86180000
AvgLogicalReads: 232.800000
TempdbUsedMb: 8.0000000
SignalWaitTimeMs: 207849627
PageLifeExpectancy: 12791
[2026-03-29 03:46:44] Snapshot 152 / 360
Zapisano snapshot:
CaptureTime: 2026-03-29 03:46:45.153540
ServerName: deweloper
InstanceName: MSSQLSERVER
CpuPercent: 0.00
BatchRequestsPerSec: 16766
UserConnections: 6
BlockedSessions: 0
DeadlocksPerMin: 0
AvgQueryDurationMs: 5.65940000
AvgLogicalReads: 232.800000
TempdbUsedMb: 8.0000000
SignalWaitTimeMs: 207954773
PageLifeExpectancy: 12852
[2026-03-29 03:47:45] Snapshot 153 / 360
Zapisano snapshot:
CaptureTime: 2026-03-29 03:47:45.927942
ServerName: deweloper
InstanceName: MSSQLSERVER
CpuPercent: 0.00
BatchRequestsPerSec: 16783
UserConnections: 6
BlockedSessions: 0
DeadlocksPerMin: 0
AvgQueryDurationMs: 5.93480000
AvgLogicalReads: 232.800000
TempdbUsedMb: 8.0000000
SignalWaitTimeMs: 208107565
PageLifeExpectancy: 12912
[2026-03-29 03:48:45] Snapshot 154 / 360
Zapisano snapshot:
CaptureTime: 2026-03-29 03:48:46.530763
ServerName: deweloper
InstanceName: MSSQLSERVER
CpuPercent: 0.00
BatchRequestsPerSec: 16800
UserConnections: 6
BlockedSessions: 0
DeadlocksPerMin: 0
AvgQueryDurationMs: 5.68480000
AvgLogicalReads: 232.800000
TempdbUsedMb: 8.0000000
SignalWaitTimeMs: 208234458
PageLifeExpectancy: 12974
[2026-03-29 03:49:46] Snapshot 155 / 360
Zapisano snapshot:
CaptureTime: 2026-03-29 03:49:47.141715
ServerName: deweloper
InstanceName: MSSQLSERVER
CpuPercent: 0.00
BatchRequestsPerSec: 16817
UserConnections: 6
BlockedSessions: 0
DeadlocksPerMin: 0
AvgQueryDurationMs: 5.72480000
AvgLogicalReads: 232.800000
TempdbUsedMb: 8.0000000
SignalWaitTimeMs: 208357334
PageLifeExpectancy: 13034
[2026-03-29 03:50:47] Snapshot 156 / 360
Zapisano snapshot:
CaptureTime: 2026-03-29 03:50:47.762431
ServerName: deweloper
InstanceName: MSSQLSERVER
CpuPercent: 0.00
BatchRequestsPerSec: 16834
UserConnections: 6
BlockedSessions: 0
DeadlocksPerMin: 0
AvgQueryDurationMs: 5.70280000
AvgLogicalReads: 232.800000
TempdbUsedMb: 8.0000000
SignalWaitTimeMs: 208484969
PageLifeExpectancy: 13095
[2026-03-29 03:51:47] Snapshot 157 / 360
Zapisano snapshot:
CaptureTime: 2026-03-29 03:51:48.490869
ServerName: deweloper
InstanceName: MSSQLSERVER
CpuPercent: 0.00
BatchRequestsPerSec: 16855
UserConnections: 6
BlockedSessions: 0
DeadlocksPerMin: 0
AvgQueryDurationMs: 15.65000000
AvgLogicalReads: 30.000000
TempdbUsedMb: 8.0000000
SignalWaitTimeMs: 208608176
PageLifeExpectancy: 13155
[2026-03-29 03:52:48] Snapshot 158 / 360
Zapisano snapshot:
CaptureTime: 2026-03-29 03:52:49.100966
ServerName: deweloper
InstanceName: MSSQLSERVER
CpuPercent: 0.00
BatchRequestsPerSec: 16872
UserConnections: 6
BlockedSessions: 0
DeadlocksPerMin: 0
AvgQueryDurationMs: 5.66920000
AvgLogicalReads: 232.800000
TempdbUsedMb: 8.0000000
SignalWaitTimeMs: 208730033
PageLifeExpectancy: 13216
[2026-03-29 03:53:49] Snapshot 159 / 360
Zapisano snapshot:
CaptureTime: 2026-03-29 03:53:49.722291
ServerName: deweloper
InstanceName: MSSQLSERVER
CpuPercent: 0.00
BatchRequestsPerSec: 16889
UserConnections: 6
BlockedSessions: 0
DeadlocksPerMin: 0
AvgQueryDurationMs: 5.74600000
AvgLogicalReads: 232.800000
TempdbUsedMb: 8.0000000
SignalWaitTimeMs: 208862192
PageLifeExpectancy: 13277
[2026-03-29 03:54:49] Snapshot 160 / 360
Zapisano snapshot:
CaptureTime: 2026-03-29 03:54:50.327515
ServerName: deweloper
InstanceName: MSSQLSERVER
CpuPercent: 0.00
BatchRequestsPerSec: 16906
UserConnections: 6
BlockedSessions: 0
DeadlocksPerMin: 0
AvgQueryDurationMs: 5.62960000
AvgLogicalReads: 232.800000
TempdbUsedMb: 8.0000000
SignalWaitTimeMs: 208983478
PageLifeExpectancy: 13337
[2026-03-29 03:55:50] Snapshot 161 / 360
Zapisano snapshot:
CaptureTime: 2026-03-29 03:55:50.949349
ServerName: deweloper
InstanceName: MSSQLSERVER
CpuPercent: 0.00
BatchRequestsPerSec: 16923
UserConnections: 6
BlockedSessions: 0
DeadlocksPerMin: 0
AvgQueryDurationMs: 5.77240000
AvgLogicalReads: 232.800000
TempdbUsedMb: 8.0000000
SignalWaitTimeMs: 209105558
PageLifeExpectancy: 13398
[2026-03-29 03:56:51] Snapshot 162 / 360
Zapisano snapshot:
CaptureTime: 2026-03-29 03:56:51.554198
ServerName: deweloper
InstanceName: MSSQLSERVER
CpuPercent: 0.00
BatchRequestsPerSec: 16944
UserConnections: 6
BlockedSessions: 0
DeadlocksPerMin: 0
AvgQueryDurationMs: 18.36700000
AvgLogicalReads: 232.500000
TempdbUsedMb: 8.0000000
SignalWaitTimeMs: 209226778
PageLifeExpectancy: 13458
[2026-03-29 03:57:51] Snapshot 163 / 360
Zapisano snapshot:
CaptureTime: 2026-03-29 03:57:52.135553
ServerName: deweloper
InstanceName: MSSQLSERVER
CpuPercent: 0.00
BatchRequestsPerSec: 16961
UserConnections: 6
BlockedSessions: 0
DeadlocksPerMin: 0
AvgQueryDurationMs: 5.68280000
AvgLogicalReads: 232.800000
TempdbUsedMb: 8.0000000
SignalWaitTimeMs: 209348612
PageLifeExpectancy: 13519
[2026-03-29 03:58:52] Snapshot 164 / 360
Zapisano snapshot:
CaptureTime: 2026-03-29 03:58:52.783359
ServerName: deweloper
InstanceName: MSSQLSERVER
CpuPercent: 0.00
BatchRequestsPerSec: 16978
UserConnections: 6
BlockedSessions: 0
DeadlocksPerMin: 0
AvgQueryDurationMs: 5.57900000
AvgLogicalReads: 232.800000
TempdbUsedMb: 8.0000000
SignalWaitTimeMs: 209471107
PageLifeExpectancy: 13579
[2026-03-29 03:59:52] Snapshot 165 / 360
Zapisano snapshot:
CaptureTime: 2026-03-29 03:59:53.412924
ServerName: deweloper
InstanceName: MSSQLSERVER
CpuPercent: 0.00
BatchRequestsPerSec: 16995
UserConnections: 6
BlockedSessions: 0
DeadlocksPerMin: 0
AvgQueryDurationMs: 5.58060000
AvgLogicalReads: 232.800000
TempdbUsedMb: 8.0000000
SignalWaitTimeMs: 209594892
PageLifeExpectancy: 13640
[2026-03-29 04:00:53] Snapshot 166 / 360
Zapisano snapshot:
CaptureTime: 2026-03-29 04:00:54.620469
ServerName: deweloper
InstanceName: MSSQLSERVER
CpuPercent: 0.00
BatchRequestsPerSec: 17012
UserConnections: 6
BlockedSessions: 0
DeadlocksPerMin: 0
AvgQueryDurationMs: 6.33760000
AvgLogicalReads: 232.800000
TempdbUsedMb: 8.0000000
SignalWaitTimeMs: 209721600
PageLifeExpectancy: 13701
[2026-03-29 04:01:54] Snapshot 167 / 360
Zapisano snapshot:
CaptureTime: 2026-03-29 04:01:55.246596
ServerName: deweloper
InstanceName: MSSQLSERVER
CpuPercent: 0.00
BatchRequestsPerSec: 17033
UserConnections: 6
BlockedSessions: 0
DeadlocksPerMin: 0
AvgQueryDurationMs: 5.84280000
AvgLogicalReads: 232.800000
TempdbUsedMb: 8.0000000
SignalWaitTimeMs: 209846265
PageLifeExpectancy: 13763
[2026-03-29 04:02:55] Snapshot 168 / 360
Zapisano snapshot:
CaptureTime: 2026-03-29 04:02:55.856644
ServerName: deweloper
InstanceName: MSSQLSERVER
CpuPercent: 0.00
BatchRequestsPerSec: 17050
UserConnections: 6
BlockedSessions: 0
DeadlocksPerMin: 0
AvgQueryDurationMs: 5.61720000
AvgLogicalReads: 232.800000
TempdbUsedMb: 8.0000000
SignalWaitTimeMs: 209971739
PageLifeExpectancy: 13823
[2026-03-29 04:03:55] Snapshot 169 / 360
Zapisano snapshot:
CaptureTime: 2026-03-29 04:03:56.512208
ServerName: deweloper
InstanceName: MSSQLSERVER
CpuPercent: 0.00
BatchRequestsPerSec: 17067
UserConnections: 6
BlockedSessions: 0
DeadlocksPerMin: 0
AvgQueryDurationMs: 5.75820000
AvgLogicalReads: 232.800000
TempdbUsedMb: 8.0000000
SignalWaitTimeMs: 210100769
PageLifeExpectancy: 13884
[2026-03-29 04:04:56] Snapshot 170 / 360
Zapisano snapshot:
CaptureTime: 2026-03-29 04:04:57.112993
ServerName: deweloper
InstanceName: MSSQLSERVER
CpuPercent: 0.00
BatchRequestsPerSec: 17084
UserConnections: 6
BlockedSessions: 0
DeadlocksPerMin: 0
AvgQueryDurationMs: 5.77240000
AvgLogicalReads: 232.800000
TempdbUsedMb: 8.0000000
SignalWaitTimeMs: 210221605
PageLifeExpectancy: 13944
[2026-03-29 04:05:57] Snapshot 171 / 360
Zapisano snapshot:
CaptureTime: 2026-03-29 04:05:57.747057
ServerName: deweloper
InstanceName: MSSQLSERVER
CpuPercent: 0.00
BatchRequestsPerSec: 17101
UserConnections: 6
BlockedSessions: 0
DeadlocksPerMin: 0
AvgQueryDurationMs: 5.60160000
AvgLogicalReads: 232.800000
TempdbUsedMb: 8.0000000
SignalWaitTimeMs: 210345672
PageLifeExpectancy: 14005
[2026-03-29 04:06:57] Snapshot 172 / 360
Zapisano snapshot:
CaptureTime: 2026-03-29 04:06:58.629719
ServerName: deweloper
InstanceName: MSSQLSERVER
CpuPercent: 0.00
BatchRequestsPerSec: 17122
UserConnections: 6
BlockedSessions: 0
DeadlocksPerMin: 0
AvgQueryDurationMs: 13.45233333
AvgLogicalReads: 232.500000
TempdbUsedMb: 8.0000000
SignalWaitTimeMs: 210466828
PageLifeExpectancy: 14066
[2026-03-29 04:07:58] Snapshot 173 / 360
Zapisano snapshot:
CaptureTime: 2026-03-29 04:08:00.778299
ServerName: deweloper
InstanceName: MSSQLSERVER
CpuPercent: 0.00
BatchRequestsPerSec: 17139
UserConnections: 6
BlockedSessions: 0
DeadlocksPerMin: 0
AvgQueryDurationMs: 6.69920000
AvgLogicalReads: 232.800000
TempdbUsedMb: 8.0000000
SignalWaitTimeMs: 210606925
PageLifeExpectancy: 14128
[2026-03-29 04:09:00] Snapshot 174 / 360
Zapisano snapshot:
CaptureTime: 2026-03-29 04:09:01.582241
ServerName: deweloper
InstanceName: MSSQLSERVER
CpuPercent: 0.00
BatchRequestsPerSec: 17156
UserConnections: 6
BlockedSessions: 0
DeadlocksPerMin: 0
AvgQueryDurationMs: 6.03220000
AvgLogicalReads: 232.800000
TempdbUsedMb: 8.0000000
SignalWaitTimeMs: 210721406
PageLifeExpectancy: 14189
[2026-03-29 04:10:01] Snapshot 175 / 360
Zapisano snapshot:
CaptureTime: 2026-03-29 04:10:04.002956
ServerName: deweloper
InstanceName: MSSQLSERVER
CpuPercent: 0.00
BatchRequestsPerSec: 17173
UserConnections: 6
BlockedSessions: 0
DeadlocksPerMin: 0
AvgQueryDurationMs: 7.87940000
AvgLogicalReads: 232.800000
TempdbUsedMb: 8.0000000
SignalWaitTimeMs: 210859252
PageLifeExpectancy: 14250
[2026-03-29 04:11:04] Snapshot 176 / 360
Zapisano snapshot:
CaptureTime: 2026-03-29 04:11:09.083152
ServerName: deweloper
InstanceName: MSSQLSERVER
CpuPercent: 0.00
BatchRequestsPerSec: 17190
UserConnections: 6
BlockedSessions: 0
DeadlocksPerMin: 0
AvgQueryDurationMs: 7.24940000
AvgLogicalReads: 232.800000
TempdbUsedMb: 8.0000000
SignalWaitTimeMs: 210992868
PageLifeExpectancy: 14315
[2026-03-29 04:12:09] Snapshot 177 / 360
Zapisano snapshot:
CaptureTime: 2026-03-29 04:12:10.576858
ServerName: deweloper
InstanceName: MSSQLSERVER
CpuPercent: 0.00
BatchRequestsPerSec: 17211
UserConnections: 6
BlockedSessions: 0
DeadlocksPerMin: 0
AvgQueryDurationMs: 7.11940000
AvgLogicalReads: 232.800000
TempdbUsedMb: 8.0000000
SignalWaitTimeMs: 211114369
PageLifeExpectancy: 14377
[2026-03-29 04:13:10] Snapshot 178 / 360
Zapisano snapshot:
CaptureTime: 2026-03-29 04:13:12.203420
ServerName: deweloper
InstanceName: MSSQLSERVER
CpuPercent: 0.00
BatchRequestsPerSec: 17228
UserConnections: 6
BlockedSessions: 0
DeadlocksPerMin: 0
AvgQueryDurationMs: 6.46940000
AvgLogicalReads: 232.800000
TempdbUsedMb: 8.0000000
SignalWaitTimeMs: 211244152
PageLifeExpectancy: 14439
[2026-03-29 04:14:12] Snapshot 179 / 360
Zapisano snapshot:
CaptureTime: 2026-03-29 04:14:12.844626
ServerName: deweloper
InstanceName: MSSQLSERVER
CpuPercent: 0.00
BatchRequestsPerSec: 17245
UserConnections: 6
BlockedSessions: 0
DeadlocksPerMin: 0
AvgQueryDurationMs: 8.21240000
AvgLogicalReads: 232.800000
TempdbUsedMb: 8.0000000
SignalWaitTimeMs: 211367615
PageLifeExpectancy: 14500
[2026-03-29 04:15:12] Snapshot 180 / 360
Zapisano snapshot:
CaptureTime: 2026-03-29 04:15:13.502402
ServerName: deweloper
InstanceName: MSSQLSERVER
CpuPercent: 0.00
BatchRequestsPerSec: 17262
UserConnections: 6
BlockedSessions: 0
DeadlocksPerMin: 0
AvgQueryDurationMs: 8.00140000
AvgLogicalReads: 232.800000
TempdbUsedMb: 8.0000000
SignalWaitTimeMs: 211490090
PageLifeExpectancy: 14560
[2026-03-29 04:16:13] Snapshot 181 / 360
Zapisano snapshot:
CaptureTime: 2026-03-29 04:16:14.143212
ServerName: deweloper
InstanceName: MSSQLSERVER
CpuPercent: 0.00
BatchRequestsPerSec: 17279
UserConnections: 6
BlockedSessions: 0
DeadlocksPerMin: 0
AvgQueryDurationMs: 5.67100000
AvgLogicalReads: 232.800000
TempdbUsedMb: 8.0000000
SignalWaitTimeMs: 211613088
PageLifeExpectancy: 14622
[2026-03-29 04:17:14] Snapshot 182 / 360
Zapisano snapshot:
CaptureTime: 2026-03-29 04:17:14.760197
ServerName: deweloper
InstanceName: MSSQLSERVER
CpuPercent: 0.00
BatchRequestsPerSec: 17302
UserConnections: 6
BlockedSessions: 0
DeadlocksPerMin: 0
AvgQueryDurationMs: 5.58320000
AvgLogicalReads: 232.800000
TempdbUsedMb: 8.0000000
SignalWaitTimeMs: 211735661
PageLifeExpectancy: 14681
[2026-03-29 04:18:14] Snapshot 183 / 360
Zapisano snapshot:
CaptureTime: 2026-03-29 04:18:15.411738
ServerName: deweloper
InstanceName: MSSQLSERVER
CpuPercent: 0.00
BatchRequestsPerSec: 17319
UserConnections: 6
BlockedSessions: 0
DeadlocksPerMin: 0
AvgQueryDurationMs: 5.65900000
AvgLogicalReads: 232.800000
TempdbUsedMb: 8.0000000
SignalWaitTimeMs: 211860481
PageLifeExpectancy: 14742
[2026-03-29 04:19:15] Snapshot 184 / 360
Zapisano snapshot:
CaptureTime: 2026-03-29 04:19:16.000598
ServerName: deweloper
InstanceName: MSSQLSERVER
CpuPercent: 0.00
BatchRequestsPerSec: 17336
UserConnections: 6
BlockedSessions: 0
DeadlocksPerMin: 0
AvgQueryDurationMs: 5.67260000
AvgLogicalReads: 232.800000
TempdbUsedMb: 8.0000000
SignalWaitTimeMs: 211981604
PageLifeExpectancy: 14803
[2026-03-29 04:20:16] Snapshot 185 / 360
Zapisano snapshot:
CaptureTime: 2026-03-29 04:20:18.533986
ServerName: deweloper
InstanceName: MSSQLSERVER
CpuPercent: 0.00
BatchRequestsPerSec: 17353
UserConnections: 6
BlockedSessions: 0
DeadlocksPerMin: 0
AvgQueryDurationMs: 10.36900000
AvgLogicalReads: 232.800000
TempdbUsedMb: 8.0000000
SignalWaitTimeMs: 212120911
PageLifeExpectancy: 14866
[2026-03-29 04:21:18] Snapshot 186 / 360
Zapisano snapshot:
CaptureTime: 2026-03-29 04:21:23.656540
ServerName: deweloper
InstanceName: MSSQLSERVER
CpuPercent: 0.00
BatchRequestsPerSec: 17370
UserConnections: 6
BlockedSessions: 0
DeadlocksPerMin: 0
AvgQueryDurationMs: 8.29440000
AvgLogicalReads: 232.800000
TempdbUsedMb: 8.0000000
SignalWaitTimeMs: 212249591
PageLifeExpectancy: 14930
[2026-03-29 04:22:23] Snapshot 187 / 360
Zapisano snapshot:
CaptureTime: 2026-03-29 04:22:24.680610
ServerName: deweloper
InstanceName: MSSQLSERVER
CpuPercent: 0.00
BatchRequestsPerSec: 17391
UserConnections: 6
BlockedSessions: 0
DeadlocksPerMin: 0
AvgQueryDurationMs: 6.72500000
AvgLogicalReads: 232.800000
TempdbUsedMb: 8.0000000
SignalWaitTimeMs: 212371417
PageLifeExpectancy: 14992
[2026-03-29 04:23:24] Snapshot 188 / 360
Zapisano snapshot:
CaptureTime: 2026-03-29 04:23:25.334636
ServerName: deweloper
InstanceName: MSSQLSERVER
CpuPercent: 0.00
BatchRequestsPerSec: 17408
UserConnections: 6
BlockedSessions: 0
DeadlocksPerMin: 0
AvgQueryDurationMs: 5.64580000
AvgLogicalReads: 232.800000
TempdbUsedMb: 8.0000000
SignalWaitTimeMs: 212495443
PageLifeExpectancy: 15052
[2026-03-29 04:24:25] Snapshot 189 / 360
Zapisano snapshot:
CaptureTime: 2026-03-29 04:24:25.944708
ServerName: deweloper
InstanceName: MSSQLSERVER
CpuPercent: 0.00
BatchRequestsPerSec: 17425
UserConnections: 6
BlockedSessions: 0
DeadlocksPerMin: 0
AvgQueryDurationMs: 5.68280000
AvgLogicalReads: 232.800000
TempdbUsedMb: 8.0000000
SignalWaitTimeMs: 212619075
PageLifeExpectancy: 15113
[2026-03-29 04:25:26] Snapshot 190 / 360
Zapisano snapshot:
CaptureTime: 2026-03-29 04:25:29.453705
ServerName: deweloper
InstanceName: MSSQLSERVER
CpuPercent: 0.00
BatchRequestsPerSec: 17442
UserConnections: 6
BlockedSessions: 0
DeadlocksPerMin: 0
AvgQueryDurationMs: 8.30320000
AvgLogicalReads: 232.800000
TempdbUsedMb: 8.0000000
SignalWaitTimeMs: 212749127
PageLifeExpectancy: 15176
[2026-03-29 04:26:29] Snapshot 191 / 360
Zapisano snapshot:
CaptureTime: 2026-03-29 04:26:30.933545
ServerName: deweloper
InstanceName: MSSQLSERVER
CpuPercent: 0.00
BatchRequestsPerSec: 17459
UserConnections: 6
BlockedSessions: 0
DeadlocksPerMin: 0
AvgQueryDurationMs: 5.93500000
AvgLogicalReads: 232.800000
TempdbUsedMb: 8.0000000
SignalWaitTimeMs: 212872794
PageLifeExpectancy: 15238
[2026-03-29 04:27:31] Snapshot 192 / 360
Zapisano snapshot:
CaptureTime: 2026-03-29 04:27:32.487787
ServerName: deweloper
InstanceName: MSSQLSERVER
CpuPercent: 0.00
BatchRequestsPerSec: 17480
UserConnections: 6
BlockedSessions: 0
DeadlocksPerMin: 0
AvgQueryDurationMs: 6.41480000
AvgLogicalReads: 232.800000
TempdbUsedMb: 8.0000000
SignalWaitTimeMs: 212995135
PageLifeExpectancy: 15300
[2026-03-29 04:28:32] Snapshot 193 / 360
Zapisano snapshot:
CaptureTime: 2026-03-29 04:28:33.090209
ServerName: deweloper
InstanceName: MSSQLSERVER
CpuPercent: 0.00
BatchRequestsPerSec: 17497
UserConnections: 6
BlockedSessions: 0
DeadlocksPerMin: 0
AvgQueryDurationMs: 5.68860000
AvgLogicalReads: 232.800000
TempdbUsedMb: 8.0000000
SignalWaitTimeMs: 213121274
PageLifeExpectancy: 15360
[2026-03-29 04:29:33] Snapshot 194 / 360
Zapisano snapshot:
CaptureTime: 2026-03-29 04:29:33.698821
ServerName: deweloper
InstanceName: MSSQLSERVER
CpuPercent: 0.00
BatchRequestsPerSec: 17514
UserConnections: 6
BlockedSessions: 0
DeadlocksPerMin: 0
AvgQueryDurationMs: 5.72440000
AvgLogicalReads: 232.800000
TempdbUsedMb: 8.0000000
SignalWaitTimeMs: 213262243
PageLifeExpectancy: 15420
[2026-03-29 04:30:33] Snapshot 195 / 360
Zapisano snapshot:
CaptureTime: 2026-03-29 04:30:34.333852
ServerName: deweloper
InstanceName: MSSQLSERVER
CpuPercent: 0.00
BatchRequestsPerSec: 17531
UserConnections: 6
BlockedSessions: 0
DeadlocksPerMin: 0
AvgQueryDurationMs: 5.63000000
AvgLogicalReads: 232.800000
TempdbUsedMb: 8.0000000
SignalWaitTimeMs: 213367044
PageLifeExpectancy: 15481
[2026-03-29 04:31:34] Snapshot 196 / 360
Zapisano snapshot:
CaptureTime: 2026-03-29 04:31:34.945668
ServerName: deweloper
InstanceName: MSSQLSERVER
CpuPercent: 0.00
BatchRequestsPerSec: 17552
UserConnections: 6
BlockedSessions: 0
DeadlocksPerMin: 0
AvgQueryDurationMs: 10.78783333
AvgLogicalReads: 206.166666
TempdbUsedMb: 8.0000000
SignalWaitTimeMs: 213506318
PageLifeExpectancy: 15542
[2026-03-29 04:32:35] Snapshot 197 / 360
Zapisano snapshot:
CaptureTime: 2026-03-29 04:32:35.552326
ServerName: deweloper
InstanceName: MSSQLSERVER
CpuPercent: 0.00
BatchRequestsPerSec: 17569
UserConnections: 6
BlockedSessions: 0
DeadlocksPerMin: 0
AvgQueryDurationMs: 5.61500000
AvgLogicalReads: 232.800000
TempdbUsedMb: 8.0000000
SignalWaitTimeMs: 213610602
PageLifeExpectancy: 15603
[2026-03-29 04:33:35] Snapshot 198 / 360
Zapisano snapshot:
CaptureTime: 2026-03-29 04:33:36.628942
ServerName: deweloper
InstanceName: MSSQLSERVER
CpuPercent: 0.00
BatchRequestsPerSec: 17586
UserConnections: 6
BlockedSessions: 0
DeadlocksPerMin: 0
AvgQueryDurationMs: 9.17200000
AvgLogicalReads: 232.800000
TempdbUsedMb: 8.0000000
SignalWaitTimeMs: 213759058
PageLifeExpectancy: 15664
[2026-03-29 04:34:36] Snapshot 199 / 360
Zapisano snapshot:
CaptureTime: 2026-03-29 04:34:42.486836
ServerName: deweloper
InstanceName: MSSQLSERVER
CpuPercent: 0.00
BatchRequestsPerSec: 17603
UserConnections: 6
BlockedSessions: 0
DeadlocksPerMin: 0
AvgQueryDurationMs: 7.64480000
AvgLogicalReads: 232.800000
TempdbUsedMb: 8.0000000
SignalWaitTimeMs: 213871030
PageLifeExpectancy: 15729
[2026-03-29 04:35:42] Snapshot 200 / 360
Zapisano snapshot:
CaptureTime: 2026-03-29 04:35:43.142748
ServerName: deweloper
InstanceName: MSSQLSERVER
CpuPercent: 0.00
BatchRequestsPerSec: 17620
UserConnections: 6
BlockedSessions: 0
DeadlocksPerMin: 0
AvgQueryDurationMs: 5.65000000
AvgLogicalReads: 232.800000
TempdbUsedMb: 8.0000000
SignalWaitTimeMs: 214010317
PageLifeExpectancy: 15790
[2026-03-29 04:36:43] Snapshot 201 / 360
Zapisano snapshot:
CaptureTime: 2026-03-29 04:36:43.746240
ServerName: deweloper
InstanceName: MSSQLSERVER
CpuPercent: 0.00
BatchRequestsPerSec: 17641
UserConnections: 6
BlockedSessions: 0
DeadlocksPerMin: 0
AvgQueryDurationMs: 12.90616666
AvgLogicalReads: 232.500000
TempdbUsedMb: 8.0000000
SignalWaitTimeMs: 214115966
PageLifeExpectancy: 15851
[2026-03-29 04:37:43] Snapshot 202 / 360
Zapisano snapshot:
CaptureTime: 2026-03-29 04:37:44.369852
ServerName: deweloper
InstanceName: MSSQLSERVER
CpuPercent: 0.00
BatchRequestsPerSec: 17658
UserConnections: 6
BlockedSessions: 0
DeadlocksPerMin: 0
AvgQueryDurationMs: 5.65380000
AvgLogicalReads: 232.800000
TempdbUsedMb: 8.0000000
SignalWaitTimeMs: 214258707
PageLifeExpectancy: 15910
[2026-03-29 04:38:44] Snapshot 203 / 360
Zapisano snapshot:
CaptureTime: 2026-03-29 04:38:44.965218
ServerName: deweloper
InstanceName: MSSQLSERVER
CpuPercent: 0.00
BatchRequestsPerSec: 17675
UserConnections: 6
BlockedSessions: 0
DeadlocksPerMin: 0
AvgQueryDurationMs: 5.72680000
AvgLogicalReads: 232.800000
TempdbUsedMb: 8.0000000
SignalWaitTimeMs: 214365933
PageLifeExpectancy: 15971
[2026-03-29 04:39:45] Snapshot 204 / 360
Zapisano snapshot:
CaptureTime: 2026-03-29 04:39:45.591964
ServerName: deweloper
InstanceName: MSSQLSERVER
CpuPercent: 0.00
BatchRequestsPerSec: 17692
UserConnections: 6
BlockedSessions: 0
DeadlocksPerMin: 0
AvgQueryDurationMs: 7.43240000
AvgLogicalReads: 232.800000
TempdbUsedMb: 8.0000000
SignalWaitTimeMs: 214509379
PageLifeExpectancy: 16032
[2026-03-29 04:40:45] Snapshot 205 / 360
Zapisano snapshot:
CaptureTime: 2026-03-29 04:40:46.355938
ServerName: deweloper
InstanceName: MSSQLSERVER
CpuPercent: 0.00
BatchRequestsPerSec: 17709
UserConnections: 6
BlockedSessions: 0
DeadlocksPerMin: 0
AvgQueryDurationMs: 5.65380000
AvgLogicalReads: 232.800000
TempdbUsedMb: 8.0000000
SignalWaitTimeMs: 214613871
PageLifeExpectancy: 16093
[2026-03-29 04:41:46] Snapshot 206 / 360
Zapisano snapshot:
CaptureTime: 2026-03-29 04:41:46.964429
ServerName: deweloper
InstanceName: MSSQLSERVER
CpuPercent: 0.00
BatchRequestsPerSec: 17730
UserConnections: 6
BlockedSessions: 0
DeadlocksPerMin: 0
AvgQueryDurationMs: 5.67300000
AvgLogicalReads: 232.800000
TempdbUsedMb: 8.0000000
SignalWaitTimeMs: 214768580
PageLifeExpectancy: 16154
[2026-03-29 04:42:47] Snapshot 207 / 360
Zapisano snapshot:
CaptureTime: 2026-03-29 04:42:47.568540
ServerName: deweloper
InstanceName: MSSQLSERVER
CpuPercent: 0.00
BatchRequestsPerSec: 17747
UserConnections: 6
BlockedSessions: 0
DeadlocksPerMin: 0
AvgQueryDurationMs: 5.98900000
AvgLogicalReads: 232.800000
TempdbUsedMb: 8.0000000
SignalWaitTimeMs: 214891070
PageLifeExpectancy: 16215
[2026-03-29 04:43:47] Snapshot 208 / 360
Zapisano snapshot:
CaptureTime: 2026-03-29 04:43:48.199502
ServerName: deweloper
InstanceName: MSSQLSERVER
CpuPercent: 0.00
BatchRequestsPerSec: 17764
UserConnections: 6
BlockedSessions: 0
DeadlocksPerMin: 0
AvgQueryDurationMs: 5.62820000
AvgLogicalReads: 232.800000
TempdbUsedMb: 8.0000000
SignalWaitTimeMs: 215012950
PageLifeExpectancy: 16275
[2026-03-29 04:44:48] Snapshot 209 / 360
Zapisano snapshot:
CaptureTime: 2026-03-29 04:44:48.842154
ServerName: deweloper
InstanceName: MSSQLSERVER
CpuPercent: 0.00
BatchRequestsPerSec: 17781
UserConnections: 6
BlockedSessions: 0
DeadlocksPerMin: 0
AvgQueryDurationMs: 7.78500000
AvgLogicalReads: 232.800000
TempdbUsedMb: 8.0000000
SignalWaitTimeMs: 215134355
PageLifeExpectancy: 16335
[2026-03-29 04:45:48] Snapshot 210 / 360
Zapisano snapshot:
CaptureTime: 2026-03-29 04:45:49.448701
ServerName: deweloper
InstanceName: MSSQLSERVER
CpuPercent: 0.00
BatchRequestsPerSec: 17798
UserConnections: 6
BlockedSessions: 0
DeadlocksPerMin: 0
AvgQueryDurationMs: 5.69280000
AvgLogicalReads: 232.800000
TempdbUsedMb: 8.0000000
SignalWaitTimeMs: 215257412
PageLifeExpectancy: 16396
[2026-03-29 04:46:49] Snapshot 211 / 360
Zapisano snapshot:
CaptureTime: 2026-03-29 04:46:50.040486
ServerName: deweloper
InstanceName: MSSQLSERVER
CpuPercent: 0.00
BatchRequestsPerSec: 17819
UserConnections: 6
BlockedSessions: 0
DeadlocksPerMin: 0
AvgQueryDurationMs: 5.69580000
AvgLogicalReads: 232.800000
TempdbUsedMb: 8.0000000
SignalWaitTimeMs: 215378847
PageLifeExpectancy: 16456
[2026-03-29 04:47:50] Snapshot 212 / 360
Zapisano snapshot:
CaptureTime: 2026-03-29 04:47:50.919344
ServerName: deweloper
InstanceName: MSSQLSERVER
CpuPercent: 0.00
BatchRequestsPerSec: 17836
UserConnections: 6
BlockedSessions: 0
DeadlocksPerMin: 0
AvgQueryDurationMs: 5.63300000
AvgLogicalReads: 232.800000
TempdbUsedMb: 8.0000000
SignalWaitTimeMs: 215500349
PageLifeExpectancy: 16518
[2026-03-29 04:48:50] Snapshot 213 / 360
Zapisano snapshot:
CaptureTime: 2026-03-29 04:48:52.355021
ServerName: deweloper
InstanceName: MSSQLSERVER
CpuPercent: 0.00
BatchRequestsPerSec: 17853
UserConnections: 6
BlockedSessions: 0
DeadlocksPerMin: 0
AvgQueryDurationMs: 6.24980000
AvgLogicalReads: 232.800000
TempdbUsedMb: 8.0000000
SignalWaitTimeMs: 215628574
PageLifeExpectancy: 16579
[2026-03-29 04:49:52] Snapshot 214 / 360
Zapisano snapshot:
CaptureTime: 2026-03-29 04:49:53.004289
ServerName: deweloper
InstanceName: MSSQLSERVER
CpuPercent: 0.00
BatchRequestsPerSec: 17870
UserConnections: 6
BlockedSessions: 0
DeadlocksPerMin: 0
AvgQueryDurationMs: 5.68200000
AvgLogicalReads: 232.800000
TempdbUsedMb: 8.0000000
SignalWaitTimeMs: 215756766
PageLifeExpectancy: 16640
[2026-03-29 04:50:53] Snapshot 215 / 360
Zapisano snapshot:
CaptureTime: 2026-03-29 04:50:53.606675
ServerName: deweloper
InstanceName: MSSQLSERVER
CpuPercent: 0.00
BatchRequestsPerSec: 17887
UserConnections: 6
BlockedSessions: 0
DeadlocksPerMin: 0
AvgQueryDurationMs: 5.85840000
AvgLogicalReads: 232.800000
TempdbUsedMb: 8.0000000
SignalWaitTimeMs: 215878672
PageLifeExpectancy: 16700
[2026-03-29 04:51:53] Snapshot 216 / 360
Zapisano snapshot:
CaptureTime: 2026-03-29 04:51:54.199723
ServerName: deweloper
InstanceName: MSSQLSERVER
CpuPercent: 0.00
BatchRequestsPerSec: 17908
UserConnections: 6
BlockedSessions: 0
DeadlocksPerMin: 0
AvgQueryDurationMs: 5.72140000
AvgLogicalReads: 232.800000
TempdbUsedMb: 8.0000000
SignalWaitTimeMs: 215999799
PageLifeExpectancy: 16761
[2026-03-29 04:52:54] Snapshot 217 / 360
Zapisano snapshot:
CaptureTime: 2026-03-29 04:52:54.790475
ServerName: deweloper
InstanceName: MSSQLSERVER
CpuPercent: 0.00
BatchRequestsPerSec: 17925
UserConnections: 6
BlockedSessions: 0
DeadlocksPerMin: 0
AvgQueryDurationMs: 5.57500000
AvgLogicalReads: 232.800000
TempdbUsedMb: 8.0000000
SignalWaitTimeMs: 216122127
PageLifeExpectancy: 16822
[2026-03-29 04:53:54] Snapshot 218 / 360
Zapisano snapshot:
CaptureTime: 2026-03-29 04:53:55.397320
ServerName: deweloper
InstanceName: MSSQLSERVER
CpuPercent: 0.00
BatchRequestsPerSec: 17942
UserConnections: 6
BlockedSessions: 0
DeadlocksPerMin: 0
AvgQueryDurationMs: 5.63760000
AvgLogicalReads: 232.800000
TempdbUsedMb: 8.0000000
SignalWaitTimeMs: 216247064
PageLifeExpectancy: 16882
[2026-03-29 04:54:55] Snapshot 219 / 360
Zapisano snapshot:
CaptureTime: 2026-03-29 04:54:56.147486
ServerName: deweloper
InstanceName: MSSQLSERVER
CpuPercent: 0.00
BatchRequestsPerSec: 17959
UserConnections: 6
BlockedSessions: 0
DeadlocksPerMin: 0
AvgQueryDurationMs: 5.77400000
AvgLogicalReads: 232.800000
TempdbUsedMb: 8.0000000
SignalWaitTimeMs: 216369826
PageLifeExpectancy: 16943
[2026-03-29 04:55:56] Snapshot 220 / 360
Zapisano snapshot:
CaptureTime: 2026-03-29 04:55:57.234856
ServerName: deweloper
InstanceName: MSSQLSERVER
CpuPercent: 0.00
BatchRequestsPerSec: 17976
UserConnections: 6
BlockedSessions: 0
DeadlocksPerMin: 0
AvgQueryDurationMs: 8.29960000
AvgLogicalReads: 232.800000
TempdbUsedMb: 8.0000000
SignalWaitTimeMs: 216492779
PageLifeExpectancy: 17004
[2026-03-29 04:56:57] Snapshot 221 / 360
Zapisano snapshot:
CaptureTime: 2026-03-29 04:56:57.904064
ServerName: deweloper
InstanceName: MSSQLSERVER
CpuPercent: 0.00
BatchRequestsPerSec: 17997
UserConnections: 6
BlockedSessions: 0
DeadlocksPerMin: 0
AvgQueryDurationMs: 5.70740000
AvgLogicalReads: 232.800000
TempdbUsedMb: 8.0000000
SignalWaitTimeMs: 216614459
PageLifeExpectancy: 17065
[2026-03-29 04:57:57] Snapshot 222 / 360
Zapisano snapshot:
CaptureTime: 2026-03-29 04:57:58.497208
ServerName: deweloper
InstanceName: MSSQLSERVER
CpuPercent: 0.00
BatchRequestsPerSec: 18014
UserConnections: 6
BlockedSessions: 0
DeadlocksPerMin: 0
AvgQueryDurationMs: 5.68340000
AvgLogicalReads: 232.800000
TempdbUsedMb: 8.0000000
SignalWaitTimeMs: 216744268
PageLifeExpectancy: 17125
[2026-03-29 04:58:58] Snapshot 223 / 360
Zapisano snapshot:
CaptureTime: 2026-03-29 04:58:59.097727
ServerName: deweloper
InstanceName: MSSQLSERVER
CpuPercent: 0.00
BatchRequestsPerSec: 18031
UserConnections: 6
BlockedSessions: 0
DeadlocksPerMin: 0
AvgQueryDurationMs: 5.60580000
AvgLogicalReads: 232.800000
TempdbUsedMb: 8.0000000
SignalWaitTimeMs: 216871100
PageLifeExpectancy: 17185
[2026-03-29 04:59:59] Snapshot 224 / 360
Zapisano snapshot:
CaptureTime: 2026-03-29 04:59:59.707338
ServerName: deweloper
InstanceName: MSSQLSERVER
CpuPercent: 0.00
BatchRequestsPerSec: 18048
UserConnections: 6
BlockedSessions: 0
DeadlocksPerMin: 0
AvgQueryDurationMs: 5.64040000
AvgLogicalReads: 232.800000
TempdbUsedMb: 8.0000000
SignalWaitTimeMs: 217004765
PageLifeExpectancy: 17247
[2026-03-29 05:00:59] Snapshot 225 / 360
Zapisano snapshot:
CaptureTime: 2026-03-29 05:01:00.356781
ServerName: deweloper
InstanceName: MSSQLSERVER
CpuPercent: 0.00
BatchRequestsPerSec: 18065
UserConnections: 6
BlockedSessions: 0
DeadlocksPerMin: 0
AvgQueryDurationMs: 5.63760000
AvgLogicalReads: 232.800000
TempdbUsedMb: 8.0000000
SignalWaitTimeMs: 217120333
PageLifeExpectancy: 17307
[2026-03-29 05:02:00] Snapshot 226 / 360
Zapisano snapshot:
CaptureTime: 2026-03-29 05:02:01.125067
ServerName: deweloper
InstanceName: MSSQLSERVER
CpuPercent: 0.00
BatchRequestsPerSec: 18086
UserConnections: 6
BlockedSessions: 0
DeadlocksPerMin: 0
AvgQueryDurationMs: 12.23533333
AvgLogicalReads: 206.166666
TempdbUsedMb: 8.0000000
SignalWaitTimeMs: 217255839
PageLifeExpectancy: 17368
[2026-03-29 05:03:01] Snapshot 227 / 360
Zapisano snapshot:
CaptureTime: 2026-03-29 05:03:03.105872
ServerName: deweloper
InstanceName: MSSQLSERVER
CpuPercent: 0.00
BatchRequestsPerSec: 18103
UserConnections: 6
BlockedSessions: 0
DeadlocksPerMin: 0
AvgQueryDurationMs: 6.41780000
AvgLogicalReads: 232.800000
TempdbUsedMb: 8.0000000
SignalWaitTimeMs: 217368641
PageLifeExpectancy: 17430
[2026-03-29 05:04:03] Snapshot 228 / 360
Zapisano snapshot:
CaptureTime: 2026-03-29 05:04:03.966136
ServerName: deweloper
InstanceName: MSSQLSERVER
CpuPercent: 0.00
BatchRequestsPerSec: 18120
UserConnections: 6
BlockedSessions: 0
DeadlocksPerMin: 0
AvgQueryDurationMs: 5.76140000
AvgLogicalReads: 232.800000
TempdbUsedMb: 8.0000000
SignalWaitTimeMs: 217503198
PageLifeExpectancy: 17490
[2026-03-29 05:05:04] Snapshot 229 / 360
Zapisano snapshot:
CaptureTime: 2026-03-29 05:05:05.433354
ServerName: deweloper
InstanceName: MSSQLSERVER
CpuPercent: 0.00
BatchRequestsPerSec: 18137
UserConnections: 6
BlockedSessions: 0
DeadlocksPerMin: 0
AvgQueryDurationMs: 6.33260000
AvgLogicalReads: 232.800000
TempdbUsedMb: 8.0000000
SignalWaitTimeMs: 217618251
PageLifeExpectancy: 17552
[2026-03-29 05:06:05] Snapshot 230 / 360
Zapisano snapshot:
CaptureTime: 2026-03-29 05:06:06.052306
ServerName: deweloper
InstanceName: MSSQLSERVER
CpuPercent: 0.00
BatchRequestsPerSec: 18154
UserConnections: 6
BlockedSessions: 0
DeadlocksPerMin: 0
AvgQueryDurationMs: 8.09560000
AvgLogicalReads: 232.800000
TempdbUsedMb: 8.0000000
SignalWaitTimeMs: 217758168
PageLifeExpectancy: 17613
[2026-03-29 05:07:06] Snapshot 231 / 360
Zapisano snapshot:
CaptureTime: 2026-03-29 05:07:06.659684
ServerName: deweloper
InstanceName: MSSQLSERVER
CpuPercent: 0.00
BatchRequestsPerSec: 18175
UserConnections: 6
BlockedSessions: 0
DeadlocksPerMin: 0
AvgQueryDurationMs: 5.66620000
AvgLogicalReads: 232.800000
TempdbUsedMb: 8.0000000
SignalWaitTimeMs: 217886924
PageLifeExpectancy: 17674
[2026-03-29 05:08:06] Snapshot 232 / 360
Zapisano snapshot:
CaptureTime: 2026-03-29 05:08:07.269575
ServerName: deweloper
InstanceName: MSSQLSERVER
CpuPercent: 0.00
BatchRequestsPerSec: 18192
UserConnections: 6
BlockedSessions: 0
DeadlocksPerMin: 0
AvgQueryDurationMs: 9.45200000
AvgLogicalReads: 232.800000
TempdbUsedMb: 8.0000000
SignalWaitTimeMs: 218008300
PageLifeExpectancy: 17734
[2026-03-29 05:09:07] Snapshot 233 / 360
Zapisano snapshot:
CaptureTime: 2026-03-29 05:09:07.889016
ServerName: deweloper
InstanceName: MSSQLSERVER
CpuPercent: 0.00
BatchRequestsPerSec: 18209
UserConnections: 6
BlockedSessions: 0
DeadlocksPerMin: 0
AvgQueryDurationMs: 6.07200000
AvgLogicalReads: 232.800000
TempdbUsedMb: 8.0000000
SignalWaitTimeMs: 218129973
PageLifeExpectancy: 17795
[2026-03-29 05:10:07] Snapshot 234 / 360
Zapisano snapshot:
CaptureTime: 2026-03-29 05:10:08.537792
ServerName: deweloper
InstanceName: MSSQLSERVER
CpuPercent: 0.00
BatchRequestsPerSec: 18226
UserConnections: 6
BlockedSessions: 0
DeadlocksPerMin: 0
AvgQueryDurationMs: 5.68420000
AvgLogicalReads: 232.800000
TempdbUsedMb: 8.0000000
SignalWaitTimeMs: 218251916
PageLifeExpectancy: 17855
[2026-03-29 05:11:08] Snapshot 235 / 360
Zapisano snapshot:
CaptureTime: 2026-03-29 05:11:09.152784
ServerName: deweloper
InstanceName: MSSQLSERVER
CpuPercent: 0.00
BatchRequestsPerSec: 18243
UserConnections: 6
BlockedSessions: 0
DeadlocksPerMin: 0
AvgQueryDurationMs: 5.66540000
AvgLogicalReads: 232.800000
TempdbUsedMb: 8.0000000
SignalWaitTimeMs: 218375026
PageLifeExpectancy: 17916
[2026-03-29 05:12:09] Snapshot 236 / 360
Zapisano snapshot:
CaptureTime: 2026-03-29 05:12:10.547298
ServerName: deweloper
InstanceName: MSSQLSERVER
CpuPercent: 0.00
BatchRequestsPerSec: 18264
UserConnections: 6
BlockedSessions: 0
DeadlocksPerMin: 0
AvgQueryDurationMs: 8.03520000
AvgLogicalReads: 232.800000
TempdbUsedMb: 8.0000000
SignalWaitTimeMs: 218502528
PageLifeExpectancy: 17977
[2026-03-29 05:13:10] Snapshot 237 / 360
Zapisano snapshot:
CaptureTime: 2026-03-29 05:13:12.667721
ServerName: deweloper
InstanceName: MSSQLSERVER
CpuPercent: 0.00
BatchRequestsPerSec: 18281
UserConnections: 6
BlockedSessions: 0
DeadlocksPerMin: 0
AvgQueryDurationMs: 6.42960000
AvgLogicalReads: 232.800000
TempdbUsedMb: 8.0000000
SignalWaitTimeMs: 218624235
PageLifeExpectancy: 18040
[2026-03-29 05:14:12] Snapshot 238 / 360
Zapisano snapshot:
CaptureTime: 2026-03-29 05:14:13.293483
ServerName: deweloper
InstanceName: MSSQLSERVER
CpuPercent: 0.00
BatchRequestsPerSec: 18298
UserConnections: 6
BlockedSessions: 0
DeadlocksPerMin: 0
AvgQueryDurationMs: 5.63060000
AvgLogicalReads: 232.800000
TempdbUsedMb: 8.0000000
SignalWaitTimeMs: 218746886
PageLifeExpectancy: 18100
[2026-03-29 05:15:13] Snapshot 239 / 360
Zapisano snapshot:
CaptureTime: 2026-03-29 05:15:14.947541
ServerName: deweloper
InstanceName: MSSQLSERVER
CpuPercent: 0.00
BatchRequestsPerSec: 18315
UserConnections: 6
BlockedSessions: 0
DeadlocksPerMin: 0
AvgQueryDurationMs: 11.80520000
AvgLogicalReads: 232.800000
TempdbUsedMb: 8.0000000
SignalWaitTimeMs: 218870506
PageLifeExpectancy: 18162
[2026-03-29 05:16:15] Snapshot 240 / 360
Zapisano snapshot:
CaptureTime: 2026-03-29 05:16:16.199752
ServerName: deweloper
InstanceName: MSSQLSERVER
CpuPercent: 0.00
BatchRequestsPerSec: 18332
UserConnections: 6
BlockedSessions: 0
DeadlocksPerMin: 0
AvgQueryDurationMs: 6.38480000
AvgLogicalReads: 232.800000
TempdbUsedMb: 8.0000000
SignalWaitTimeMs: 218997294
PageLifeExpectancy: 18222
[2026-03-29 05:17:16] Snapshot 241 / 360
Zapisano snapshot:
CaptureTime: 2026-03-29 05:17:16.820922
ServerName: deweloper
InstanceName: MSSQLSERVER
CpuPercent: 0.00
BatchRequestsPerSec: 18355
UserConnections: 6
BlockedSessions: 0
DeadlocksPerMin: 0
AvgQueryDurationMs: 5.71500000
AvgLogicalReads: 232.800000
TempdbUsedMb: 8.0000000
SignalWaitTimeMs: 219119057
PageLifeExpectancy: 18283
[2026-03-29 05:18:16] Snapshot 242 / 360
Zapisano snapshot:
CaptureTime: 2026-03-29 05:18:17.420450
ServerName: deweloper
InstanceName: MSSQLSERVER
CpuPercent: 0.00
BatchRequestsPerSec: 18372
UserConnections: 6
BlockedSessions: 0
DeadlocksPerMin: 0
AvgQueryDurationMs: 5.63040000
AvgLogicalReads: 232.800000
TempdbUsedMb: 8.0000000
SignalWaitTimeMs: 219254502
PageLifeExpectancy: 18345
[2026-03-29 05:19:17] Snapshot 243 / 360
Zapisano snapshot:
CaptureTime: 2026-03-29 05:19:18.045334
ServerName: deweloper
InstanceName: MSSQLSERVER
CpuPercent: 0.00
BatchRequestsPerSec: 18389
UserConnections: 6
BlockedSessions: 0
DeadlocksPerMin: 0
AvgQueryDurationMs: 5.65780000
AvgLogicalReads: 232.800000
TempdbUsedMb: 8.0000000
SignalWaitTimeMs: 219376165
PageLifeExpectancy: 18405
[2026-03-29 05:20:18] Snapshot 244 / 360
Zapisano snapshot:
CaptureTime: 2026-03-29 05:20:18.666373
ServerName: deweloper
InstanceName: MSSQLSERVER
CpuPercent: 0.00
BatchRequestsPerSec: 18406
UserConnections: 6
BlockedSessions: 0
DeadlocksPerMin: 0
AvgQueryDurationMs: 5.62740000
AvgLogicalReads: 232.800000
TempdbUsedMb: 8.0000000
SignalWaitTimeMs: 219498928
PageLifeExpectancy: 18465
[2026-03-29 05:21:18] Snapshot 245 / 360
Zapisano snapshot:
CaptureTime: 2026-03-29 05:21:19.246278
ServerName: deweloper
InstanceName: MSSQLSERVER
CpuPercent: 0.00
BatchRequestsPerSec: 18423
UserConnections: 6
BlockedSessions: 0
DeadlocksPerMin: 0
AvgQueryDurationMs: 5.61620000
AvgLogicalReads: 232.800000
TempdbUsedMb: 8.0000000
SignalWaitTimeMs: 219620721
PageLifeExpectancy: 18526
[2026-03-29 05:22:19] Snapshot 246 / 360
Zapisano snapshot:
CaptureTime: 2026-03-29 05:22:19.880429
ServerName: deweloper
InstanceName: MSSQLSERVER
CpuPercent: 0.00
BatchRequestsPerSec: 18444
UserConnections: 6
BlockedSessions: 0
DeadlocksPerMin: 0
AvgQueryDurationMs: 5.66560000
AvgLogicalReads: 232.800000
TempdbUsedMb: 8.0000000
SignalWaitTimeMs: 219740968
PageLifeExpectancy: 18587
[2026-03-29 05:23:20] Snapshot 247 / 360
Zapisano snapshot:
CaptureTime: 2026-03-29 05:23:21.938686
ServerName: deweloper
InstanceName: MSSQLSERVER
CpuPercent: 0.00
BatchRequestsPerSec: 18461
UserConnections: 6
BlockedSessions: 0
DeadlocksPerMin: 0
AvgQueryDurationMs: 10.91520000
AvgLogicalReads: 232.800000
TempdbUsedMb: 8.0000000
SignalWaitTimeMs: 219868629
PageLifeExpectancy: 18649
[2026-03-29 05:24:22] Snapshot 248 / 360
Zapisano snapshot:
CaptureTime: 2026-03-29 05:24:22.688335
ServerName: deweloper
InstanceName: MSSQLSERVER
CpuPercent: 0.00
BatchRequestsPerSec: 18478
UserConnections: 6
BlockedSessions: 0
DeadlocksPerMin: 0
AvgQueryDurationMs: 5.93300000
AvgLogicalReads: 232.800000
TempdbUsedMb: 8.0000000
SignalWaitTimeMs: 219991486
PageLifeExpectancy: 18709
[2026-03-29 05:25:22] Snapshot 249 / 360
Zapisano snapshot:
CaptureTime: 2026-03-29 05:25:24.559043
ServerName: deweloper
InstanceName: MSSQLSERVER
CpuPercent: 10.00
BatchRequestsPerSec: 18495
UserConnections: 6
BlockedSessions: 0
DeadlocksPerMin: 0
AvgQueryDurationMs: None
AvgLogicalReads: None
TempdbUsedMb: 8.0000000
SignalWaitTimeMs: 220116513
PageLifeExpectancy: 18772
[2026-03-29 05:26:24] Snapshot 250 / 360
Zapisano snapshot:
CaptureTime: 2026-03-29 05:26:25.193412
ServerName: deweloper
InstanceName: MSSQLSERVER
CpuPercent: 0.00
BatchRequestsPerSec: 18513
UserConnections: 6
BlockedSessions: 0
DeadlocksPerMin: 0
AvgQueryDurationMs: 5.61780000
AvgLogicalReads: 232.800000
TempdbUsedMb: 8.0000000
SignalWaitTimeMs: 220240596
PageLifeExpectancy: 18832
[2026-03-29 05:27:25] Snapshot 251 / 360
Zapisano snapshot:
CaptureTime: 2026-03-29 05:27:25.820317
ServerName: deweloper
InstanceName: MSSQLSERVER
CpuPercent: 0.00
BatchRequestsPerSec: 18534
UserConnections: 6
BlockedSessions: 0
DeadlocksPerMin: 0
AvgQueryDurationMs: 7.99360000
AvgLogicalReads: 232.800000
TempdbUsedMb: 8.0000000
SignalWaitTimeMs: 220362440
PageLifeExpectancy: 18893
[2026-03-29 05:28:25] Snapshot 252 / 360
Zapisano snapshot:
CaptureTime: 2026-03-29 05:28:26.417991
ServerName: deweloper
InstanceName: MSSQLSERVER
CpuPercent: 0.00
BatchRequestsPerSec: 18551
UserConnections: 6
BlockedSessions: 0
DeadlocksPerMin: 0
AvgQueryDurationMs: 5.78500000
AvgLogicalReads: 232.800000
TempdbUsedMb: 8.0000000
SignalWaitTimeMs: 220483712
PageLifeExpectancy: 18954
[2026-03-29 05:29:26] Snapshot 253 / 360
Zapisano snapshot:
CaptureTime: 2026-03-29 05:29:27.065980
ServerName: deweloper
InstanceName: MSSQLSERVER
CpuPercent: 0.00
BatchRequestsPerSec: 18568
UserConnections: 6
BlockedSessions: 0
DeadlocksPerMin: 0
AvgQueryDurationMs: 6.32680000
AvgLogicalReads: 232.800000
TempdbUsedMb: 8.0000000
SignalWaitTimeMs: 220606369
PageLifeExpectancy: 19014
[2026-03-29 05:30:27] Snapshot 254 / 360
Zapisano snapshot:
CaptureTime: 2026-03-29 05:30:27.712958
ServerName: deweloper
InstanceName: MSSQLSERVER
CpuPercent: 0.00
BatchRequestsPerSec: 18585
UserConnections: 6
BlockedSessions: 0
DeadlocksPerMin: 0
AvgQueryDurationMs: 5.70860000
AvgLogicalReads: 232.800000
TempdbUsedMb: 8.0000000
SignalWaitTimeMs: 220740774
PageLifeExpectancy: 19074
[2026-03-29 05:31:27] Snapshot 255 / 360
Zapisano snapshot:
CaptureTime: 2026-03-29 05:31:28.339553
ServerName: deweloper
InstanceName: MSSQLSERVER
CpuPercent: 0.00
BatchRequestsPerSec: 18602
UserConnections: 6
BlockedSessions: 0
DeadlocksPerMin: 0
AvgQueryDurationMs: 5.63880000
AvgLogicalReads: 232.800000
TempdbUsedMb: 8.0000000
SignalWaitTimeMs: 220872207
PageLifeExpectancy: 19135
[2026-03-29 05:32:28] Snapshot 256 / 360
Zapisano snapshot:
CaptureTime: 2026-03-29 05:32:28.933840
ServerName: deweloper
InstanceName: MSSQLSERVER
CpuPercent: 0.00
BatchRequestsPerSec: 18623
UserConnections: 6
BlockedSessions: 0
DeadlocksPerMin: 0
AvgQueryDurationMs: 5.87820000
AvgLogicalReads: 232.800000
TempdbUsedMb: 8.0000000
SignalWaitTimeMs: 220993648
PageLifeExpectancy: 19196
[2026-03-29 05:33:28] Snapshot 257 / 360
Zapisano snapshot:
CaptureTime: 2026-03-29 05:33:29.533661
ServerName: deweloper
InstanceName: MSSQLSERVER
CpuPercent: 0.00
BatchRequestsPerSec: 18640
UserConnections: 6
BlockedSessions: 0
DeadlocksPerMin: 0
AvgQueryDurationMs: 5.62280000
AvgLogicalReads: 232.800000
TempdbUsedMb: 8.0000000
SignalWaitTimeMs: 221116221
PageLifeExpectancy: 19257
[2026-03-29 05:34:29] Snapshot 258 / 360
Zapisano snapshot:
CaptureTime: 2026-03-29 05:34:30.121299
ServerName: deweloper
InstanceName: MSSQLSERVER
CpuPercent: 0.00
BatchRequestsPerSec: 18657
UserConnections: 6
BlockedSessions: 0
DeadlocksPerMin: 0
AvgQueryDurationMs: 5.89100000
AvgLogicalReads: 232.800000
TempdbUsedMb: 8.0000000
SignalWaitTimeMs: 221238411
PageLifeExpectancy: 19317
[2026-03-29 05:35:30] Snapshot 259 / 360
Zapisano snapshot:
CaptureTime: 2026-03-29 05:35:30.837089
ServerName: deweloper
InstanceName: MSSQLSERVER
CpuPercent: 0.00
BatchRequestsPerSec: 18674
UserConnections: 6
BlockedSessions: 0
DeadlocksPerMin: 0
AvgQueryDurationMs: 6.67260000
AvgLogicalReads: 232.800000
TempdbUsedMb: 8.0000000
SignalWaitTimeMs: 221359571
PageLifeExpectancy: 19377
[2026-03-29 05:36:30] Snapshot 260 / 360
Zapisano snapshot:
CaptureTime: 2026-03-29 05:36:31.442656
ServerName: deweloper
InstanceName: MSSQLSERVER
CpuPercent: 0.00
BatchRequestsPerSec: 18691
UserConnections: 6
BlockedSessions: 0
DeadlocksPerMin: 0
AvgQueryDurationMs: 5.72200000
AvgLogicalReads: 232.800000
TempdbUsedMb: 8.0000000
SignalWaitTimeMs: 221481294
PageLifeExpectancy: 19438
[2026-03-29 05:37:31] Snapshot 261 / 360
Zapisano snapshot:
CaptureTime: 2026-03-29 05:37:32.143128
ServerName: deweloper
InstanceName: MSSQLSERVER
CpuPercent: 0.00
BatchRequestsPerSec: 18712
UserConnections: 6
BlockedSessions: 0
DeadlocksPerMin: 0
AvgQueryDurationMs: 8.47480000
AvgLogicalReads: 232.800000
TempdbUsedMb: 8.0000000
SignalWaitTimeMs: 221602935
PageLifeExpectancy: 19499
[2026-03-29 05:38:32] Snapshot 262 / 360
Zapisano snapshot:
CaptureTime: 2026-03-29 05:38:32.830455
ServerName: deweloper
InstanceName: MSSQLSERVER
CpuPercent: 0.00
BatchRequestsPerSec: 18729
UserConnections: 6
BlockedSessions: 0
DeadlocksPerMin: 0
AvgQueryDurationMs: 5.77300000
AvgLogicalReads: 232.800000
TempdbUsedMb: 8.0000000
SignalWaitTimeMs: 221724143
PageLifeExpectancy: 19560
[2026-03-29 05:39:33] Snapshot 263 / 360
Zapisano snapshot:
CaptureTime: 2026-03-29 05:39:34.170798
ServerName: deweloper
InstanceName: MSSQLSERVER
CpuPercent: 0.00
BatchRequestsPerSec: 18746
UserConnections: 6
BlockedSessions: 0
DeadlocksPerMin: 0
AvgQueryDurationMs: 7.85100000
AvgLogicalReads: 232.800000
TempdbUsedMb: 8.0000000
SignalWaitTimeMs: 221850805
PageLifeExpectancy: 19620
[2026-03-29 05:40:34] Snapshot 264 / 360
Zapisano snapshot:
CaptureTime: 2026-03-29 05:40:35.950950
ServerName: deweloper
InstanceName: MSSQLSERVER
CpuPercent: 0.00
BatchRequestsPerSec: 18763
UserConnections: 6
BlockedSessions: 0
DeadlocksPerMin: 0
AvgQueryDurationMs: 6.48500000
AvgLogicalReads: 232.800000
TempdbUsedMb: 8.0000000
SignalWaitTimeMs: 221973439
PageLifeExpectancy: 19683
[2026-03-29 05:41:36] Snapshot 265 / 360
Zapisano snapshot:
CaptureTime: 2026-03-29 05:41:36.808737
ServerName: deweloper
InstanceName: MSSQLSERVER
CpuPercent: 0.00
BatchRequestsPerSec: 18784
UserConnections: 6
BlockedSessions: 0
DeadlocksPerMin: 0
AvgQueryDurationMs: 13.21716666
AvgLogicalReads: 206.166666
TempdbUsedMb: 8.0000000
SignalWaitTimeMs: 222117295
PageLifeExpectancy: 19743
[2026-03-29 05:42:36] Snapshot 266 / 360
Zapisano snapshot:
CaptureTime: 2026-03-29 05:42:43.386485
ServerName: deweloper
InstanceName: MSSQLSERVER
CpuPercent: 0.00
BatchRequestsPerSec: 18801
UserConnections: 6
BlockedSessions: 0
DeadlocksPerMin: 0
AvgQueryDurationMs: 7.91900000
AvgLogicalReads: 232.800000
TempdbUsedMb: 8.0000000
SignalWaitTimeMs: 222229141
PageLifeExpectancy: 19811
[2026-03-29 05:43:43] Snapshot 267 / 360
Zapisano snapshot:
CaptureTime: 2026-03-29 05:43:44.933361
ServerName: deweloper
InstanceName: MSSQLSERVER
CpuPercent: 0.00
BatchRequestsPerSec: 18818
UserConnections: 6
BlockedSessions: 0
DeadlocksPerMin: 0
AvgQueryDurationMs: 6.04820000
AvgLogicalReads: 232.800000
TempdbUsedMb: 8.0000000
SignalWaitTimeMs: 222372700
PageLifeExpectancy: 19872
[2026-03-29 05:44:45] Snapshot 268 / 360
Zapisano snapshot:
CaptureTime: 2026-03-29 05:44:46.839952
ServerName: deweloper
InstanceName: MSSQLSERVER
CpuPercent: 0.00
BatchRequestsPerSec: 18835
UserConnections: 6
BlockedSessions: 0
DeadlocksPerMin: 0
AvgQueryDurationMs: 6.66880000
AvgLogicalReads: 232.800000
TempdbUsedMb: 8.0000000
SignalWaitTimeMs: 222478224
PageLifeExpectancy: 19933
[2026-03-29 05:45:46] Snapshot 269 / 360
Zapisano snapshot:
CaptureTime: 2026-03-29 05:45:47.436033
ServerName: deweloper
InstanceName: MSSQLSERVER
CpuPercent: 0.00
BatchRequestsPerSec: 18852
UserConnections: 6
BlockedSessions: 0
DeadlocksPerMin: 0
AvgQueryDurationMs: 5.65480000
AvgLogicalReads: 232.800000
TempdbUsedMb: 8.0000000
SignalWaitTimeMs: 222617496
PageLifeExpectancy: 19994
[2026-03-29 05:46:47] Snapshot 270 / 360
Zapisano snapshot:
CaptureTime: 2026-03-29 05:46:48.023843
ServerName: deweloper
InstanceName: MSSQLSERVER
CpuPercent: 0.00
BatchRequestsPerSec: 18873
UserConnections: 6
BlockedSessions: 0
DeadlocksPerMin: 0
AvgQueryDurationMs: 13.58950000
AvgLogicalReads: 232.500000
TempdbUsedMb: 8.0000000
SignalWaitTimeMs: 222754838
PageLifeExpectancy: 20055
[2026-03-29 05:47:48] Snapshot 271 / 360
Zapisano snapshot:
CaptureTime: 2026-03-29 05:47:49.183838
ServerName: deweloper
InstanceName: MSSQLSERVER
CpuPercent: 0.00
BatchRequestsPerSec: 18890
UserConnections: 6
BlockedSessions: 0
DeadlocksPerMin: 0
AvgQueryDurationMs: 5.68640000
AvgLogicalReads: 232.800000
TempdbUsedMb: 8.0000000
SignalWaitTimeMs: 222876839
PageLifeExpectancy: 20116
[2026-03-29 05:48:49] Snapshot 272 / 360
Zapisano snapshot:
CaptureTime: 2026-03-29 05:48:49.784151
ServerName: deweloper
InstanceName: MSSQLSERVER
CpuPercent: 0.00
BatchRequestsPerSec: 18907
UserConnections: 6
BlockedSessions: 0
DeadlocksPerMin: 0
AvgQueryDurationMs: 5.63000000
AvgLogicalReads: 232.800000
TempdbUsedMb: 8.0000000
SignalWaitTimeMs: 222998163
PageLifeExpectancy: 20177
[2026-03-29 05:49:49] Snapshot 273 / 360
Zapisano snapshot:
CaptureTime: 2026-03-29 05:49:50.390532
ServerName: deweloper
InstanceName: MSSQLSERVER
CpuPercent: 0.00
BatchRequestsPerSec: 18924
UserConnections: 6
BlockedSessions: 0
DeadlocksPerMin: 0
AvgQueryDurationMs: 5.90320000
AvgLogicalReads: 232.800000
TempdbUsedMb: 8.0000000
SignalWaitTimeMs: 223119180
PageLifeExpectancy: 20237
[2026-03-29 05:50:50] Snapshot 274 / 360
Zapisano snapshot:
CaptureTime: 2026-03-29 05:50:50.995484
ServerName: deweloper
InstanceName: MSSQLSERVER
CpuPercent: 0.00
BatchRequestsPerSec: 18941
UserConnections: 6
BlockedSessions: 0
DeadlocksPerMin: 0
AvgQueryDurationMs: 5.71060000
AvgLogicalReads: 232.800000
TempdbUsedMb: 8.0000000
SignalWaitTimeMs: 223251695
PageLifeExpectancy: 20298
[2026-03-29 05:51:51] Snapshot 275 / 360
Zapisano snapshot:
CaptureTime: 2026-03-29 05:51:51.574395
ServerName: deweloper
InstanceName: MSSQLSERVER
CpuPercent: 0.00
BatchRequestsPerSec: 18962
UserConnections: 6
BlockedSessions: 0
DeadlocksPerMin: 0
AvgQueryDurationMs: 5.63560000
AvgLogicalReads: 232.800000
TempdbUsedMb: 8.0000000
SignalWaitTimeMs: 223373892
PageLifeExpectancy: 20359
[2026-03-29 05:52:51] Snapshot 276 / 360
Zapisano snapshot:
CaptureTime: 2026-03-29 05:52:53.297719
ServerName: deweloper
InstanceName: MSSQLSERVER
CpuPercent: 0.00
BatchRequestsPerSec: 18979
UserConnections: 6
BlockedSessions: 0
DeadlocksPerMin: 0
AvgQueryDurationMs: 118.03200000
AvgLogicalReads: 30.000000
TempdbUsedMb: 8.0000000
SignalWaitTimeMs: 223497104
PageLifeExpectancy: 20420
[2026-03-29 05:53:53] Snapshot 277 / 360
Zapisano snapshot:
CaptureTime: 2026-03-29 05:53:53.949471
ServerName: deweloper
InstanceName: MSSQLSERVER
CpuPercent: 0.00
BatchRequestsPerSec: 18996
UserConnections: 6
BlockedSessions: 0
DeadlocksPerMin: 0
AvgQueryDurationMs: 5.73920000
AvgLogicalReads: 232.800000
TempdbUsedMb: 8.0000000
SignalWaitTimeMs: 223618696
PageLifeExpectancy: 20481
[2026-03-29 05:54:54] Snapshot 278 / 360
Zapisano snapshot:
CaptureTime: 2026-03-29 05:54:55.112320
ServerName: deweloper
InstanceName: MSSQLSERVER
CpuPercent: 0.00
BatchRequestsPerSec: 19013
UserConnections: 6
BlockedSessions: 0
DeadlocksPerMin: 0
AvgQueryDurationMs: 14.73780000
AvgLogicalReads: 232.800000
TempdbUsedMb: 8.0000000
SignalWaitTimeMs: 223742972
PageLifeExpectancy: 20542
[2026-03-29 05:55:55] Snapshot 279 / 360
Zapisano snapshot:
CaptureTime: 2026-03-29 05:55:55.774506
ServerName: deweloper
InstanceName: MSSQLSERVER
CpuPercent: 0.00
BatchRequestsPerSec: 19030
UserConnections: 6
BlockedSessions: 0
DeadlocksPerMin: 0
AvgQueryDurationMs: 5.62780000
AvgLogicalReads: 232.800000
TempdbUsedMb: 8.0000000
SignalWaitTimeMs: 223864834
PageLifeExpectancy: 20603
[2026-03-29 05:56:55] Snapshot 280 / 360
Zapisano snapshot:
CaptureTime: 2026-03-29 05:56:56.418904
ServerName: deweloper
InstanceName: MSSQLSERVER
CpuPercent: 0.00
BatchRequestsPerSec: 19051
UserConnections: 6
BlockedSessions: 0
DeadlocksPerMin: 0
AvgQueryDurationMs: 12.16733333
AvgLogicalReads: 232.500000
TempdbUsedMb: 8.0000000
SignalWaitTimeMs: 223986387
PageLifeExpectancy: 20664
[2026-03-29 05:57:56] Snapshot 281 / 360
Zapisano snapshot:
CaptureTime: 2026-03-29 05:57:57.014137
ServerName: deweloper
InstanceName: MSSQLSERVER
CpuPercent: 0.00
BatchRequestsPerSec: 19068
UserConnections: 6
BlockedSessions: 0
DeadlocksPerMin: 0
AvgQueryDurationMs: 5.68800000
AvgLogicalReads: 232.800000
TempdbUsedMb: 8.0000000
SignalWaitTimeMs: 224112818
PageLifeExpectancy: 20724
[2026-03-29 05:58:57] Snapshot 282 / 360
Zapisano snapshot:
CaptureTime: 2026-03-29 05:58:57.622308
ServerName: deweloper
InstanceName: MSSQLSERVER
CpuPercent: 0.00
BatchRequestsPerSec: 19085
UserConnections: 6
BlockedSessions: 0
DeadlocksPerMin: 0
AvgQueryDurationMs: 5.71440000
AvgLogicalReads: 232.800000
TempdbUsedMb: 8.0000000
SignalWaitTimeMs: 224236342
PageLifeExpectancy: 20785
[2026-03-29 05:59:57] Snapshot 283 / 360
Zapisano snapshot:
CaptureTime: 2026-03-29 05:59:58.220129
ServerName: deweloper
InstanceName: MSSQLSERVER
CpuPercent: 0.00
BatchRequestsPerSec: 19102
UserConnections: 6
BlockedSessions: 0
DeadlocksPerMin: 0
AvgQueryDurationMs: 5.68740000
AvgLogicalReads: 232.800000
TempdbUsedMb: 8.0000000
SignalWaitTimeMs: 224357738
PageLifeExpectancy: 20845
[2026-03-29 06:00:58] Snapshot 284 / 360
Zapisano snapshot:
CaptureTime: 2026-03-29 06:00:58.824456
ServerName: deweloper
InstanceName: MSSQLSERVER
CpuPercent: 0.00
BatchRequestsPerSec: 19119
UserConnections: 6
BlockedSessions: 0
DeadlocksPerMin: 0
AvgQueryDurationMs: 5.68120000
AvgLogicalReads: 232.800000
TempdbUsedMb: 8.0000000
SignalWaitTimeMs: 224480065
PageLifeExpectancy: 20906
[2026-03-29 06:01:58] Snapshot 285 / 360
Zapisano snapshot:
CaptureTime: 2026-03-29 06:01:59.448943
ServerName: deweloper
InstanceName: MSSQLSERVER
CpuPercent: 0.00
BatchRequestsPerSec: 19140
UserConnections: 6
BlockedSessions: 0
DeadlocksPerMin: 0
AvgQueryDurationMs: 5.63680000
AvgLogicalReads: 232.800000
TempdbUsedMb: 8.0000000
SignalWaitTimeMs: 224613196
PageLifeExpectancy: 20966
[2026-03-29 06:02:59] Snapshot 286 / 360
Zapisano snapshot:
CaptureTime: 2026-03-29 06:03:00.086456
ServerName: deweloper
InstanceName: MSSQLSERVER
CpuPercent: 0.00
BatchRequestsPerSec: 19157
UserConnections: 6
BlockedSessions: 0
DeadlocksPerMin: 0
AvgQueryDurationMs: 5.71080000
AvgLogicalReads: 232.800000
TempdbUsedMb: 8.0000000
SignalWaitTimeMs: 224725094
PageLifeExpectancy: 21027
[2026-03-29 06:04:00] Snapshot 287 / 360
Zapisano snapshot:
CaptureTime: 2026-03-29 06:04:00.676498
ServerName: deweloper
InstanceName: MSSQLSERVER
CpuPercent: 0.00
BatchRequestsPerSec: 19174
UserConnections: 6
BlockedSessions: 0
DeadlocksPerMin: 0
AvgQueryDurationMs: 5.69600000
AvgLogicalReads: 232.800000
TempdbUsedMb: 8.0000000
SignalWaitTimeMs: 224859374
PageLifeExpectancy: 21087
[2026-03-29 06:05:00] Snapshot 288 / 360
Zapisano snapshot:
CaptureTime: 2026-03-29 06:05:01.422668
ServerName: deweloper
InstanceName: MSSQLSERVER
CpuPercent: 0.00
BatchRequestsPerSec: 19191
UserConnections: 6
BlockedSessions: 0
DeadlocksPerMin: 0
AvgQueryDurationMs: 0.09000000
AvgLogicalReads: 0.000000
TempdbUsedMb: 8.0000000
SignalWaitTimeMs: 224969454
PageLifeExpectancy: 21149
[2026-03-29 06:06:01] Snapshot 289 / 360
Zapisano snapshot:
CaptureTime: 2026-03-29 06:06:02.013068
ServerName: deweloper
InstanceName: MSSQLSERVER
CpuPercent: 0.00
BatchRequestsPerSec: 19208
UserConnections: 6
BlockedSessions: 0
DeadlocksPerMin: 0
AvgQueryDurationMs: 5.94240000
AvgLogicalReads: 232.800000
TempdbUsedMb: 8.0000000
SignalWaitTimeMs: 225103236
PageLifeExpectancy: 21209
[2026-03-29 06:07:02] Snapshot 290 / 360
Zapisano snapshot:
CaptureTime: 2026-03-29 06:07:02.614301
ServerName: deweloper
InstanceName: MSSQLSERVER
CpuPercent: 0.00
BatchRequestsPerSec: 19229
UserConnections: 6
BlockedSessions: 0
DeadlocksPerMin: 0
AvgQueryDurationMs: 12.47983333
AvgLogicalReads: 232.500000
TempdbUsedMb: 8.0000000
SignalWaitTimeMs: 225213183
PageLifeExpectancy: 21269
[2026-03-29 06:08:02] Snapshot 291 / 360
Zapisano snapshot:
CaptureTime: 2026-03-29 06:08:03.308483
ServerName: deweloper
InstanceName: MSSQLSERVER
CpuPercent: 0.00
BatchRequestsPerSec: 19246
UserConnections: 6
BlockedSessions: 0
DeadlocksPerMin: 0
AvgQueryDurationMs: 8.76600000
AvgLogicalReads: 232.800000
TempdbUsedMb: 8.0000000
SignalWaitTimeMs: 225353719
PageLifeExpectancy: 21331
[2026-03-29 06:09:03] Snapshot 292 / 360
Zapisano snapshot:
CaptureTime: 2026-03-29 06:09:03.918190
ServerName: deweloper
InstanceName: MSSQLSERVER
CpuPercent: 0.00
BatchRequestsPerSec: 19263
UserConnections: 6
BlockedSessions: 0
DeadlocksPerMin: 0
AvgQueryDurationMs: 5.74700000
AvgLogicalReads: 232.800000
TempdbUsedMb: 8.0000000
SignalWaitTimeMs: 225463728
PageLifeExpectancy: 21391
[2026-03-29 06:10:03] Snapshot 293 / 360
Zapisano snapshot:
CaptureTime: 2026-03-29 06:10:04.554087
ServerName: deweloper
InstanceName: MSSQLSERVER
CpuPercent: 0.00
BatchRequestsPerSec: 19280
UserConnections: 6
BlockedSessions: 0
DeadlocksPerMin: 0
AvgQueryDurationMs: 5.65180000
AvgLogicalReads: 232.800000
TempdbUsedMb: 8.0000000
SignalWaitTimeMs: 225597376
PageLifeExpectancy: 21451
[2026-03-29 06:11:04] Snapshot 294 / 360
Zapisano snapshot:
CaptureTime: 2026-03-29 06:11:05.159965
ServerName: deweloper
InstanceName: MSSQLSERVER
CpuPercent: 0.00
BatchRequestsPerSec: 19297
UserConnections: 6
BlockedSessions: 0
DeadlocksPerMin: 0
AvgQueryDurationMs: 5.71780000
AvgLogicalReads: 232.800000
TempdbUsedMb: 8.0000000
SignalWaitTimeMs: 225710127
PageLifeExpectancy: 21512
[2026-03-29 06:12:05] Snapshot 295 / 360
Zapisano snapshot:
CaptureTime: 2026-03-29 06:12:05.810591
ServerName: deweloper
InstanceName: MSSQLSERVER
CpuPercent: 0.00
BatchRequestsPerSec: 19318
UserConnections: 6
BlockedSessions: 0
DeadlocksPerMin: 0
AvgQueryDurationMs: 5.53920000
AvgLogicalReads: 232.800000
TempdbUsedMb: 8.0000000
SignalWaitTimeMs: 225843320
PageLifeExpectancy: 21572
[2026-03-29 06:13:05] Snapshot 296 / 360
Zapisano snapshot:
CaptureTime: 2026-03-29 06:13:06.406818
ServerName: deweloper
InstanceName: MSSQLSERVER
CpuPercent: 0.00
BatchRequestsPerSec: 19335
UserConnections: 6
BlockedSessions: 0
DeadlocksPerMin: 0
AvgQueryDurationMs: 5.63600000
AvgLogicalReads: 232.800000
TempdbUsedMb: 8.0000000
SignalWaitTimeMs: 225972143
PageLifeExpectancy: 21633
[2026-03-29 06:14:06] Snapshot 297 / 360
Zapisano snapshot:
CaptureTime: 2026-03-29 06:14:08.264839
ServerName: deweloper
InstanceName: MSSQLSERVER
CpuPercent: 0.00
BatchRequestsPerSec: 19352
UserConnections: 6
BlockedSessions: 0
DeadlocksPerMin: 0
AvgQueryDurationMs: 8.66040000
AvgLogicalReads: 232.800000
TempdbUsedMb: 8.0000000
SignalWaitTimeMs: 226093270
PageLifeExpectancy: 21696
[2026-03-29 06:15:08] Snapshot 298 / 360
Zapisano snapshot:
CaptureTime: 2026-03-29 06:15:09.230414
ServerName: deweloper
InstanceName: MSSQLSERVER
CpuPercent: 0.00
BatchRequestsPerSec: 19369
UserConnections: 6
BlockedSessions: 0
DeadlocksPerMin: 0
AvgQueryDurationMs: 7.81420000
AvgLogicalReads: 232.800000
TempdbUsedMb: 8.0000000
SignalWaitTimeMs: 226221555
PageLifeExpectancy: 21756
[2026-03-29 06:16:09] Snapshot 299 / 360
Zapisano snapshot:
CaptureTime: 2026-03-29 06:16:11.209127
ServerName: deweloper
InstanceName: MSSQLSERVER
CpuPercent: 0.00
BatchRequestsPerSec: 19386
UserConnections: 6
BlockedSessions: 0
DeadlocksPerMin: 0
AvgQueryDurationMs: 6.75460000
AvgLogicalReads: 232.800000
TempdbUsedMb: 8.0000000
SignalWaitTimeMs: 226343328
PageLifeExpectancy: 21817
[2026-03-29 06:17:11] Snapshot 300 / 360
Zapisano snapshot:
CaptureTime: 2026-03-29 06:17:12.731403
ServerName: deweloper
InstanceName: MSSQLSERVER
CpuPercent: 0.00
BatchRequestsPerSec: 19409
UserConnections: 6
BlockedSessions: 0
DeadlocksPerMin: 0
AvgQueryDurationMs: 6.37200000
AvgLogicalReads: 232.800000
TempdbUsedMb: 8.0000000
SignalWaitTimeMs: 226465370
PageLifeExpectancy: 21880
[2026-03-29 06:18:12] Snapshot 301 / 360
Zapisano snapshot:
CaptureTime: 2026-03-29 06:18:14.687500
ServerName: deweloper
InstanceName: MSSQLSERVER
CpuPercent: 0.00
BatchRequestsPerSec: 19426
UserConnections: 6
BlockedSessions: 0
DeadlocksPerMin: 0
AvgQueryDurationMs: 6.64180000
AvgLogicalReads: 232.800000
TempdbUsedMb: 8.0000000
SignalWaitTimeMs: 226597517
PageLifeExpectancy: 21941
[2026-03-29 06:19:14] Snapshot 302 / 360
Zapisano snapshot:
CaptureTime: 2026-03-29 06:19:15.596409
ServerName: deweloper
InstanceName: MSSQLSERVER
CpuPercent: 0.00
BatchRequestsPerSec: 19443
UserConnections: 6
BlockedSessions: 0
DeadlocksPerMin: 0
AvgQueryDurationMs: 7.13260000
AvgLogicalReads: 232.800000
TempdbUsedMb: 8.0000000
SignalWaitTimeMs: 226720535
PageLifeExpectancy: 22003
[2026-03-29 06:20:15] Snapshot 303 / 360
Zapisano snapshot:
CaptureTime: 2026-03-29 06:20:17.030549
ServerName: deweloper
InstanceName: MSSQLSERVER
CpuPercent: 0.00
BatchRequestsPerSec: 19460
UserConnections: 6
BlockedSessions: 0
DeadlocksPerMin: 0
AvgQueryDurationMs: 6.43920000
AvgLogicalReads: 232.800000
TempdbUsedMb: 8.0000000
SignalWaitTimeMs: 226846913
PageLifeExpectancy: 22063
[2026-03-29 06:21:17] Snapshot 304 / 360
Zapisano snapshot:
CaptureTime: 2026-03-29 06:21:18.102783
ServerName: deweloper
InstanceName: MSSQLSERVER
CpuPercent: 0.00
BatchRequestsPerSec: 19477
UserConnections: 6
BlockedSessions: 0
DeadlocksPerMin: 0
AvgQueryDurationMs: 6.27340000
AvgLogicalReads: 232.800000
TempdbUsedMb: 8.0000000
SignalWaitTimeMs: 226979752
PageLifeExpectancy: 22125
[2026-03-29 06:22:18] Snapshot 305 / 360
Zapisano snapshot:
CaptureTime: 2026-03-29 06:22:19.589706
ServerName: deweloper
InstanceName: MSSQLSERVER
CpuPercent: 0.00
BatchRequestsPerSec: 19498
UserConnections: 6
BlockedSessions: 0
DeadlocksPerMin: 0
AvgQueryDurationMs: 6.61980000
AvgLogicalReads: 232.800000
TempdbUsedMb: 8.0000000
SignalWaitTimeMs: 227101821
PageLifeExpectancy: 22187
[2026-03-29 06:23:19] Snapshot 306 / 360
Zapisano snapshot:
CaptureTime: 2026-03-29 06:23:20.966105
ServerName: deweloper
InstanceName: MSSQLSERVER
CpuPercent: 0.00
BatchRequestsPerSec: 19515
UserConnections: 6
BlockedSessions: 0
DeadlocksPerMin: 0
AvgQueryDurationMs: 6.18220000
AvgLogicalReads: 232.800000
TempdbUsedMb: 8.0000000
SignalWaitTimeMs: 227228371
PageLifeExpectancy: 22248
[2026-03-29 06:24:21] Snapshot 307 / 360
Zapisano snapshot:
CaptureTime: 2026-03-29 06:24:22.462273
ServerName: deweloper
InstanceName: MSSQLSERVER
CpuPercent: 0.00
BatchRequestsPerSec: 19532
UserConnections: 6
BlockedSessions: 0
DeadlocksPerMin: 0
AvgQueryDurationMs: 6.26160000
AvgLogicalReads: 232.800000
TempdbUsedMb: 8.0000000
SignalWaitTimeMs: 227351157
PageLifeExpectancy: 22310
[2026-03-29 06:25:22] Snapshot 308 / 360
Zapisano snapshot:
CaptureTime: 2026-03-29 06:25:23.856014
ServerName: deweloper
InstanceName: MSSQLSERVER
CpuPercent: 0.00
BatchRequestsPerSec: 19549
UserConnections: 6
BlockedSessions: 0
DeadlocksPerMin: 0
AvgQueryDurationMs: 6.48500000
AvgLogicalReads: 232.800000
TempdbUsedMb: 8.0000000
SignalWaitTimeMs: 227472305
PageLifeExpectancy: 22371
[2026-03-29 06:26:23] Snapshot 309 / 360
Zapisano snapshot:
CaptureTime: 2026-03-29 06:26:24.473855
ServerName: deweloper
InstanceName: MSSQLSERVER
CpuPercent: 0.00
BatchRequestsPerSec: 19566
UserConnections: 6
BlockedSessions: 0
DeadlocksPerMin: 0
AvgQueryDurationMs: 5.66140000
AvgLogicalReads: 232.800000
TempdbUsedMb: 8.0000000
SignalWaitTimeMs: 227595221
PageLifeExpectancy: 22431
[2026-03-29 06:27:24] Snapshot 310 / 360
Zapisano snapshot:
CaptureTime: 2026-03-29 06:27:26.925772
ServerName: deweloper
InstanceName: MSSQLSERVER
CpuPercent: 0.00
BatchRequestsPerSec: 19587
UserConnections: 6
BlockedSessions: 0
DeadlocksPerMin: 0
AvgQueryDurationMs: 7.88720000
AvgLogicalReads: 232.800000
TempdbUsedMb: 8.0000000
SignalWaitTimeMs: 227723609
PageLifeExpectancy: 22493
[2026-03-29 06:28:27] Snapshot 311 / 360
Zapisano snapshot:
CaptureTime: 2026-03-29 06:28:27.562521
ServerName: deweloper
InstanceName: MSSQLSERVER
CpuPercent: 0.00
BatchRequestsPerSec: 19604
UserConnections: 6
BlockedSessions: 0
DeadlocksPerMin: 0
AvgQueryDurationMs: 5.67420000
AvgLogicalReads: 232.800000
TempdbUsedMb: 8.0000000
SignalWaitTimeMs: 227850688
PageLifeExpectancy: 22554
[2026-03-29 06:29:27] Snapshot 312 / 360
Zapisano snapshot:
CaptureTime: 2026-03-29 06:29:29.552630
ServerName: deweloper
InstanceName: MSSQLSERVER
CpuPercent: 0.00
BatchRequestsPerSec: 19621
UserConnections: 6
BlockedSessions: 0
DeadlocksPerMin: 0
AvgQueryDurationMs: 7.75220000
AvgLogicalReads: 232.800000
TempdbUsedMb: 8.0000000
SignalWaitTimeMs: 227977646
PageLifeExpectancy: 22617
[2026-03-29 06:30:29] Snapshot 313 / 360
Zapisano snapshot:
CaptureTime: 2026-03-29 06:30:30.828559
ServerName: deweloper
InstanceName: MSSQLSERVER
CpuPercent: 0.00
BatchRequestsPerSec: 19638
UserConnections: 6
BlockedSessions: 0
DeadlocksPerMin: 0
AvgQueryDurationMs: 7.63780000
AvgLogicalReads: 232.800000
TempdbUsedMb: 8.0000000
SignalWaitTimeMs: 228099884
PageLifeExpectancy: 22678
[2026-03-29 06:31:30] Snapshot 314 / 360
Zapisano snapshot:
CaptureTime: 2026-03-29 06:31:31.928750
ServerName: deweloper
InstanceName: MSSQLSERVER
CpuPercent: 0.00
BatchRequestsPerSec: 19655
UserConnections: 6
BlockedSessions: 0
DeadlocksPerMin: 0
AvgQueryDurationMs: 11.54380000
AvgLogicalReads: 232.800000
TempdbUsedMb: 8.0000000
SignalWaitTimeMs: 228230590
PageLifeExpectancy: 22738
[2026-03-29 06:32:32] Snapshot 315 / 360
Zapisano snapshot:
CaptureTime: 2026-03-29 06:32:32.602083
ServerName: deweloper
InstanceName: MSSQLSERVER
CpuPercent: 5.00
BatchRequestsPerSec: 19676
UserConnections: 6
BlockedSessions: 0
DeadlocksPerMin: 0
AvgQueryDurationMs: None
AvgLogicalReads: None
TempdbUsedMb: 8.0000000
SignalWaitTimeMs: 228351613
PageLifeExpectancy: 22799
[2026-03-29 06:33:32] Snapshot 316 / 360
Zapisano snapshot:
CaptureTime: 2026-03-29 06:33:33.227987
ServerName: deweloper
InstanceName: MSSQLSERVER
CpuPercent: 0.00
BatchRequestsPerSec: 19694
UserConnections: 6
BlockedSessions: 0
DeadlocksPerMin: 0
AvgQueryDurationMs: 6.61540000
AvgLogicalReads: 232.800000
TempdbUsedMb: 8.0000000
SignalWaitTimeMs: 228475506
PageLifeExpectancy: 22860
[2026-03-29 06:34:33] Snapshot 317 / 360
Zapisano snapshot:
CaptureTime: 2026-03-29 06:34:33.843431
ServerName: deweloper
InstanceName: MSSQLSERVER
CpuPercent: 0.00
BatchRequestsPerSec: 19711
UserConnections: 6
BlockedSessions: 0
DeadlocksPerMin: 0
AvgQueryDurationMs: 5.69660000
AvgLogicalReads: 232.800000
TempdbUsedMb: 8.0000000
SignalWaitTimeMs: 228598629
PageLifeExpectancy: 22921
[2026-03-29 06:35:33] Snapshot 318 / 360
Zapisano snapshot:
CaptureTime: 2026-03-29 06:35:34.440221
ServerName: deweloper
InstanceName: MSSQLSERVER
CpuPercent: 0.00
BatchRequestsPerSec: 19728
UserConnections: 6
BlockedSessions: 0
DeadlocksPerMin: 0
AvgQueryDurationMs: 6.40400000
AvgLogicalReads: 232.800000
TempdbUsedMb: 8.0000000
SignalWaitTimeMs: 228722471
PageLifeExpectancy: 22981
[2026-03-29 06:36:34] Snapshot 319 / 360
Zapisano snapshot:
CaptureTime: 2026-03-29 06:36:35.093496
ServerName: deweloper
InstanceName: MSSQLSERVER
CpuPercent: 0.00
BatchRequestsPerSec: 19745
UserConnections: 6
BlockedSessions: 0
DeadlocksPerMin: 0
AvgQueryDurationMs: 5.83000000
AvgLogicalReads: 232.800000
TempdbUsedMb: 8.0000000
SignalWaitTimeMs: 228845843
PageLifeExpectancy: 23042
[2026-03-29 06:37:35] Snapshot 320 / 360
Zapisano snapshot:
CaptureTime: 2026-03-29 06:37:36.847522
ServerName: deweloper
InstanceName: MSSQLSERVER
CpuPercent: 0.00
BatchRequestsPerSec: 19766
UserConnections: 6
BlockedSessions: 0
DeadlocksPerMin: 0
AvgQueryDurationMs: 11.70340000
AvgLogicalReads: 232.800000
TempdbUsedMb: 8.0000000
SignalWaitTimeMs: 228986376
PageLifeExpectancy: 23103
[2026-03-29 06:38:36] Snapshot 321 / 360
Zapisano snapshot:
CaptureTime: 2026-03-29 06:38:37.467582
ServerName: deweloper
InstanceName: MSSQLSERVER
CpuPercent: 0.00
BatchRequestsPerSec: 19783
UserConnections: 6
BlockedSessions: 0
DeadlocksPerMin: 0
AvgQueryDurationMs: 5.62280000
AvgLogicalReads: 232.800000
TempdbUsedMb: 8.0000000
SignalWaitTimeMs: 229089993
PageLifeExpectancy: 23164
[2026-03-29 06:39:37] Snapshot 322 / 360
Zapisano snapshot:
CaptureTime: 2026-03-29 06:39:39.449103
ServerName: deweloper
InstanceName: MSSQLSERVER
CpuPercent: 0.00
BatchRequestsPerSec: 19800
UserConnections: 6
BlockedSessions: 0
DeadlocksPerMin: 0
AvgQueryDurationMs: 6.58140000
AvgLogicalReads: 232.800000
TempdbUsedMb: 8.0000000
SignalWaitTimeMs: 229239646
PageLifeExpectancy: 23226
[2026-03-29 06:40:39] Snapshot 323 / 360
Zapisano snapshot:
CaptureTime: 2026-03-29 06:40:40.798518
ServerName: deweloper
InstanceName: MSSQLSERVER
CpuPercent: 0.00
BatchRequestsPerSec: 19817
UserConnections: 6
BlockedSessions: 0
DeadlocksPerMin: 0
AvgQueryDurationMs: 6.72700000
AvgLogicalReads: 232.800000
TempdbUsedMb: 8.0000000
SignalWaitTimeMs: 229345868
PageLifeExpectancy: 23288
[2026-03-29 06:41:40] Snapshot 324 / 360
Zapisano snapshot:
CaptureTime: 2026-03-29 06:41:41.629109
ServerName: deweloper
InstanceName: MSSQLSERVER
CpuPercent: 0.00
BatchRequestsPerSec: 19838
UserConnections: 6
BlockedSessions: 0
DeadlocksPerMin: 0
AvgQueryDurationMs: 5.84760000
AvgLogicalReads: 232.800000
TempdbUsedMb: 8.0000000
SignalWaitTimeMs: 229486714
PageLifeExpectancy: 23349
[2026-03-29 06:42:41] Snapshot 325 / 360
Zapisano snapshot:
CaptureTime: 2026-03-29 06:42:43.578299
ServerName: deweloper
InstanceName: MSSQLSERVER
CpuPercent: 0.00
BatchRequestsPerSec: 19855
UserConnections: 6
BlockedSessions: 0
DeadlocksPerMin: 0
AvgQueryDurationMs: 6.34740000
AvgLogicalReads: 232.800000
TempdbUsedMb: 8.0000000
SignalWaitTimeMs: 229590279
PageLifeExpectancy: 23411
[2026-03-29 06:43:43] Snapshot 326 / 360
Zapisano snapshot:
CaptureTime: 2026-03-29 06:43:44.743550
ServerName: deweloper
InstanceName: MSSQLSERVER
CpuPercent: 0.00
BatchRequestsPerSec: 19872
UserConnections: 6
BlockedSessions: 0
DeadlocksPerMin: 0
AvgQueryDurationMs: 6.20680000
AvgLogicalReads: 232.800000
TempdbUsedMb: 8.0000000
SignalWaitTimeMs: 229737320
PageLifeExpectancy: 23471
[2026-03-29 06:44:44] Snapshot 327 / 360
Zapisano snapshot:
CaptureTime: 2026-03-29 06:44:47.059177
ServerName: deweloper
InstanceName: MSSQLSERVER
CpuPercent: 0.00
BatchRequestsPerSec: 19889
UserConnections: 6
BlockedSessions: 0
DeadlocksPerMin: 0
AvgQueryDurationMs: 7.70640000
AvgLogicalReads: 232.800000
TempdbUsedMb: 8.0000000
SignalWaitTimeMs: 229842092
PageLifeExpectancy: 23534
[2026-03-29 06:45:47] Snapshot 328 / 360
Zapisano snapshot:
CaptureTime: 2026-03-29 06:45:47.841050
ServerName: deweloper
InstanceName: MSSQLSERVER
CpuPercent: 0.00
BatchRequestsPerSec: 19906
UserConnections: 6
BlockedSessions: 0
DeadlocksPerMin: 0
AvgQueryDurationMs: 23.80300000
AvgLogicalReads: 30.000000
TempdbUsedMb: 8.0000000
SignalWaitTimeMs: 229982241
PageLifeExpectancy: 23594
[2026-03-29 06:46:47] Snapshot 329 / 360
Zapisano snapshot:
CaptureTime: 2026-03-29 06:46:49.104523
ServerName: deweloper
InstanceName: MSSQLSERVER
CpuPercent: 0.00
BatchRequestsPerSec: 19927
UserConnections: 6
BlockedSessions: 0
DeadlocksPerMin: 0
AvgQueryDurationMs: 13.44033333
AvgLogicalReads: 232.500000
TempdbUsedMb: 8.0000000
SignalWaitTimeMs: 230116158
PageLifeExpectancy: 23656
[2026-03-29 06:47:49] Snapshot 330 / 360
Zapisano snapshot:
CaptureTime: 2026-03-29 06:47:49.732981
ServerName: deweloper
InstanceName: MSSQLSERVER
CpuPercent: 0.00
BatchRequestsPerSec: 19944
UserConnections: 6
BlockedSessions: 0
DeadlocksPerMin: 0
AvgQueryDurationMs: 5.69580000
AvgLogicalReads: 232.800000
TempdbUsedMb: 8.0000000
SignalWaitTimeMs: 230239516
PageLifeExpectancy: 23717
[2026-03-29 06:48:49] Snapshot 331 / 360
Zapisano snapshot:
CaptureTime: 2026-03-29 06:48:50.333758
ServerName: deweloper
InstanceName: MSSQLSERVER
CpuPercent: 0.00
BatchRequestsPerSec: 19961
UserConnections: 6
BlockedSessions: 0
DeadlocksPerMin: 0
AvgQueryDurationMs: 5.57600000
AvgLogicalReads: 232.800000
TempdbUsedMb: 8.0000000
SignalWaitTimeMs: 230365858
PageLifeExpectancy: 23777
[2026-03-29 06:49:50] Snapshot 332 / 360
Zapisano snapshot:
CaptureTime: 2026-03-29 06:49:50.956982
ServerName: deweloper
InstanceName: MSSQLSERVER
CpuPercent: 0.00
BatchRequestsPerSec: 19978
UserConnections: 6
BlockedSessions: 0
DeadlocksPerMin: 0
AvgQueryDurationMs: 5.65080000
AvgLogicalReads: 232.800000
TempdbUsedMb: 8.0000000
SignalWaitTimeMs: 230487392
PageLifeExpectancy: 23838
[2026-03-29 06:50:51] Snapshot 333 / 360
Zapisano snapshot:
CaptureTime: 2026-03-29 06:50:51.580414
ServerName: deweloper
InstanceName: MSSQLSERVER
CpuPercent: 0.00
BatchRequestsPerSec: 19995
UserConnections: 6
BlockedSessions: 0
DeadlocksPerMin: 0
AvgQueryDurationMs: 6.79940000
AvgLogicalReads: 232.800000
TempdbUsedMb: 8.0000000
SignalWaitTimeMs: 230609250
PageLifeExpectancy: 23898
[2026-03-29 06:51:51] Snapshot 334 / 360
Zapisano snapshot:
CaptureTime: 2026-03-29 06:51:52.213051
ServerName: deweloper
InstanceName: MSSQLSERVER
CpuPercent: 0.00
BatchRequestsPerSec: 20016
UserConnections: 6
BlockedSessions: 0
DeadlocksPerMin: 0
AvgQueryDurationMs: 12.14566666
AvgLogicalReads: 206.166666
TempdbUsedMb: 8.0000000
SignalWaitTimeMs: 230731824
PageLifeExpectancy: 23959
[2026-03-29 06:52:52] Snapshot 335 / 360
Zapisano snapshot:
CaptureTime: 2026-03-29 06:52:52.940909
ServerName: deweloper
InstanceName: MSSQLSERVER
CpuPercent: 0.00
BatchRequestsPerSec: 20033
UserConnections: 6
BlockedSessions: 0
DeadlocksPerMin: 0
AvgQueryDurationMs: 5.77580000
AvgLogicalReads: 232.800000
TempdbUsedMb: 8.0000000
SignalWaitTimeMs: 230853603
PageLifeExpectancy: 24020
[2026-03-29 06:53:53] Snapshot 336 / 360
Zapisano snapshot:
CaptureTime: 2026-03-29 06:53:58.995788
ServerName: deweloper
InstanceName: MSSQLSERVER
CpuPercent: 0.00
BatchRequestsPerSec: 20050
UserConnections: 6
BlockedSessions: 0
DeadlocksPerMin: 0
AvgQueryDurationMs: 7.97120000
AvgLogicalReads: 232.800000
TempdbUsedMb: 8.0000000
SignalWaitTimeMs: 230980293
PageLifeExpectancy: 24085
[2026-03-29 06:54:59] Snapshot 337 / 360
Zapisano snapshot:
CaptureTime: 2026-03-29 06:55:00.598710
ServerName: deweloper
InstanceName: MSSQLSERVER
CpuPercent: 0.00
BatchRequestsPerSec: 20067
UserConnections: 6
BlockedSessions: 0
DeadlocksPerMin: 0
AvgQueryDurationMs: 6.53160000
AvgLogicalReads: 232.800000
TempdbUsedMb: 8.0000000
SignalWaitTimeMs: 231104610
PageLifeExpectancy: 24147
[2026-03-29 06:56:00] Snapshot 338 / 360
Zapisano snapshot:
CaptureTime: 2026-03-29 06:56:01.199586
ServerName: deweloper
InstanceName: MSSQLSERVER
CpuPercent: 0.00
BatchRequestsPerSec: 20084
UserConnections: 6
BlockedSessions: 0
DeadlocksPerMin: 0
AvgQueryDurationMs: 5.56600000
AvgLogicalReads: 232.800000
TempdbUsedMb: 8.0000000
SignalWaitTimeMs: 231238721
PageLifeExpectancy: 24208
[2026-03-29 06:57:01] Snapshot 339 / 360
Zapisano snapshot:
CaptureTime: 2026-03-29 06:57:01.836436
ServerName: deweloper
InstanceName: MSSQLSERVER
CpuPercent: 0.00
BatchRequestsPerSec: 20105
UserConnections: 6
BlockedSessions: 0
DeadlocksPerMin: 0
AvgQueryDurationMs: 5.61500000
AvgLogicalReads: 232.800000
TempdbUsedMb: 8.0000000
SignalWaitTimeMs: 231354270
PageLifeExpectancy: 24268
[2026-03-29 06:58:01] Snapshot 340 / 360
Zapisano snapshot:
CaptureTime: 2026-03-29 06:58:02.407391
ServerName: deweloper
InstanceName: MSSQLSERVER
CpuPercent: 0.00
BatchRequestsPerSec: 20122
UserConnections: 6
BlockedSessions: 0
DeadlocksPerMin: 0
AvgQueryDurationMs: 5.64500000
AvgLogicalReads: 232.800000
TempdbUsedMb: 8.0000000
SignalWaitTimeMs: 231486779
PageLifeExpectancy: 24329
[2026-03-29 06:59:02] Snapshot 341 / 360
Zapisano snapshot:
CaptureTime: 2026-03-29 06:59:03.006553
ServerName: deweloper
InstanceName: MSSQLSERVER
CpuPercent: 0.00
BatchRequestsPerSec: 20139
UserConnections: 6
BlockedSessions: 0
DeadlocksPerMin: 0
AvgQueryDurationMs: 5.56860000
AvgLogicalReads: 232.800000
TempdbUsedMb: 8.0000000
SignalWaitTimeMs: 231597578
PageLifeExpectancy: 24389
[2026-03-29 07:00:03] Snapshot 342 / 360
Zapisano snapshot:
CaptureTime: 2026-03-29 07:00:03.670991
ServerName: deweloper
InstanceName: MSSQLSERVER
CpuPercent: 0.00
BatchRequestsPerSec: 20156
UserConnections: 6
BlockedSessions: 0
DeadlocksPerMin: 0
AvgQueryDurationMs: 0.11800000
AvgLogicalReads: 0.000000
TempdbUsedMb: 8.0000000
SignalWaitTimeMs: 231732561
PageLifeExpectancy: 24450
[2026-03-29 07:01:03] Snapshot 343 / 360
Zapisano snapshot:
CaptureTime: 2026-03-29 07:01:04.258689
ServerName: deweloper
InstanceName: MSSQLSERVER
CpuPercent: 0.00
BatchRequestsPerSec: 20173
UserConnections: 6
BlockedSessions: 0
DeadlocksPerMin: 0
AvgQueryDurationMs: 5.64580000
AvgLogicalReads: 232.800000
TempdbUsedMb: 8.0000000
SignalWaitTimeMs: 231842761
PageLifeExpectancy: 24510
[2026-03-29 07:02:04] Snapshot 344 / 360
Zapisano snapshot:
CaptureTime: 2026-03-29 07:02:04.893410
ServerName: deweloper
InstanceName: MSSQLSERVER
CpuPercent: 0.00
BatchRequestsPerSec: 20194
UserConnections: 6
BlockedSessions: 0
DeadlocksPerMin: 0
AvgQueryDurationMs: 13.06966666
AvgLogicalReads: 206.166666
TempdbUsedMb: 8.0000000
SignalWaitTimeMs: 231977567
PageLifeExpectancy: 24572
[2026-03-29 07:03:04] Snapshot 345 / 360
Zapisano snapshot:
CaptureTime: 2026-03-29 07:03:05.492721
ServerName: deweloper
InstanceName: MSSQLSERVER
CpuPercent: 0.00
BatchRequestsPerSec: 20211
UserConnections: 6
BlockedSessions: 0
DeadlocksPerMin: 0
AvgQueryDurationMs: 5.80760000
AvgLogicalReads: 232.800000
TempdbUsedMb: 8.0000000
SignalWaitTimeMs: 232089837
PageLifeExpectancy: 24633
[2026-03-29 07:04:05] Snapshot 346 / 360
Zapisano snapshot:
CaptureTime: 2026-03-29 07:04:06.092595
ServerName: deweloper
InstanceName: MSSQLSERVER
CpuPercent: 0.00
BatchRequestsPerSec: 20228
UserConnections: 6
BlockedSessions: 0
DeadlocksPerMin: 0
AvgQueryDurationMs: 6.28980000
AvgLogicalReads: 232.800000
TempdbUsedMb: 8.0000000
SignalWaitTimeMs: 232223123
PageLifeExpectancy: 24693
[2026-03-29 07:05:06] Snapshot 347 / 360
Zapisano snapshot:
CaptureTime: 2026-03-29 07:05:06.708394
ServerName: deweloper
InstanceName: MSSQLSERVER
CpuPercent: 0.00
BatchRequestsPerSec: 20245
UserConnections: 6
BlockedSessions: 0
DeadlocksPerMin: 0
AvgQueryDurationMs: 5.67580000
AvgLogicalReads: 232.800000
TempdbUsedMb: 8.0000000
SignalWaitTimeMs: 232352017
PageLifeExpectancy: 24753
[2026-03-29 07:06:06] Snapshot 348 / 360
Zapisano snapshot:
CaptureTime: 2026-03-29 07:06:07.298472
ServerName: deweloper
InstanceName: MSSQLSERVER
CpuPercent: 0.00
BatchRequestsPerSec: 20262
UserConnections: 6
BlockedSessions: 0
DeadlocksPerMin: 0
AvgQueryDurationMs: 5.67980000
AvgLogicalReads: 232.800000
TempdbUsedMb: 8.0000000
SignalWaitTimeMs: 232475939
PageLifeExpectancy: 24814
[2026-03-29 07:07:07] Snapshot 349 / 360
Zapisano snapshot:
CaptureTime: 2026-03-29 07:07:07.907329
ServerName: deweloper
InstanceName: MSSQLSERVER
CpuPercent: 0.00
BatchRequestsPerSec: 20283
UserConnections: 6
BlockedSessions: 0
DeadlocksPerMin: 0
AvgQueryDurationMs: 5.98620000
AvgLogicalReads: 232.800000
TempdbUsedMb: 8.0000000
SignalWaitTimeMs: 232604062
PageLifeExpectancy: 24875
[2026-03-29 07:08:07] Snapshot 350 / 360
Zapisano snapshot:
CaptureTime: 2026-03-29 07:08:08.531802
ServerName: deweloper
InstanceName: MSSQLSERVER
CpuPercent: 0.00
BatchRequestsPerSec: 20300
UserConnections: 6
BlockedSessions: 0
DeadlocksPerMin: 0
AvgQueryDurationMs: 8.21260000
AvgLogicalReads: 232.800000
TempdbUsedMb: 8.0000000
SignalWaitTimeMs: 232726591
PageLifeExpectancy: 24935
[2026-03-29 07:09:08] Snapshot 351 / 360
Zapisano snapshot:
CaptureTime: 2026-03-29 07:09:10.538366
ServerName: deweloper
InstanceName: MSSQLSERVER
CpuPercent: 0.00
BatchRequestsPerSec: 20317
UserConnections: 6
BlockedSessions: 0
DeadlocksPerMin: 0
AvgQueryDurationMs: 20.37040000
AvgLogicalReads: 232.800000
TempdbUsedMb: 8.0000000
SignalWaitTimeMs: 232848693
PageLifeExpectancy: 24997
[2026-03-29 07:10:10] Snapshot 352 / 360
Zapisano snapshot:
CaptureTime: 2026-03-29 07:10:12.438280
ServerName: deweloper
InstanceName: MSSQLSERVER
CpuPercent: 0.00
BatchRequestsPerSec: 20334
UserConnections: 6
BlockedSessions: 0
DeadlocksPerMin: 0
AvgQueryDurationMs: 6.00400000
AvgLogicalReads: 232.800000
TempdbUsedMb: 8.0000000
SignalWaitTimeMs: 232970507
PageLifeExpectancy: 25060
[2026-03-29 07:11:12] Snapshot 353 / 360
Zapisano snapshot:
CaptureTime: 2026-03-29 07:11:13.073846
ServerName: deweloper
InstanceName: MSSQLSERVER
CpuPercent: 0.00
BatchRequestsPerSec: 20351
UserConnections: 6
BlockedSessions: 0
DeadlocksPerMin: 0
AvgQueryDurationMs: 5.64080000
AvgLogicalReads: 232.800000
TempdbUsedMb: 8.0000000
SignalWaitTimeMs: 233092421
PageLifeExpectancy: 25120
[2026-03-29 07:12:13] Snapshot 354 / 360
Zapisano snapshot:
CaptureTime: 2026-03-29 07:12:13.730138
ServerName: deweloper
InstanceName: MSSQLSERVER
CpuPercent: 2.50
BatchRequestsPerSec: 20372
UserConnections: 6
BlockedSessions: 0
DeadlocksPerMin: 0
AvgQueryDurationMs: None
AvgLogicalReads: None
TempdbUsedMb: 8.0000000
SignalWaitTimeMs: 233219751
PageLifeExpectancy: 25180
[2026-03-29 07:13:13] Snapshot 355 / 360
Zapisano snapshot:
CaptureTime: 2026-03-29 07:13:14.337619
ServerName: deweloper
InstanceName: MSSQLSERVER
CpuPercent: 0.00
BatchRequestsPerSec: 20390
UserConnections: 6
BlockedSessions: 0
DeadlocksPerMin: 0
AvgQueryDurationMs: 5.62520000
AvgLogicalReads: 232.800000
TempdbUsedMb: 8.0000000
SignalWaitTimeMs: 233340509
PageLifeExpectancy: 25241
[2026-03-29 07:14:14] Snapshot 356 / 360
Zapisano snapshot:
CaptureTime: 2026-03-29 07:14:14.935839
ServerName: deweloper
InstanceName: MSSQLSERVER
CpuPercent: 0.00
BatchRequestsPerSec: 20407
UserConnections: 6
BlockedSessions: 0
DeadlocksPerMin: 0
AvgQueryDurationMs: 5.68960000
AvgLogicalReads: 232.800000
TempdbUsedMb: 8.0000000
SignalWaitTimeMs: 233466562
PageLifeExpectancy: 25302
[2026-03-29 07:15:15] Snapshot 357 / 360
Zapisano snapshot:
CaptureTime: 2026-03-29 07:15:15.547526
ServerName: deweloper
InstanceName: MSSQLSERVER
CpuPercent: 0.00
BatchRequestsPerSec: 20424
UserConnections: 6
BlockedSessions: 0
DeadlocksPerMin: 0
AvgQueryDurationMs: 5.64980000
AvgLogicalReads: 232.800000
TempdbUsedMb: 8.0000000
SignalWaitTimeMs: 233590895
PageLifeExpectancy: 25363
[2026-03-29 07:16:15] Snapshot 358 / 360
Zapisano snapshot:
CaptureTime: 2026-03-29 07:16:16.258632
ServerName: deweloper
InstanceName: MSSQLSERVER
CpuPercent: 0.00
BatchRequestsPerSec: 20441
UserConnections: 6
BlockedSessions: 0
DeadlocksPerMin: 0
AvgQueryDurationMs: 5.69300000
AvgLogicalReads: 232.800000
TempdbUsedMb: 8.0000000
SignalWaitTimeMs: 233712494
PageLifeExpectancy: 25423
[2026-03-29 07:17:16] Snapshot 359 / 360
Zapisano snapshot:
CaptureTime: 2026-03-29 07:17:16.897963
ServerName: deweloper
InstanceName: MSSQLSERVER
CpuPercent: 0.00
BatchRequestsPerSec: 20464
UserConnections: 6
BlockedSessions: 0
DeadlocksPerMin: 0
AvgQueryDurationMs: 5.66260000
AvgLogicalReads: 232.800000
TempdbUsedMb: 8.0000000
SignalWaitTimeMs: 233835369
PageLifeExpectancy: 25484
[2026-03-29 07:18:16] Snapshot 360 / 360
Zapisano snapshot:
CaptureTime: 2026-03-29 07:18:17.502022
ServerName: deweloper
InstanceName: MSSQLSERVER
CpuPercent: 0.00
BatchRequestsPerSec: 20481
UserConnections: 6
BlockedSessions: 0
DeadlocksPerMin: 0
AvgQueryDurationMs: 5.68520000
AvgLogicalReads: 232.800000
TempdbUsedMb: 8.0000000
SignalWaitTimeMs: 233957480
PageLifeExpectancy: 25544
END: 2026-03-29 07:18:17
==================================================
START: 2026-03-29 08:26:54
Iterations=720 DelaySeconds=60
==================================================
[2026-03-29 08:26:54] Snapshot 1 / 720
Zapisano snapshot:
CaptureTime: 2026-03-29 08:26:59.272453
ServerName: deweloper
InstanceName: MSSQLSERVER
CpuPercent: 0.00
BatchRequestsPerSec: 20571
UserConnections: 6
BlockedSessions: 0
DeadlocksPerMin: 0
AvgQueryDurationMs: 14.96600000
AvgLogicalReads: 232.500000
TempdbUsedMb: 8.0000000
SignalWaitTimeMs: 242444091
PageLifeExpectancy: 29666
[2026-03-29 08:27:59] Snapshot 2 / 720
Zapisano snapshot:
CaptureTime: 2026-03-29 08:28:00.119120
ServerName: deweloper
InstanceName: MSSQLSERVER
CpuPercent: 0.00
BatchRequestsPerSec: 20588
UserConnections: 6
BlockedSessions: 0
DeadlocksPerMin: 0
AvgQueryDurationMs: 7.00980000
AvgLogicalReads: 232.800000
TempdbUsedMb: 8.0000000
SignalWaitTimeMs: 242590306
PageLifeExpectancy: 29727
[2026-03-29 08:29:00] Snapshot 3 / 720
Zapisano snapshot:
CaptureTime: 2026-03-29 08:29:02.311182
ServerName: deweloper
InstanceName: MSSQLSERVER
CpuPercent: 0.00
BatchRequestsPerSec: 20605
UserConnections: 6
BlockedSessions: 0
DeadlocksPerMin: 0
AvgQueryDurationMs: 58.06980000
AvgLogicalReads: 232.800000
TempdbUsedMb: 8.0000000
SignalWaitTimeMs: 242707742
PageLifeExpectancy: 29789
[2026-03-29 08:30:02] Snapshot 4 / 720
Zapisano snapshot:
CaptureTime: 2026-03-29 08:30:03.193460
ServerName: deweloper
InstanceName: MSSQLSERVER
CpuPercent: 0.00
BatchRequestsPerSec: 20622
UserConnections: 6
BlockedSessions: 0
DeadlocksPerMin: 0
AvgQueryDurationMs: 8.36220000
AvgLogicalReads: 232.800000
TempdbUsedMb: 8.0000000
SignalWaitTimeMs: 242845518
PageLifeExpectancy: 29850
[2026-03-29 08:31:03] Snapshot 5 / 720
Zapisano snapshot:
CaptureTime: 2026-03-29 08:31:03.945841
ServerName: deweloper
InstanceName: MSSQLSERVER
CpuPercent: 0.00
BatchRequestsPerSec: 20639
UserConnections: 6
BlockedSessions: 0
DeadlocksPerMin: 0
AvgQueryDurationMs: 9.07080000
AvgLogicalReads: 232.800000
TempdbUsedMb: 8.0000000
SignalWaitTimeMs: 242960563
PageLifeExpectancy: 29911
[2026-03-29 08:32:04] Snapshot 6 / 720
Zapisano snapshot:
CaptureTime: 2026-03-29 08:32:04.684850
ServerName: deweloper
InstanceName: MSSQLSERVER
CpuPercent: 0.00
BatchRequestsPerSec: 20660
UserConnections: 6
BlockedSessions: 0
DeadlocksPerMin: 0
AvgQueryDurationMs: 6.78460000
AvgLogicalReads: 232.800000
TempdbUsedMb: 8.0000000
SignalWaitTimeMs: 243097185
PageLifeExpectancy: 29972
[2026-03-29 08:33:04] Snapshot 7 / 720
Traceback (most recent call last):
  File "C:\Users\blad\Documents\GitHub\SQLManiak\ML\SqlAnomalyWatcher\.venv\Lib\site-packages\sqlalchemy\engine\base.py", line 143, in __init__
    self._dbapi_connection = engine.raw_connection()
                             ~~~~~~~~~~~~~~~~~~~~~^^
  File "C:\Users\blad\Documents\GitHub\SQLManiak\ML\SqlAnomalyWatcher\.venv\Lib\site-packages\sqlalchemy\engine\base.py", line 3317, in raw_connection
    return self.pool.connect()
           ~~~~~~~~~~~~~~~~~^^
  File "C:\Users\blad\Documents\GitHub\SQLManiak\ML\SqlAnomalyWatcher\.venv\Lib\site-packages\sqlalchemy\pool\base.py", line 448, in connect
    return _ConnectionFairy._checkout(self)
           ~~~~~~~~~~~~~~~~~~~~~~~~~~^^^^^^
  File "C:\Users\blad\Documents\GitHub\SQLManiak\ML\SqlAnomalyWatcher\.venv\Lib\site-packages\sqlalchemy\pool\base.py", line 1272, in _checkout
    fairy = _ConnectionRecord.checkout(pool)
  File "C:\Users\blad\Documents\GitHub\SQLManiak\ML\SqlAnomalyWatcher\.venv\Lib\site-packages\sqlalchemy\pool\base.py", line 712, in checkout
    rec = pool._do_get()
  File "C:\Users\blad\Documents\GitHub\SQLManiak\ML\SqlAnomalyWatcher\.venv\Lib\site-packages\sqlalchemy\pool\impl.py", line 177, in _do_get
    with util.safe_reraise():
         ~~~~~~~~~~~~~~~~~^^
  File "C:\Users\blad\Documents\GitHub\SQLManiak\ML\SqlAnomalyWatcher\.venv\Lib\site-packages\sqlalchemy\util\langhelpers.py", line 121, in __exit__
    raise exc_value.with_traceback(exc_tb)
  File "C:\Users\blad\Documents\GitHub\SQLManiak\ML\SqlAnomalyWatcher\.venv\Lib\site-packages\sqlalchemy\pool\impl.py", line 175, in _do_get
    return self._create_connection()
           ~~~~~~~~~~~~~~~~~~~~~~~^^
  File "C:\Users\blad\Documents\GitHub\SQLManiak\ML\SqlAnomalyWatcher\.venv\Lib\site-packages\sqlalchemy\pool\base.py", line 389, in _create_connection
    return _ConnectionRecord(self)
  File "C:\Users\blad\Documents\GitHub\SQLManiak\ML\SqlAnomalyWatcher\.venv\Lib\site-packages\sqlalchemy\pool\base.py", line 674, in __init__
    self.__connect()
    ~~~~~~~~~~~~~~^^
  File "C:\Users\blad\Documents\GitHub\SQLManiak\ML\SqlAnomalyWatcher\.venv\Lib\site-packages\sqlalchemy\pool\base.py", line 900, in __connect
    with util.safe_reraise():
         ~~~~~~~~~~~~~~~~~^^
  File "C:\Users\blad\Documents\GitHub\SQLManiak\ML\SqlAnomalyWatcher\.venv\Lib\site-packages\sqlalchemy\util\langhelpers.py", line 121, in __exit__
    raise exc_value.with_traceback(exc_tb)
  File "C:\Users\blad\Documents\GitHub\SQLManiak\ML\SqlAnomalyWatcher\.venv\Lib\site-packages\sqlalchemy\pool\base.py", line 896, in __connect
    self.dbapi_connection = connection = pool._invoke_creator(self)
                                         ~~~~~~~~~~~~~~~~~~~~^^^^^^
  File "C:\Users\blad\Documents\GitHub\SQLManiak\ML\SqlAnomalyWatcher\.venv\Lib\site-packages\sqlalchemy\engine\create.py", line 667, in connect
    return dialect.connect(*cargs_tup, **cparams)
           ~~~~~~~~~~~~~~~^^^^^^^^^^^^^^^^^^^^^^^
  File "C:\Users\blad\Documents\GitHub\SQLManiak\ML\SqlAnomalyWatcher\.venv\Lib\site-packages\sqlalchemy\engine\default.py", line 630, in connect
    return self.loaded_dbapi.connect(*cargs, **cparams)  # type: ignore[no-any-return]  # NOQA: E501
           ~~~~~~~~~~~~~~~~~~~~~~~~~^^^^^^^^^^^^^^^^^^^
pyodbc.OperationalError: ('08001', '[08001] [Microsoft][ODBC Driver 17 for SQL Server]Unable to complete login process due to delay in opening server connection (0) (SQLDriverConnect)')

The above exception was the direct cause of the following exception:

Traceback (most recent call last):
  File "<frozen runpy>", line 198, in _run_module_as_main
  File "<frozen runpy>", line 88, in _run_code
  File "C:\Users\blad\Documents\GitHub\SQLManiak\ML\SqlAnomalyWatcher\src\collector\collector.py", line 138, in <module>
    main()
    ~~~~^^
  File "C:\Users\blad\Documents\GitHub\SQLManiak\ML\SqlAnomalyWatcher\src\collector\collector.py", line 124, in main
    with engine.begin() as conn:
         ~~~~~~~~~~~~^^
  File "C:\Python313\Lib\contextlib.py", line 141, in __enter__
    return next(self.gen)
  File "C:\Users\blad\Documents\GitHub\SQLManiak\ML\SqlAnomalyWatcher\.venv\Lib\site-packages\sqlalchemy\engine\base.py", line 3257, in begin
    with self.connect() as conn:
         ~~~~~~~~~~~~^^
  File "C:\Users\blad\Documents\GitHub\SQLManiak\ML\SqlAnomalyWatcher\.venv\Lib\site-packages\sqlalchemy\engine\base.py", line 3293, in connect
    return self._connection_cls(self)
           ~~~~~~~~~~~~~~~~~~~~^^^^^^
  File "C:\Users\blad\Documents\GitHub\SQLManiak\ML\SqlAnomalyWatcher\.venv\Lib\site-packages\sqlalchemy\engine\base.py", line 145, in __init__
    Connection._handle_dbapi_exception_noconnection(
    ~~~~~~~~~~~~~~~~~~~~~~~~~~~~~~~~~~~~~~~~~~~~~~~^
        err, dialect, engine
        ^^^^^^^^^^^^^^^^^^^^
    )
    ^
  File "C:\Users\blad\Documents\GitHub\SQLManiak\ML\SqlAnomalyWatcher\.venv\Lib\site-packages\sqlalchemy\engine\base.py", line 2448, in _handle_dbapi_exception_noconnection
    raise sqlalchemy_exception.with_traceback(exc_info[2]) from e
  File "C:\Users\blad\Documents\GitHub\SQLManiak\ML\SqlAnomalyWatcher\.venv\Lib\site-packages\sqlalchemy\engine\base.py", line 143, in __init__
    self._dbapi_connection = engine.raw_connection()
                             ~~~~~~~~~~~~~~~~~~~~~^^
  File "C:\Users\blad\Documents\GitHub\SQLManiak\ML\SqlAnomalyWatcher\.venv\Lib\site-packages\sqlalchemy\engine\base.py", line 3317, in raw_connection
    return self.pool.connect()
           ~~~~~~~~~~~~~~~~~^^
  File "C:\Users\blad\Documents\GitHub\SQLManiak\ML\SqlAnomalyWatcher\.venv\Lib\site-packages\sqlalchemy\pool\base.py", line 448, in connect
    return _ConnectionFairy._checkout(self)
           ~~~~~~~~~~~~~~~~~~~~~~~~~~^^^^^^
  File "C:\Users\blad\Documents\GitHub\SQLManiak\ML\SqlAnomalyWatcher\.venv\Lib\site-packages\sqlalchemy\pool\base.py", line 1272, in _checkout
    fairy = _ConnectionRecord.checkout(pool)
  File "C:\Users\blad\Documents\GitHub\SQLManiak\ML\SqlAnomalyWatcher\.venv\Lib\site-packages\sqlalchemy\pool\base.py", line 712, in checkout
    rec = pool._do_get()
  File "C:\Users\blad\Documents\GitHub\SQLManiak\ML\SqlAnomalyWatcher\.venv\Lib\site-packages\sqlalchemy\pool\impl.py", line 177, in _do_get
    with util.safe_reraise():
         ~~~~~~~~~~~~~~~~~^^
  File "C:\Users\blad\Documents\GitHub\SQLManiak\ML\SqlAnomalyWatcher\.venv\Lib\site-packages\sqlalchemy\util\langhelpers.py", line 121, in __exit__
    raise exc_value.with_traceback(exc_tb)
  File "C:\Users\blad\Documents\GitHub\SQLManiak\ML\SqlAnomalyWatcher\.venv\Lib\site-packages\sqlalchemy\pool\impl.py", line 175, in _do_get
    return self._create_connection()
           ~~~~~~~~~~~~~~~~~~~~~~~^^
  File "C:\Users\blad\Documents\GitHub\SQLManiak\ML\SqlAnomalyWatcher\.venv\Lib\site-packages\sqlalchemy\pool\base.py", line 389, in _create_connection
    return _ConnectionRecord(self)
  File "C:\Users\blad\Documents\GitHub\SQLManiak\ML\SqlAnomalyWatcher\.venv\Lib\site-packages\sqlalchemy\pool\base.py", line 674, in __init__
    self.__connect()
    ~~~~~~~~~~~~~~^^
  File "C:\Users\blad\Documents\GitHub\SQLManiak\ML\SqlAnomalyWatcher\.venv\Lib\site-packages\sqlalchemy\pool\base.py", line 900, in __connect
    with util.safe_reraise():
         ~~~~~~~~~~~~~~~~~^^
  File "C:\Users\blad\Documents\GitHub\SQLManiak\ML\SqlAnomalyWatcher\.venv\Lib\site-packages\sqlalchemy\util\langhelpers.py", line 121, in __exit__
    raise exc_value.with_traceback(exc_tb)
  File "C:\Users\blad\Documents\GitHub\SQLManiak\ML\SqlAnomalyWatcher\.venv\Lib\site-packages\sqlalchemy\pool\base.py", line 896, in __connect
    self.dbapi_connection = connection = pool._invoke_creator(self)
                                         ~~~~~~~~~~~~~~~~~~~~^^^^^^
  File "C:\Users\blad\Documents\GitHub\SQLManiak\ML\SqlAnomalyWatcher\.venv\Lib\site-packages\sqlalchemy\engine\create.py", line 667, in connect
    return dialect.connect(*cargs_tup, **cparams)
           ~~~~~~~~~~~~~~~^^^^^^^^^^^^^^^^^^^^^^^
  File "C:\Users\blad\Documents\GitHub\SQLManiak\ML\SqlAnomalyWatcher\.venv\Lib\site-packages\sqlalchemy\engine\default.py", line 630, in connect
    return self.loaded_dbapi.connect(*cargs, **cparams)  # type: ignore[no-any-return]  # NOQA: E501
           ~~~~~~~~~~~~~~~~~~~~~~~~~^^^^^^^^^^^^^^^^^^^
sqlalchemy.exc.OperationalError: (pyodbc.OperationalError) ('08001', '[08001] [Microsoft][ODBC Driver 17 for SQL Server]Unable to complete login process due to delay in opening server connection (0) (SQLDriverConnect)')
(Background on this error at: https://sqlalche.me/e/20/e3q8)
[2026-03-29 08:33:04] ERROR: collector zwrócił kod 1
[2026-03-29 08:34:24] Snapshot 8 / 720
Zapisano snapshot:
CaptureTime: 2026-03-29 08:34:24.784572
ServerName: deweloper
InstanceName: MSSQLSERVER
CpuPercent: 0.00
BatchRequestsPerSec: 20677
UserConnections: 6
BlockedSessions: 0
DeadlocksPerMin: 0
AvgQueryDurationMs: 7.93800000
AvgLogicalReads: 232.800000
TempdbUsedMb: 8.0000000
SignalWaitTimeMs: 243436352
PageLifeExpectancy: 30112
[2026-03-29 08:35:24] Snapshot 9 / 720
Zapisano snapshot:
CaptureTime: 2026-03-29 08:35:26.746121
ServerName: deweloper
InstanceName: MSSQLSERVER
CpuPercent: 0.00
BatchRequestsPerSec: 20694
UserConnections: 6
BlockedSessions: 0
DeadlocksPerMin: 0
AvgQueryDurationMs: 133.50900000
AvgLogicalReads: 232.800000
TempdbUsedMb: 8.0000000
SignalWaitTimeMs: 243564520
PageLifeExpectancy: 30173
[2026-03-29 08:36:27] Snapshot 10 / 720
Zapisano snapshot:
CaptureTime: 2026-03-29 08:36:29.078715
ServerName: deweloper
InstanceName: MSSQLSERVER
CpuPercent: 0.00
BatchRequestsPerSec: 20711
UserConnections: 6
BlockedSessions: 0
DeadlocksPerMin: 0
AvgQueryDurationMs: 18.26340000
AvgLogicalReads: 232.800000
TempdbUsedMb: 8.0000000
SignalWaitTimeMs: 243691584
PageLifeExpectancy: 30236
[2026-03-29 08:37:29] Snapshot 11 / 720
Zapisano snapshot:
CaptureTime: 2026-03-29 08:37:31.494755
ServerName: deweloper
InstanceName: MSSQLSERVER
CpuPercent: 0.00
BatchRequestsPerSec: 20732
UserConnections: 6
BlockedSessions: 0
DeadlocksPerMin: 0
AvgQueryDurationMs: 46.69460000
AvgLogicalReads: 232.800000
TempdbUsedMb: 8.0000000
SignalWaitTimeMs: 243827935
PageLifeExpectancy: 30298
[2026-03-29 08:38:31] Snapshot 12 / 720
Zapisano snapshot:
CaptureTime: 2026-03-29 08:38:32.441489
ServerName: deweloper
InstanceName: MSSQLSERVER
CpuPercent: 0.00
BatchRequestsPerSec: 20749
UserConnections: 6
BlockedSessions: 0
DeadlocksPerMin: 0
AvgQueryDurationMs: 6.85600000
AvgLogicalReads: 232.800000
TempdbUsedMb: 8.0000000
SignalWaitTimeMs: 243953897
PageLifeExpectancy: 30359
[2026-03-29 08:39:32] Snapshot 13 / 720
Zapisano snapshot:
CaptureTime: 2026-03-29 08:39:33.420540
ServerName: deweloper
InstanceName: MSSQLSERVER
CpuPercent: 0.00
BatchRequestsPerSec: 20766
UserConnections: 6
BlockedSessions: 0
DeadlocksPerMin: 0
AvgQueryDurationMs: 10.72100000
AvgLogicalReads: 232.800000
TempdbUsedMb: 8.0000000
SignalWaitTimeMs: 244080986
PageLifeExpectancy: 30420
[2026-03-29 08:40:34] Snapshot 14 / 720
Zapisano snapshot:
CaptureTime: 2026-03-29 08:40:35.098082
ServerName: deweloper
InstanceName: MSSQLSERVER
CpuPercent: 0.00
BatchRequestsPerSec: 20783
UserConnections: 6
BlockedSessions: 0
DeadlocksPerMin: 0
AvgQueryDurationMs: 10.23220000
AvgLogicalReads: 232.800000
TempdbUsedMb: 8.0000000
SignalWaitTimeMs: 244207188
PageLifeExpectancy: 30481
[2026-03-29 08:41:35] Snapshot 15 / 720
Zapisano snapshot:
CaptureTime: 2026-03-29 08:41:35.958992
ServerName: deweloper
InstanceName: MSSQLSERVER
CpuPercent: 0.00
BatchRequestsPerSec: 20800
UserConnections: 5
BlockedSessions: 0
DeadlocksPerMin: 0
AvgQueryDurationMs: 7.74880000
AvgLogicalReads: 232.800000
TempdbUsedMb: 8.0000000
SignalWaitTimeMs: 244330842
PageLifeExpectancy: 30543
[2026-03-29 08:42:36] Snapshot 16 / 720
Zapisano snapshot:
CaptureTime: 2026-03-29 08:42:36.819197
ServerName: deweloper
InstanceName: MSSQLSERVER
CpuPercent: 0.00
BatchRequestsPerSec: 20821
UserConnections: 6
BlockedSessions: 0
DeadlocksPerMin: 0
AvgQueryDurationMs: 6.80740000
AvgLogicalReads: 232.800000
TempdbUsedMb: 8.0000000
SignalWaitTimeMs: 244458566
PageLifeExpectancy: 30603
[2026-03-29 08:43:36] Snapshot 17 / 720
Zapisano snapshot:
CaptureTime: 2026-03-29 08:43:37.872656
ServerName: deweloper
InstanceName: MSSQLSERVER
CpuPercent: 0.00
BatchRequestsPerSec: 20838
UserConnections: 6
BlockedSessions: 0
DeadlocksPerMin: 0
AvgQueryDurationMs: 17.43340000
AvgLogicalReads: 232.800000
TempdbUsedMb: 8.0000000
SignalWaitTimeMs: 244581582
PageLifeExpectancy: 30665
[2026-03-29 08:44:37] Snapshot 18 / 720
Zapisano snapshot:
CaptureTime: 2026-03-29 08:44:43.249207
ServerName: deweloper
InstanceName: MSSQLSERVER
CpuPercent: 0.00
BatchRequestsPerSec: 20855
UserConnections: 6
BlockedSessions: 0
DeadlocksPerMin: 0
AvgQueryDurationMs: 10.33820000
AvgLogicalReads: 232.800000
TempdbUsedMb: 8.0000000
SignalWaitTimeMs: 244730862
PageLifeExpectancy: 30730
[2026-03-29 08:45:43] Snapshot 19 / 720
Zapisano snapshot:
CaptureTime: 2026-03-29 08:45:44.231807
ServerName: deweloper
InstanceName: MSSQLSERVER
CpuPercent: 0.00
BatchRequestsPerSec: 20872
UserConnections: 6
BlockedSessions: 0
DeadlocksPerMin: 0
AvgQueryDurationMs: 9.25960000
AvgLogicalReads: 232.800000
TempdbUsedMb: 8.0000000
SignalWaitTimeMs: 244873128
PageLifeExpectancy: 30791
[2026-03-29 08:46:44] Snapshot 20 / 720
Zapisano snapshot:
CaptureTime: 2026-03-29 08:46:45.231705
ServerName: deweloper
InstanceName: MSSQLSERVER
CpuPercent: 0.00
BatchRequestsPerSec: 20893
UserConnections: 6
BlockedSessions: 0
DeadlocksPerMin: 0
AvgQueryDurationMs: 26.29828571
AvgLogicalReads: 199.285714
TempdbUsedMb: 8.0000000
SignalWaitTimeMs: 244977754
PageLifeExpectancy: 30852
[2026-03-29 08:47:45] Snapshot 21 / 720
Zapisano snapshot:
CaptureTime: 2026-03-29 08:47:47.469239
ServerName: deweloper
InstanceName: MSSQLSERVER
CpuPercent: 0.00
BatchRequestsPerSec: 21031
UserConnections: 8
BlockedSessions: 0
DeadlocksPerMin: 0
AvgQueryDurationMs: 162.81716666
AvgLogicalReads: 1601.666666
TempdbUsedMb: 8.0000000
SignalWaitTimeMs: 245129350
PageLifeExpectancy: 30915
[2026-03-29 08:48:47] Snapshot 22 / 720
Zapisano snapshot:
CaptureTime: 2026-03-29 08:48:48.304736
ServerName: deweloper
InstanceName: MSSQLSERVER
CpuPercent: 0.00
BatchRequestsPerSec: 21070
UserConnections: 9
BlockedSessions: 0
DeadlocksPerMin: 0
AvgQueryDurationMs: 5.31085714
AvgLogicalReads: 168.857142
TempdbUsedMb: 8.0000000
SignalWaitTimeMs: 245235909
PageLifeExpectancy: 30975
[2026-03-29 08:49:48] Snapshot 23 / 720
Zapisano snapshot:
CaptureTime: 2026-03-29 08:49:49.058371
ServerName: deweloper
InstanceName: MSSQLSERVER
CpuPercent: 0.00
BatchRequestsPerSec: 21087
UserConnections: 9
BlockedSessions: 0
DeadlocksPerMin: 0
AvgQueryDurationMs: 6.89540000
AvgLogicalReads: 232.800000
TempdbUsedMb: 8.0000000
SignalWaitTimeMs: 245383332
PageLifeExpectancy: 31036
[2026-03-29 08:50:49] Snapshot 24 / 720
Zapisano snapshot:
CaptureTime: 2026-03-29 08:50:52.305767
ServerName: deweloper
InstanceName: MSSQLSERVER
CpuPercent: 0.00
BatchRequestsPerSec: 22220
UserConnections: 9
BlockedSessions: 0
DeadlocksPerMin: 0
AvgQueryDurationMs: 5.76642857
AvgLogicalReads: 168.857142
TempdbUsedMb: 8.0000000
SignalWaitTimeMs: 245516754
PageLifeExpectancy: 31099
[2026-03-29 08:51:52] Snapshot 25 / 720
Zapisano snapshot:
CaptureTime: 2026-03-29 08:51:57.298472
ServerName: deweloper
InstanceName: MSSQLSERVER
CpuPercent: 0.00
BatchRequestsPerSec: 22380
UserConnections: 9
BlockedSessions: 0
DeadlocksPerMin: 0
AvgQueryDurationMs: 28.34583333
AvgLogicalReads: 206.166666
TempdbUsedMb: 8.0000000
SignalWaitTimeMs: 245646181
PageLifeExpectancy: 31163
[2026-03-29 08:52:57] Snapshot 26 / 720
Zapisano snapshot:
CaptureTime: 2026-03-29 08:52:58.194977
ServerName: deweloper
InstanceName: MSSQLSERVER
CpuPercent: 0.00
BatchRequestsPerSec: 22416
UserConnections: 10
BlockedSessions: 0
DeadlocksPerMin: 0
AvgQueryDurationMs: 7.59300000
AvgLogicalReads: 232.800000
TempdbUsedMb: 8.0000000
SignalWaitTimeMs: 245773507
PageLifeExpectancy: 31226
[2026-03-29 08:53:58] Snapshot 27 / 720
Zapisano snapshot:
CaptureTime: 2026-03-29 08:54:03.988959
ServerName: deweloper
InstanceName: MSSQLSERVER
CpuPercent: 0.00
BatchRequestsPerSec: 22433
UserConnections: 10
BlockedSessions: 0
DeadlocksPerMin: 0
AvgQueryDurationMs: 2.89540000
AvgLogicalReads: 242.800000
TempdbUsedMb: 8.0000000
SignalWaitTimeMs: 245910669
PageLifeExpectancy: 31290
[2026-03-29 08:55:04] Snapshot 28 / 720
Zapisano snapshot:
CaptureTime: 2026-03-29 08:55:06.752322
ServerName: deweloper
InstanceName: MSSQLSERVER
CpuPercent: 0.00
BatchRequestsPerSec: 22450
UserConnections: 10
BlockedSessions: 0
DeadlocksPerMin: 0
AvgQueryDurationMs: 9.60180000
AvgLogicalReads: 232.800000
TempdbUsedMb: 8.0000000
SignalWaitTimeMs: 246029565
PageLifeExpectancy: 31353
[2026-03-29 08:56:06] Snapshot 29 / 720
Zapisano snapshot:
CaptureTime: 2026-03-29 08:56:08.551585
ServerName: deweloper
InstanceName: MSSQLSERVER
CpuPercent: 0.00
BatchRequestsPerSec: 22467
UserConnections: 6
BlockedSessions: 0
DeadlocksPerMin: 0
AvgQueryDurationMs: 7.38260000
AvgLogicalReads: 232.800000
TempdbUsedMb: 8.0000000
SignalWaitTimeMs: 246168813
PageLifeExpectancy: 31416
[2026-03-29 08:57:08] Snapshot 30 / 720
Zapisano snapshot:
CaptureTime: 2026-03-29 08:57:09.377802
ServerName: deweloper
InstanceName: MSSQLSERVER
CpuPercent: 0.00
BatchRequestsPerSec: 22488
UserConnections: 6
BlockedSessions: 0
DeadlocksPerMin: 0
AvgQueryDurationMs: 7.60000000
AvgLogicalReads: 232.800000
TempdbUsedMb: 8.0000000
SignalWaitTimeMs: 246292521
PageLifeExpectancy: 31477
[2026-03-29 08:58:09] Snapshot 31 / 720
Zapisano snapshot:
CaptureTime: 2026-03-29 08:58:10.108034
ServerName: deweloper
InstanceName: MSSQLSERVER
CpuPercent: 0.00
BatchRequestsPerSec: 22505
UserConnections: 6
BlockedSessions: 0
DeadlocksPerMin: 0
AvgQueryDurationMs: 8.59560000
AvgLogicalReads: 232.800000
TempdbUsedMb: 8.0000000
SignalWaitTimeMs: 246414290
PageLifeExpectancy: 31537
[2026-03-29 08:59:10] Snapshot 32 / 720
Zapisano snapshot:
CaptureTime: 2026-03-29 08:59:12.537045
ServerName: deweloper
InstanceName: MSSQLSERVER
CpuPercent: 0.00
BatchRequestsPerSec: 22522
UserConnections: 5
BlockedSessions: 0
DeadlocksPerMin: 0
AvgQueryDurationMs: 8.38840000
AvgLogicalReads: 232.800000
TempdbUsedMb: 8.0000000
SignalWaitTimeMs: 246540850
PageLifeExpectancy: 31598
[2026-03-29 09:00:12] Snapshot 33 / 720
Zapisano snapshot:
CaptureTime: 2026-03-29 09:00:13.704161
ServerName: deweloper
InstanceName: MSSQLSERVER
CpuPercent: 0.00
BatchRequestsPerSec: 22539
UserConnections: 5
BlockedSessions: 0
DeadlocksPerMin: 0
AvgQueryDurationMs: 14.75660000
AvgLogicalReads: 232.800000
TempdbUsedMb: 8.0000000
SignalWaitTimeMs: 246662498
PageLifeExpectancy: 31661
[2026-03-29 09:01:13] Snapshot 34 / 720
Zapisano snapshot:
CaptureTime: 2026-03-29 09:01:14.599694
ServerName: deweloper
InstanceName: MSSQLSERVER
CpuPercent: 0.00
BatchRequestsPerSec: 22556
UserConnections: 5
BlockedSessions: 0
DeadlocksPerMin: 0
AvgQueryDurationMs: 9.32980000
AvgLogicalReads: 232.800000
TempdbUsedMb: 8.0000000
SignalWaitTimeMs: 246784757
PageLifeExpectancy: 31722
[2026-03-29 09:02:14] Snapshot 35 / 720
Zapisano snapshot:
CaptureTime: 2026-03-29 09:02:17.275310
ServerName: deweloper
InstanceName: MSSQLSERVER
CpuPercent: 0.00
BatchRequestsPerSec: 22577
UserConnections: 5
BlockedSessions: 0
DeadlocksPerMin: 0
AvgQueryDurationMs: 16.17333333
AvgLogicalReads: 206.166666
TempdbUsedMb: 8.0000000
SignalWaitTimeMs: 246911236
PageLifeExpectancy: 31784
[2026-03-29 09:03:17] Snapshot 36 / 720
Zapisano snapshot:
CaptureTime: 2026-03-29 09:03:18.198711
ServerName: deweloper
InstanceName: MSSQLSERVER
CpuPercent: 0.00
BatchRequestsPerSec: 22594
UserConnections: 5
BlockedSessions: 0
DeadlocksPerMin: 0
AvgQueryDurationMs: 7.36160000
AvgLogicalReads: 232.800000
TempdbUsedMb: 8.0000000
SignalWaitTimeMs: 247031950
PageLifeExpectancy: 31845
[2026-03-29 09:04:18] Snapshot 37 / 720
Zapisano snapshot:
CaptureTime: 2026-03-29 09:04:18.919349
ServerName: deweloper
InstanceName: MSSQLSERVER
CpuPercent: 0.00
BatchRequestsPerSec: 22611
UserConnections: 5
BlockedSessions: 0
DeadlocksPerMin: 0
AvgQueryDurationMs: 7.00020000
AvgLogicalReads: 232.800000
TempdbUsedMb: 8.0000000
SignalWaitTimeMs: 247152266
PageLifeExpectancy: 31906
[2026-03-29 09:05:18] Snapshot 38 / 720
Zapisano snapshot:
CaptureTime: 2026-03-29 09:05:19.628482
ServerName: deweloper
InstanceName: MSSQLSERVER
CpuPercent: 0.00
BatchRequestsPerSec: 22628
UserConnections: 5
BlockedSessions: 0
DeadlocksPerMin: 0
AvgQueryDurationMs: 7.10180000
AvgLogicalReads: 232.800000
TempdbUsedMb: 8.0000000
SignalWaitTimeMs: 247273927
PageLifeExpectancy: 31966
[2026-03-29 09:06:19] Snapshot 39 / 720
Zapisano snapshot:
CaptureTime: 2026-03-29 09:06:20.421926
ServerName: deweloper
InstanceName: MSSQLSERVER
CpuPercent: 0.00
BatchRequestsPerSec: 22645
UserConnections: 5
BlockedSessions: 0
DeadlocksPerMin: 0
AvgQueryDurationMs: 9.41400000
AvgLogicalReads: 232.800000
TempdbUsedMb: 8.0000000
SignalWaitTimeMs: 247394470
PageLifeExpectancy: 32027
[2026-03-29 09:07:20] Snapshot 40 / 720
Zapisano snapshot:
CaptureTime: 2026-03-29 09:07:21.384772
ServerName: deweloper
InstanceName: MSSQLSERVER
CpuPercent: 0.00
BatchRequestsPerSec: 22666
UserConnections: 5
BlockedSessions: 0
DeadlocksPerMin: 0
AvgQueryDurationMs: 8.55500000
AvgLogicalReads: 232.800000
TempdbUsedMb: 8.0000000
SignalWaitTimeMs: 247528826
PageLifeExpectancy: 32088
[2026-03-29 09:08:21] Snapshot 41 / 720
Zapisano snapshot:
CaptureTime: 2026-03-29 09:08:22.333090
ServerName: deweloper
InstanceName: MSSQLSERVER
CpuPercent: 0.00
BatchRequestsPerSec: 22683
UserConnections: 5
BlockedSessions: 0
DeadlocksPerMin: 0
AvgQueryDurationMs: 14.33840000
AvgLogicalReads: 232.800000
TempdbUsedMb: 8.0000000
SignalWaitTimeMs: 247653459
PageLifeExpectancy: 32149
[2026-03-29 09:09:22] Snapshot 42 / 720
Zapisano snapshot:
CaptureTime: 2026-03-29 09:09:23.203881
ServerName: deweloper
InstanceName: MSSQLSERVER
CpuPercent: 0.00
BatchRequestsPerSec: 22700
UserConnections: 5
BlockedSessions: 0
DeadlocksPerMin: 0
AvgQueryDurationMs: 7.65980000
AvgLogicalReads: 232.800000
TempdbUsedMb: 8.0000000
SignalWaitTimeMs: 247780812
PageLifeExpectancy: 32211
[2026-03-29 09:10:23] Snapshot 43 / 720
Zapisano snapshot:
CaptureTime: 2026-03-29 09:10:24.143186
ServerName: deweloper
InstanceName: MSSQLSERVER
CpuPercent: 0.00
BatchRequestsPerSec: 22717
UserConnections: 5
BlockedSessions: 0
DeadlocksPerMin: 0
AvgQueryDurationMs: 10.50160000
AvgLogicalReads: 232.800000
TempdbUsedMb: 8.0000000
SignalWaitTimeMs: 247901244
PageLifeExpectancy: 32271
[2026-03-29 09:11:24] Snapshot 44 / 720
Zapisano snapshot:
CaptureTime: 2026-03-29 09:11:25.030773
ServerName: deweloper
InstanceName: MSSQLSERVER
CpuPercent: 0.00
BatchRequestsPerSec: 22734
UserConnections: 5
BlockedSessions: 0
DeadlocksPerMin: 0
AvgQueryDurationMs: 7.93040000
AvgLogicalReads: 232.800000
TempdbUsedMb: 8.0000000
SignalWaitTimeMs: 248021760
PageLifeExpectancy: 32332
[2026-03-29 09:12:25] Snapshot 45 / 720
Zapisano snapshot:
CaptureTime: 2026-03-29 09:12:26.088713
ServerName: deweloper
InstanceName: MSSQLSERVER
CpuPercent: 0.00
BatchRequestsPerSec: 22755
UserConnections: 5
BlockedSessions: 0
DeadlocksPerMin: 0
AvgQueryDurationMs: 16.61250000
AvgLogicalReads: 26.000000
TempdbUsedMb: 8.0000000
SignalWaitTimeMs: 248142086
PageLifeExpectancy: 32393
[2026-03-29 09:13:26] Snapshot 46 / 720
Zapisano snapshot:
CaptureTime: 2026-03-29 09:13:26.995905
ServerName: deweloper
InstanceName: MSSQLSERVER
CpuPercent: 0.00
BatchRequestsPerSec: 22772
UserConnections: 5
BlockedSessions: 0
DeadlocksPerMin: 0
AvgQueryDurationMs: 8.64120000
AvgLogicalReads: 232.800000
TempdbUsedMb: 8.0000000
SignalWaitTimeMs: 248262839
PageLifeExpectancy: 32454
[2026-03-29 09:14:27] Snapshot 47 / 720
Zapisano snapshot:
CaptureTime: 2026-03-29 09:14:28.257598
ServerName: deweloper
InstanceName: MSSQLSERVER
CpuPercent: 0.00
BatchRequestsPerSec: 22789
UserConnections: 5
BlockedSessions: 0
DeadlocksPerMin: 0
AvgQueryDurationMs: 7.16540000
AvgLogicalReads: 232.800000
TempdbUsedMb: 8.0000000
SignalWaitTimeMs: 248383924
PageLifeExpectancy: 32515
[2026-03-29 09:15:28] Snapshot 48 / 720
Zapisano snapshot:
CaptureTime: 2026-03-29 09:15:29.099780
ServerName: deweloper
InstanceName: MSSQLSERVER
CpuPercent: 0.00
BatchRequestsPerSec: 22806
UserConnections: 5
BlockedSessions: 0
DeadlocksPerMin: 0
AvgQueryDurationMs: 10.74560000
AvgLogicalReads: 232.800000
TempdbUsedMb: 8.0000000
SignalWaitTimeMs: 248509559
PageLifeExpectancy: 32576
[2026-03-29 09:16:29] Snapshot 49 / 720
Zapisano snapshot:
CaptureTime: 2026-03-29 09:16:29.862403
ServerName: deweloper
InstanceName: MSSQLSERVER
CpuPercent: 0.00
BatchRequestsPerSec: 22823
UserConnections: 5
BlockedSessions: 0
DeadlocksPerMin: 0
AvgQueryDurationMs: 9.50680000
AvgLogicalReads: 232.800000
TempdbUsedMb: 8.0000000
SignalWaitTimeMs: 248629811
PageLifeExpectancy: 32636
[2026-03-29 09:17:29] Snapshot 50 / 720
Zapisano snapshot:
CaptureTime: 2026-03-29 09:17:31.895329
ServerName: deweloper
InstanceName: MSSQLSERVER
CpuPercent: 0.00
BatchRequestsPerSec: 22846
UserConnections: 5
BlockedSessions: 0
DeadlocksPerMin: 0
AvgQueryDurationMs: 11.31080000
AvgLogicalReads: 232.800000
TempdbUsedMb: 8.0000000
SignalWaitTimeMs: 248751344
PageLifeExpectancy: 32699
[2026-03-29 09:18:31] Snapshot 51 / 720
Zapisano snapshot:
CaptureTime: 2026-03-29 09:18:33.154399
ServerName: deweloper
InstanceName: MSSQLSERVER
CpuPercent: 0.00
BatchRequestsPerSec: 22863
UserConnections: 5
BlockedSessions: 0
DeadlocksPerMin: 0
AvgQueryDurationMs: 7.37900000
AvgLogicalReads: 232.800000
TempdbUsedMb: 8.0000000
SignalWaitTimeMs: 248871959
PageLifeExpectancy: 32760
[2026-03-29 09:19:33] Snapshot 52 / 720
Zapisano snapshot:
CaptureTime: 2026-03-29 09:19:33.995985
ServerName: deweloper
InstanceName: MSSQLSERVER
CpuPercent: 0.00
BatchRequestsPerSec: 22880
UserConnections: 5
BlockedSessions: 0
DeadlocksPerMin: 0
AvgQueryDurationMs: 8.31240000
AvgLogicalReads: 232.800000
TempdbUsedMb: 8.0000000
SignalWaitTimeMs: 248992541
PageLifeExpectancy: 32820
[2026-03-29 09:20:34] Snapshot 53 / 720
Zapisano snapshot:
CaptureTime: 2026-03-29 09:20:36.509667
ServerName: deweloper
InstanceName: MSSQLSERVER
CpuPercent: 0.00
BatchRequestsPerSec: 22897
UserConnections: 5
BlockedSessions: 0
DeadlocksPerMin: 0
AvgQueryDurationMs: 11.99900000
AvgLogicalReads: 232.800000
TempdbUsedMb: 8.0000000
SignalWaitTimeMs: 249119192
PageLifeExpectancy: 32883
[2026-03-29 09:21:36] Snapshot 54 / 720
Zapisano snapshot:
CaptureTime: 2026-03-29 09:21:37.298404
ServerName: deweloper
InstanceName: MSSQLSERVER
CpuPercent: 0.00
BatchRequestsPerSec: 22914
UserConnections: 4
BlockedSessions: 0
DeadlocksPerMin: 0
AvgQueryDurationMs: 9.02780000
AvgLogicalReads: 232.800000
TempdbUsedMb: 8.0000000
SignalWaitTimeMs: 249243307
PageLifeExpectancy: 32944
[2026-03-29 09:22:37] Snapshot 55 / 720
Zapisano snapshot:
CaptureTime: 2026-03-29 09:22:40.503578
ServerName: deweloper
InstanceName: MSSQLSERVER
CpuPercent: 0.00
BatchRequestsPerSec: 22935
UserConnections: 5
BlockedSessions: 0
DeadlocksPerMin: 0
AvgQueryDurationMs: 8.34940000
AvgLogicalReads: 232.800000
TempdbUsedMb: 8.0000000
SignalWaitTimeMs: 249366768
PageLifeExpectancy: 33008
[2026-03-29 09:23:40] Snapshot 56 / 720
Zapisano snapshot:
CaptureTime: 2026-03-29 09:23:41.791351
ServerName: deweloper
InstanceName: MSSQLSERVER
CpuPercent: 0.00
BatchRequestsPerSec: 22952
UserConnections: 5
BlockedSessions: 0
DeadlocksPerMin: 0
AvgQueryDurationMs: 8.36220000
AvgLogicalReads: 232.800000
TempdbUsedMb: 8.0000000
SignalWaitTimeMs: 249490912
PageLifeExpectancy: 33068
[2026-03-29 09:24:41] Snapshot 57 / 720
Zapisano snapshot:
CaptureTime: 2026-03-29 09:24:42.681289
ServerName: deweloper
InstanceName: MSSQLSERVER
CpuPercent: 0.00
BatchRequestsPerSec: 22969
UserConnections: 5
BlockedSessions: 0
DeadlocksPerMin: 0
AvgQueryDurationMs: 8.07160000
AvgLogicalReads: 232.800000
TempdbUsedMb: 8.0000000
SignalWaitTimeMs: 249613139
PageLifeExpectancy: 33130
[2026-03-29 09:25:42] Snapshot 58 / 720
Zapisano snapshot:
CaptureTime: 2026-03-29 09:25:51.275652
ServerName: deweloper
InstanceName: MSSQLSERVER
CpuPercent: 0.00
BatchRequestsPerSec: 22986
UserConnections: 5
BlockedSessions: 0
DeadlocksPerMin: 0
AvgQueryDurationMs: 127.67260000
AvgLogicalReads: 232.800000
TempdbUsedMb: 8.0000000
SignalWaitTimeMs: 249779693
PageLifeExpectancy: 33197
[2026-03-29 09:26:51] Snapshot 59 / 720
Zapisano snapshot:
CaptureTime: 2026-03-29 09:26:52.624067
ServerName: deweloper
InstanceName: MSSQLSERVER
CpuPercent: 0.00
BatchRequestsPerSec: 23007
UserConnections: 5
BlockedSessions: 0
DeadlocksPerMin: 0
AvgQueryDurationMs: 8.97940000
AvgLogicalReads: 232.800000
TempdbUsedMb: 8.0000000
SignalWaitTimeMs: 249924400
PageLifeExpectancy: 33259
[2026-03-29 09:27:52] Snapshot 60 / 720
Zapisano snapshot:
CaptureTime: 2026-03-29 09:27:55.642940
ServerName: deweloper
InstanceName: MSSQLSERVER
CpuPercent: 0.00
BatchRequestsPerSec: 23024
UserConnections: 5
BlockedSessions: 0
DeadlocksPerMin: 0
AvgQueryDurationMs: 19.89580000
AvgLogicalReads: 232.800000
TempdbUsedMb: 8.0000000
SignalWaitTimeMs: 250053968
PageLifeExpectancy: 33323
[2026-03-29 09:28:55] Snapshot 61 / 720
Zapisano snapshot:
CaptureTime: 2026-03-29 09:28:57.699065
ServerName: deweloper
InstanceName: MSSQLSERVER
CpuPercent: 0.00
BatchRequestsPerSec: 23041
UserConnections: 5
BlockedSessions: 0
DeadlocksPerMin: 0
AvgQueryDurationMs: 346.84966666
AvgLogicalReads: 44.333333
TempdbUsedMb: 8.0000000
SignalWaitTimeMs: 250193996
PageLifeExpectancy: 33385
[2026-03-29 09:29:57] Snapshot 62 / 720
Zapisano snapshot:
CaptureTime: 2026-03-29 09:30:00.873262
ServerName: deweloper
InstanceName: MSSQLSERVER
CpuPercent: 0.00
BatchRequestsPerSec: 23562
UserConnections: 5
BlockedSessions: 0
DeadlocksPerMin: 0
AvgQueryDurationMs: 11.59960000
AvgLogicalReads: 232.800000
TempdbUsedMb: 8.0000000
SignalWaitTimeMs: 250328732
PageLifeExpectancy: 33448
[2026-03-29 09:31:01] Snapshot 63 / 720
Zapisano snapshot:
CaptureTime: 2026-03-29 09:31:03.169777
ServerName: deweloper
InstanceName: MSSQLSERVER
CpuPercent: 0.00
BatchRequestsPerSec: 23579
UserConnections: 5
BlockedSessions: 0
DeadlocksPerMin: 0
AvgQueryDurationMs: 13.32740000
AvgLogicalReads: 232.800000
TempdbUsedMb: 8.0000000
SignalWaitTimeMs: 250460029
PageLifeExpectancy: 33510
[2026-03-29 09:32:03] Snapshot 64 / 720
Zapisano snapshot:
CaptureTime: 2026-03-29 09:32:05.101673
ServerName: deweloper
InstanceName: MSSQLSERVER
CpuPercent: 0.00
BatchRequestsPerSec: 23600
UserConnections: 5
BlockedSessions: 0
DeadlocksPerMin: 0
AvgQueryDurationMs: 44.13383333
AvgLogicalReads: 206.166666
TempdbUsedMb: 8.0000000
SignalWaitTimeMs: 250596443
PageLifeExpectancy: 33572
[2026-03-29 09:33:05] Snapshot 65 / 720
Zapisano snapshot:
CaptureTime: 2026-03-29 09:33:06.131495
ServerName: deweloper
InstanceName: MSSQLSERVER
CpuPercent: 0.00
BatchRequestsPerSec: 23617
UserConnections: 5
BlockedSessions: 0
DeadlocksPerMin: 0
AvgQueryDurationMs: 9.34120000
AvgLogicalReads: 232.800000
TempdbUsedMb: 8.0000000
SignalWaitTimeMs: 250718177
PageLifeExpectancy: 33633
[2026-03-29 09:34:06] Snapshot 66 / 720
Zapisano snapshot:
CaptureTime: 2026-03-29 09:34:07.963287
ServerName: deweloper
InstanceName: MSSQLSERVER
CpuPercent: 0.00
BatchRequestsPerSec: 23634
UserConnections: 5
BlockedSessions: 0
DeadlocksPerMin: 0
AvgQueryDurationMs: 9.10020000
AvgLogicalReads: 232.800000
TempdbUsedMb: 8.0000000
SignalWaitTimeMs: 250861536
PageLifeExpectancy: 33695
[2026-03-29 09:35:08] Snapshot 67 / 720
Zapisano snapshot:
CaptureTime: 2026-03-29 09:35:08.929352
ServerName: deweloper
InstanceName: MSSQLSERVER
CpuPercent: 0.00
BatchRequestsPerSec: 23651
UserConnections: 5
BlockedSessions: 0
DeadlocksPerMin: 0
AvgQueryDurationMs: 9.26260000
AvgLogicalReads: 232.800000
TempdbUsedMb: 8.0000000
SignalWaitTimeMs: 250992907
PageLifeExpectancy: 33756
[2026-03-29 09:36:09] Snapshot 68 / 720
Zapisano snapshot:
CaptureTime: 2026-03-29 09:36:10.071822
ServerName: deweloper
InstanceName: MSSQLSERVER
CpuPercent: 0.00
BatchRequestsPerSec: 23668
UserConnections: 5
BlockedSessions: 0
DeadlocksPerMin: 0
AvgQueryDurationMs: 13.77300000
AvgLogicalReads: 232.800000
TempdbUsedMb: 8.0000000
SignalWaitTimeMs: 251117300
PageLifeExpectancy: 33817
[2026-03-29 09:37:10] Snapshot 69 / 720
Zapisano snapshot:
CaptureTime: 2026-03-29 09:37:11.276214
ServerName: deweloper
InstanceName: MSSQLSERVER
CpuPercent: 0.00
BatchRequestsPerSec: 23689
UserConnections: 5
BlockedSessions: 0
DeadlocksPerMin: 0
AvgQueryDurationMs: 10.24080000
AvgLogicalReads: 232.800000
TempdbUsedMb: 8.0000000
SignalWaitTimeMs: 251253062
PageLifeExpectancy: 33878
[2026-03-29 09:38:11] Snapshot 70 / 720
Zapisano snapshot:
CaptureTime: 2026-03-29 09:38:12.376141
ServerName: deweloper
InstanceName: MSSQLSERVER
CpuPercent: 0.00
BatchRequestsPerSec: 23706
UserConnections: 5
BlockedSessions: 0
DeadlocksPerMin: 0
AvgQueryDurationMs: 37.65500000
AvgLogicalReads: 30.000000
TempdbUsedMb: 8.0000000
SignalWaitTimeMs: 251374880
PageLifeExpectancy: 33940
[2026-03-29 09:39:12] Snapshot 71 / 720
Zapisano snapshot:
CaptureTime: 2026-03-29 09:39:13.643339
ServerName: deweloper
InstanceName: MSSQLSERVER
CpuPercent: 0.00
BatchRequestsPerSec: 23723
UserConnections: 5
BlockedSessions: 0
DeadlocksPerMin: 0
AvgQueryDurationMs: 10.55320000
AvgLogicalReads: 232.800000
TempdbUsedMb: 8.0000000
SignalWaitTimeMs: 251507479
PageLifeExpectancy: 34000
[2026-03-29 09:40:13] Snapshot 72 / 720
Zapisano snapshot:
CaptureTime: 2026-03-29 09:40:14.623674
ServerName: deweloper
InstanceName: MSSQLSERVER
CpuPercent: 0.00
BatchRequestsPerSec: 23740
UserConnections: 5
BlockedSessions: 0
DeadlocksPerMin: 0
AvgQueryDurationMs: 11.11860000
AvgLogicalReads: 232.800000
TempdbUsedMb: 8.0000000
SignalWaitTimeMs: 251636744
PageLifeExpectancy: 34062
[2026-03-29 09:41:14] Snapshot 73 / 720
Zapisano snapshot:
CaptureTime: 2026-03-29 09:41:15.592072
ServerName: deweloper
InstanceName: MSSQLSERVER
CpuPercent: 0.00
BatchRequestsPerSec: 23757
UserConnections: 5
BlockedSessions: 0
DeadlocksPerMin: 0
AvgQueryDurationMs: 9.22540000
AvgLogicalReads: 232.800000
TempdbUsedMb: 8.0000000
SignalWaitTimeMs: 251764519
PageLifeExpectancy: 34122
[2026-03-29 09:42:15] Snapshot 74 / 720
Zapisano snapshot:
CaptureTime: 2026-03-29 09:42:16.611013
ServerName: deweloper
InstanceName: MSSQLSERVER
CpuPercent: 0.00
BatchRequestsPerSec: 23778
UserConnections: 5
BlockedSessions: 0
DeadlocksPerMin: 0
AvgQueryDurationMs: 10.04980000
AvgLogicalReads: 232.800000
TempdbUsedMb: 8.0000000
SignalWaitTimeMs: 251895222
PageLifeExpectancy: 34183
[2026-03-29 09:43:16] Snapshot 75 / 720
Zapisano snapshot:
CaptureTime: 2026-03-29 09:43:17.532041
ServerName: deweloper
InstanceName: MSSQLSERVER
CpuPercent: 0.00
BatchRequestsPerSec: 23795
UserConnections: 5
BlockedSessions: 0
DeadlocksPerMin: 0
AvgQueryDurationMs: 9.52500000
AvgLogicalReads: 232.800000
TempdbUsedMb: 8.0000000
SignalWaitTimeMs: 252021675
PageLifeExpectancy: 34244
[2026-03-29 09:44:17] Snapshot 76 / 720
Zapisano snapshot:
CaptureTime: 2026-03-29 09:44:19.381387
ServerName: deweloper
InstanceName: MSSQLSERVER
CpuPercent: 0.00
BatchRequestsPerSec: 23812
UserConnections: 5
BlockedSessions: 0
DeadlocksPerMin: 0
AvgQueryDurationMs: 11.78620000
AvgLogicalReads: 232.800000
TempdbUsedMb: 8.0000000
SignalWaitTimeMs: 252150919
PageLifeExpectancy: 34306
[2026-03-29 09:45:19] Snapshot 77 / 720
Zapisano snapshot:
CaptureTime: 2026-03-29 09:45:20.489436
ServerName: deweloper
InstanceName: MSSQLSERVER
CpuPercent: 0.00
BatchRequestsPerSec: 23829
UserConnections: 5
BlockedSessions: 0
DeadlocksPerMin: 0
AvgQueryDurationMs: 8.12920000
AvgLogicalReads: 232.800000
TempdbUsedMb: 8.0000000
SignalWaitTimeMs: 252283949
PageLifeExpectancy: 34367
[2026-03-29 09:46:20] Snapshot 78 / 720
Zapisano snapshot:
CaptureTime: 2026-03-29 09:46:24.802765
ServerName: deweloper
InstanceName: MSSQLSERVER
CpuPercent: 0.00
BatchRequestsPerSec: 23846
UserConnections: 5
BlockedSessions: 0
DeadlocksPerMin: 0
AvgQueryDurationMs: 14.38800000
AvgLogicalReads: 232.800000
TempdbUsedMb: 8.0000000
SignalWaitTimeMs: 252428242
PageLifeExpectancy: 34432
[2026-03-29 09:47:24] Snapshot 79 / 720
Zapisano snapshot:
CaptureTime: 2026-03-29 09:47:26.253593
ServerName: deweloper
InstanceName: MSSQLSERVER
CpuPercent: 0.00
BatchRequestsPerSec: 23867
UserConnections: 5
BlockedSessions: 0
DeadlocksPerMin: 0
AvgQueryDurationMs: 9.93060000
AvgLogicalReads: 232.800000
TempdbUsedMb: 8.0000000
SignalWaitTimeMs: 252558352
PageLifeExpectancy: 34493
[2026-03-29 09:48:26] Snapshot 80 / 720
Zapisano snapshot:
CaptureTime: 2026-03-29 09:48:27.138053
ServerName: deweloper
InstanceName: MSSQLSERVER
CpuPercent: 0.00
BatchRequestsPerSec: 23884
UserConnections: 5
BlockedSessions: 0
DeadlocksPerMin: 0
AvgQueryDurationMs: 7.99180000
AvgLogicalReads: 232.800000
TempdbUsedMb: 8.0000000
SignalWaitTimeMs: 252682686
PageLifeExpectancy: 34554
[2026-03-29 09:49:27] Snapshot 81 / 720
Zapisano snapshot:
CaptureTime: 2026-03-29 09:49:28.154441
ServerName: deweloper
InstanceName: MSSQLSERVER
CpuPercent: 0.00
BatchRequestsPerSec: 23901
UserConnections: 5
BlockedSessions: 0
DeadlocksPerMin: 0
AvgQueryDurationMs: 10.17080000
AvgLogicalReads: 232.800000
TempdbUsedMb: 8.0000000
SignalWaitTimeMs: 252805789
PageLifeExpectancy: 34615
[2026-03-29 09:50:28] Snapshot 82 / 720
Zapisano snapshot:
CaptureTime: 2026-03-29 09:50:29.061706
ServerName: deweloper
InstanceName: MSSQLSERVER
CpuPercent: 0.00
BatchRequestsPerSec: 23918
UserConnections: 5
BlockedSessions: 0
DeadlocksPerMin: 0
AvgQueryDurationMs: 8.50180000
AvgLogicalReads: 232.800000
TempdbUsedMb: 8.0000000
SignalWaitTimeMs: 252927923
PageLifeExpectancy: 34676
[2026-03-29 09:51:29] Snapshot 83 / 720
Zapisano snapshot:
CaptureTime: 2026-03-29 09:51:29.961300
ServerName: deweloper
InstanceName: MSSQLSERVER
CpuPercent: 0.00
BatchRequestsPerSec: 23935
UserConnections: 5
BlockedSessions: 0
DeadlocksPerMin: 0
AvgQueryDurationMs: 9.04620000
AvgLogicalReads: 232.800000
TempdbUsedMb: 8.0000000
SignalWaitTimeMs: 253050410
PageLifeExpectancy: 34736
[2026-03-29 09:52:30] Snapshot 84 / 720
Zapisano snapshot:
CaptureTime: 2026-03-29 09:52:30.886928
ServerName: deweloper
InstanceName: MSSQLSERVER
CpuPercent: 0.00
BatchRequestsPerSec: 23956
UserConnections: 5
BlockedSessions: 0
DeadlocksPerMin: 0
AvgQueryDurationMs: 8.58620000
AvgLogicalReads: 232.800000
TempdbUsedMb: 8.0000000
SignalWaitTimeMs: 253177737
PageLifeExpectancy: 34798
[2026-03-29 09:53:30] Snapshot 85 / 720
Zapisano snapshot:
CaptureTime: 2026-03-29 09:53:32.130076
ServerName: deweloper
InstanceName: MSSQLSERVER
CpuPercent: 0.00
BatchRequestsPerSec: 23973
UserConnections: 5
BlockedSessions: 0
DeadlocksPerMin: 0
AvgQueryDurationMs: 43.62420000
AvgLogicalReads: 232.800000
TempdbUsedMb: 8.0000000
SignalWaitTimeMs: 253300793
PageLifeExpectancy: 34859
[2026-03-29 09:54:32] Snapshot 86 / 720
Zapisano snapshot:
CaptureTime: 2026-03-29 09:54:32.991968
ServerName: deweloper
InstanceName: MSSQLSERVER
CpuPercent: 0.00
BatchRequestsPerSec: 23990
UserConnections: 5
BlockedSessions: 0
DeadlocksPerMin: 0
AvgQueryDurationMs: 8.61740000
AvgLogicalReads: 232.800000
TempdbUsedMb: 8.0000000
SignalWaitTimeMs: 253428328
PageLifeExpectancy: 34920
[2026-03-29 09:55:33] Snapshot 87 / 720
Zapisano snapshot:
CaptureTime: 2026-03-29 09:55:33.860599
ServerName: deweloper
InstanceName: MSSQLSERVER
CpuPercent: 0.00
BatchRequestsPerSec: 24007
UserConnections: 5
BlockedSessions: 0
DeadlocksPerMin: 0
AvgQueryDurationMs: 8.00640000
AvgLogicalReads: 232.800000
TempdbUsedMb: 8.0000000
SignalWaitTimeMs: 253552072
PageLifeExpectancy: 34981
[2026-03-29 09:56:33] Snapshot 88 / 720
Zapisano snapshot:
CaptureTime: 2026-03-29 09:56:34.758354
ServerName: deweloper
InstanceName: MSSQLSERVER
CpuPercent: 0.00
BatchRequestsPerSec: 24024
UserConnections: 5
BlockedSessions: 0
DeadlocksPerMin: 0
AvgQueryDurationMs: 10.16900000
AvgLogicalReads: 232.800000
TempdbUsedMb: 8.0000000
SignalWaitTimeMs: 253674836
PageLifeExpectancy: 35041
[2026-03-29 09:57:34] Snapshot 89 / 720
Zapisano snapshot:
CaptureTime: 2026-03-29 09:57:35.641073
ServerName: deweloper
InstanceName: MSSQLSERVER
CpuPercent: 0.00
BatchRequestsPerSec: 24045
UserConnections: 5
BlockedSessions: 0
DeadlocksPerMin: 0
AvgQueryDurationMs: 8.52120000
AvgLogicalReads: 232.800000
TempdbUsedMb: 8.0000000
SignalWaitTimeMs: 253796580
PageLifeExpectancy: 35102
[2026-03-29 09:58:35] Snapshot 90 / 720
Zapisano snapshot:
CaptureTime: 2026-03-29 09:58:36.468796
ServerName: deweloper
InstanceName: MSSQLSERVER
CpuPercent: 0.00
BatchRequestsPerSec: 24062
UserConnections: 5
BlockedSessions: 0
DeadlocksPerMin: 0
AvgQueryDurationMs: 7.68120000
AvgLogicalReads: 232.800000
TempdbUsedMb: 8.0000000
SignalWaitTimeMs: 253924323
PageLifeExpectancy: 35164
[2026-03-29 09:59:36] Snapshot 91 / 720
Zapisano snapshot:
CaptureTime: 2026-03-29 09:59:37.282012
ServerName: deweloper
InstanceName: MSSQLSERVER
CpuPercent: 0.00
BatchRequestsPerSec: 24079
UserConnections: 5
BlockedSessions: 0
DeadlocksPerMin: 0
AvgQueryDurationMs: 8.85500000
AvgLogicalReads: 232.800000
TempdbUsedMb: 8.0000000
SignalWaitTimeMs: 254047643
PageLifeExpectancy: 35224
[2026-03-29 10:00:37] Snapshot 92 / 720
Zapisano snapshot:
CaptureTime: 2026-03-29 10:00:38.129333
ServerName: deweloper
InstanceName: MSSQLSERVER
CpuPercent: 0.00
BatchRequestsPerSec: 24096
UserConnections: 5
BlockedSessions: 0
DeadlocksPerMin: 0
AvgQueryDurationMs: 8.31160000
AvgLogicalReads: 232.800000
TempdbUsedMb: 8.0000000
SignalWaitTimeMs: 254169201
PageLifeExpectancy: 35285
[2026-03-29 10:01:38] Snapshot 93 / 720
Zapisano snapshot:
CaptureTime: 2026-03-29 10:01:38.953720
ServerName: deweloper
InstanceName: MSSQLSERVER
CpuPercent: 0.00
BatchRequestsPerSec: 24113
UserConnections: 4
BlockedSessions: 0
DeadlocksPerMin: 0
AvgQueryDurationMs: 7.76720000
AvgLogicalReads: 232.800000
TempdbUsedMb: 8.0000000
SignalWaitTimeMs: 254291398
PageLifeExpectancy: 35346
[2026-03-29 10:02:39] Snapshot 94 / 720
Zapisano snapshot:
CaptureTime: 2026-03-29 10:02:39.772266
ServerName: deweloper
InstanceName: MSSQLSERVER
CpuPercent: 0.00
BatchRequestsPerSec: 24134
UserConnections: 5
BlockedSessions: 0
DeadlocksPerMin: 0
AvgQueryDurationMs: 7.38800000
AvgLogicalReads: 232.800000
TempdbUsedMb: 8.0000000
SignalWaitTimeMs: 254413723
PageLifeExpectancy: 35407
[2026-03-29 10:03:39] Snapshot 95 / 720
Zapisano snapshot:
CaptureTime: 2026-03-29 10:03:40.840540
ServerName: deweloper
InstanceName: MSSQLSERVER
CpuPercent: 0.00
BatchRequestsPerSec: 24151
UserConnections: 5
BlockedSessions: 0
DeadlocksPerMin: 0
AvgQueryDurationMs: 18.07400000
AvgLogicalReads: 232.800000
TempdbUsedMb: 8.0000000
SignalWaitTimeMs: 254536319
PageLifeExpectancy: 35467
[2026-03-29 10:04:41] Snapshot 96 / 720
Zapisano snapshot:
CaptureTime: 2026-03-29 10:04:41.909450
ServerName: deweloper
InstanceName: MSSQLSERVER
CpuPercent: 0.00
BatchRequestsPerSec: 24168
UserConnections: 5
BlockedSessions: 0
DeadlocksPerMin: 0
AvgQueryDurationMs: 9.44120000
AvgLogicalReads: 232.800000
TempdbUsedMb: 8.0000000
SignalWaitTimeMs: 254663555
PageLifeExpectancy: 35529
[2026-03-29 10:05:41] Snapshot 97 / 720
Zapisano snapshot:
CaptureTime: 2026-03-29 10:05:44.759852
ServerName: deweloper
InstanceName: MSSQLSERVER
CpuPercent: 7.50
BatchRequestsPerSec: 24185
UserConnections: 5
BlockedSessions: 0
DeadlocksPerMin: 0
AvgQueryDurationMs: 0.12300000
AvgLogicalReads: 0.000000
TempdbUsedMb: 8.0000000
SignalWaitTimeMs: 254814052
PageLifeExpectancy: 35592
[2026-03-29 10:06:44] Snapshot 98 / 720
Zapisano snapshot:
CaptureTime: 2026-03-29 10:06:45.688646
ServerName: deweloper
InstanceName: MSSQLSERVER
CpuPercent: 0.00
BatchRequestsPerSec: 24206
UserConnections: 5
BlockedSessions: 0
DeadlocksPerMin: 0
AvgQueryDurationMs: 22.35266666
AvgLogicalReads: 232.500000
TempdbUsedMb: 8.0000000
SignalWaitTimeMs: 254915618
PageLifeExpectancy: 35653
[2026-03-29 10:07:45] Snapshot 99 / 720
Zapisano snapshot:
CaptureTime: 2026-03-29 10:07:46.620474
ServerName: deweloper
InstanceName: MSSQLSERVER
CpuPercent: 0.00
BatchRequestsPerSec: 24223
UserConnections: 5
BlockedSessions: 0
DeadlocksPerMin: 0
AvgQueryDurationMs: 12.46260000
AvgLogicalReads: 232.800000
TempdbUsedMb: 8.0000000
SignalWaitTimeMs: 255058425
PageLifeExpectancy: 35714
[2026-03-29 10:08:46] Snapshot 100 / 720
Zapisano snapshot:
CaptureTime: 2026-03-29 10:08:47.438641
ServerName: deweloper
InstanceName: MSSQLSERVER
CpuPercent: 0.00
BatchRequestsPerSec: 24377
UserConnections: 7
BlockedSessions: 0
DeadlocksPerMin: 0
AvgQueryDurationMs: 9.72240000
AvgLogicalReads: 232.800000
TempdbUsedMb: 8.0000000
SignalWaitTimeMs: 255170544
PageLifeExpectancy: 35773
[2026-03-29 10:09:47] Snapshot 101 / 720
Zapisano snapshot:
CaptureTime: 2026-03-29 10:09:48.613921
ServerName: deweloper
InstanceName: MSSQLSERVER
CpuPercent: 0.00
BatchRequestsPerSec: 24394
UserConnections: 7
BlockedSessions: 0
DeadlocksPerMin: 0
AvgQueryDurationMs: 17.51920000
AvgLogicalReads: 232.800000
TempdbUsedMb: 8.0000000
SignalWaitTimeMs: 255312059
PageLifeExpectancy: 35836
[2026-03-29 10:10:48] Snapshot 102 / 720
Zapisano snapshot:
CaptureTime: 2026-03-29 10:10:49.707085
ServerName: deweloper
InstanceName: MSSQLSERVER
CpuPercent: 0.00
BatchRequestsPerSec: 24411
UserConnections: 7
BlockedSessions: 0
DeadlocksPerMin: 0
AvgQueryDurationMs: 12.25000000
AvgLogicalReads: 232.800000
TempdbUsedMb: 8.0000000
SignalWaitTimeMs: 255411854
PageLifeExpectancy: 35896
[2026-03-29 10:11:49] Snapshot 103 / 720
Zapisano snapshot:
CaptureTime: 2026-03-29 10:11:50.550538
ServerName: deweloper
InstanceName: MSSQLSERVER
CpuPercent: 0.00
BatchRequestsPerSec: 24467
UserConnections: 8
BlockedSessions: 0
DeadlocksPerMin: 0
AvgQueryDurationMs: 14.98400000
AvgLogicalReads: 232.800000
TempdbUsedMb: 8.0000000
SignalWaitTimeMs: 255556388
PageLifeExpectancy: 35957
[2026-03-29 10:12:50] Snapshot 104 / 720
Zapisano snapshot:
CaptureTime: 2026-03-29 10:12:51.751806
ServerName: deweloper
InstanceName: MSSQLSERVER
CpuPercent: 0.00
BatchRequestsPerSec: 24484
UserConnections: 8
BlockedSessions: 0
DeadlocksPerMin: 0
AvgQueryDurationMs: 6.01171428
AvgLogicalReads: 90.000000
TempdbUsedMb: 8.0000000
SignalWaitTimeMs: 255656313
PageLifeExpectancy: 36019
[2026-03-29 10:13:51] Snapshot 105 / 720
Zapisano snapshot:
CaptureTime: 2026-03-29 10:13:52.648765
ServerName: deweloper
InstanceName: MSSQLSERVER
CpuPercent: 0.00
BatchRequestsPerSec: 24501
UserConnections: 7
BlockedSessions: 0
DeadlocksPerMin: 0
AvgQueryDurationMs: 10.50580000
AvgLogicalReads: 232.800000
TempdbUsedMb: 8.0000000
SignalWaitTimeMs: 255809860
PageLifeExpectancy: 36079
[2026-03-29 10:14:52] Snapshot 106 / 720
Zapisano snapshot:
CaptureTime: 2026-03-29 10:14:53.511557
ServerName: deweloper
InstanceName: MSSQLSERVER
CpuPercent: 0.00
BatchRequestsPerSec: 24518
UserConnections: 7
BlockedSessions: 0
DeadlocksPerMin: 0
AvgQueryDurationMs: 8.52500000
AvgLogicalReads: 232.800000
TempdbUsedMb: 8.0000000
SignalWaitTimeMs: 255935381
PageLifeExpectancy: 36141
[2026-03-29 10:15:53] Snapshot 107 / 720
Zapisano snapshot:
CaptureTime: 2026-03-29 10:15:54.399012
ServerName: deweloper
InstanceName: MSSQLSERVER
CpuPercent: 0.00
BatchRequestsPerSec: 24535
UserConnections: 7
BlockedSessions: 0
DeadlocksPerMin: 0
AvgQueryDurationMs: 8.11720000
AvgLogicalReads: 232.800000
TempdbUsedMb: 8.0000000
SignalWaitTimeMs: 256056917
PageLifeExpectancy: 36202
[2026-03-29 10:16:54] Snapshot 108 / 720
Zapisano snapshot:
CaptureTime: 2026-03-29 10:16:55.269814
ServerName: deweloper
InstanceName: MSSQLSERVER
CpuPercent: 0.00
BatchRequestsPerSec: 24558
UserConnections: 7
BlockedSessions: 0
DeadlocksPerMin: 0
AvgQueryDurationMs: 15.11275000
AvgLogicalReads: 281.875000
TempdbUsedMb: 8.0000000
SignalWaitTimeMs: 256177990
PageLifeExpectancy: 36262
[2026-03-29 10:17:55] Snapshot 109 / 720
Zapisano snapshot:
CaptureTime: 2026-03-29 10:17:56.191840
ServerName: deweloper
InstanceName: MSSQLSERVER
CpuPercent: 0.00
BatchRequestsPerSec: 24575
UserConnections: 7
BlockedSessions: 0
DeadlocksPerMin: 0
AvgQueryDurationMs: 8.54480000
AvgLogicalReads: 232.800000
TempdbUsedMb: 8.0000000
SignalWaitTimeMs: 256298590
PageLifeExpectancy: 36323
[2026-03-29 10:18:56] Snapshot 110 / 720
Zapisano snapshot:
CaptureTime: 2026-03-29 10:18:57.125289
ServerName: deweloper
InstanceName: MSSQLSERVER
CpuPercent: 0.00
BatchRequestsPerSec: 24719
UserConnections: 9
BlockedSessions: 0
DeadlocksPerMin: 0
AvgQueryDurationMs: 7.76942857
AvgLogicalReads: 179.857142
TempdbUsedMb: 8.0000000
SignalWaitTimeMs: 256421261
PageLifeExpectancy: 36384
[2026-03-29 10:19:57] Snapshot 111 / 720
Zapisano snapshot:
CaptureTime: 2026-03-29 10:19:58.009910
ServerName: deweloper
InstanceName: MSSQLSERVER
CpuPercent: 0.00
BatchRequestsPerSec: 24736
UserConnections: 9
BlockedSessions: 0
DeadlocksPerMin: 0
AvgQueryDurationMs: 8.83420000
AvgLogicalReads: 232.800000
TempdbUsedMb: 8.0000000
SignalWaitTimeMs: 256542323
PageLifeExpectancy: 36445
[2026-03-29 10:20:58] Snapshot 112 / 720
Zapisano snapshot:
CaptureTime: 2026-03-29 10:20:59.590751
ServerName: deweloper
InstanceName: MSSQLSERVER
CpuPercent: 0.00
BatchRequestsPerSec: 24753
UserConnections: 9
BlockedSessions: 0
DeadlocksPerMin: 0
AvgQueryDurationMs: 9.64500000
AvgLogicalReads: 232.800000
TempdbUsedMb: 8.0000000
SignalWaitTimeMs: 256668634
PageLifeExpectancy: 36506
[2026-03-29 10:21:59] Snapshot 113 / 720
Zapisano snapshot:
CaptureTime: 2026-03-29 10:22:00.544019
ServerName: deweloper
InstanceName: MSSQLSERVER
CpuPercent: 0.00
BatchRequestsPerSec: 24920
UserConnections: 8
BlockedSessions: 0
DeadlocksPerMin: 0
AvgQueryDurationMs: 13.03212500
AvgLogicalReads: 158.375000
TempdbUsedMb: 8.0000000
SignalWaitTimeMs: 256786788
PageLifeExpectancy: 36568
[2026-03-29 10:23:00] Snapshot 114 / 720
Zapisano snapshot:
CaptureTime: 2026-03-29 10:23:01.319544
ServerName: deweloper
InstanceName: MSSQLSERVER
CpuPercent: 0.00
BatchRequestsPerSec: 24952
UserConnections: 8
BlockedSessions: 0
DeadlocksPerMin: 0
AvgQueryDurationMs: 8.36663636
AvgLogicalReads: 52.636363
TempdbUsedMb: 8.0000000
SignalWaitTimeMs: 256908675
PageLifeExpectancy: 36628
[2026-03-29 10:24:01] Snapshot 115 / 720
Zapisano snapshot:
CaptureTime: 2026-03-29 10:24:02.073497
ServerName: deweloper
InstanceName: MSSQLSERVER
CpuPercent: 0.00
BatchRequestsPerSec: 24969
UserConnections: 8
BlockedSessions: 0
DeadlocksPerMin: 0
AvgQueryDurationMs: 7.35925000
AvgLogicalReads: 41.416666
TempdbUsedMb: 8.0000000
SignalWaitTimeMs: 257037473
PageLifeExpectancy: 36689
[2026-03-29 10:25:02] Snapshot 116 / 720
Zapisano snapshot:
CaptureTime: 2026-03-29 10:25:02.797180
ServerName: deweloper
InstanceName: MSSQLSERVER
CpuPercent: 0.00
BatchRequestsPerSec: 24986
UserConnections: 7
BlockedSessions: 0
DeadlocksPerMin: 0
AvgQueryDurationMs: 7.19700000
AvgLogicalReads: 37.416666
TempdbUsedMb: 8.0000000
SignalWaitTimeMs: 257149523
PageLifeExpectancy: 36750
[2026-03-29 10:26:02] Snapshot 117 / 720
Zapisano snapshot:
CaptureTime: 2026-03-29 10:26:03.545047
ServerName: deweloper
InstanceName: MSSQLSERVER
CpuPercent: 0.00
BatchRequestsPerSec: 25003
UserConnections: 7
BlockedSessions: 0
DeadlocksPerMin: 0
AvgQueryDurationMs: 7.21625000
AvgLogicalReads: 34.333333
TempdbUsedMb: 8.0000000
SignalWaitTimeMs: 257278860
PageLifeExpectancy: 36810
[2026-03-29 10:27:03] Snapshot 118 / 720
Zapisano snapshot:
CaptureTime: 2026-03-29 10:27:04.321014
ServerName: deweloper
InstanceName: MSSQLSERVER
CpuPercent: 0.00
BatchRequestsPerSec: 25024
UserConnections: 7
BlockedSessions: 0
DeadlocksPerMin: 0
AvgQueryDurationMs: 4.82052941
AvgLogicalReads: 20.117647
TempdbUsedMb: 8.0000000
SignalWaitTimeMs: 257396093
PageLifeExpectancy: 36871
[2026-03-29 10:28:04] Snapshot 119 / 720
Zapisano snapshot:
CaptureTime: 2026-03-29 10:28:05.080090
ServerName: deweloper
InstanceName: MSSQLSERVER
CpuPercent: 0.00
BatchRequestsPerSec: 25041
UserConnections: 7
BlockedSessions: 0
DeadlocksPerMin: 0
AvgQueryDurationMs: 4.75635294
AvgLogicalReads: 19.000000
TempdbUsedMb: 8.0000000
SignalWaitTimeMs: 257525157
PageLifeExpectancy: 36932
[2026-03-29 10:29:05] Snapshot 120 / 720
Zapisano snapshot:
CaptureTime: 2026-03-29 10:29:05.820581
ServerName: deweloper
InstanceName: MSSQLSERVER
CpuPercent: 0.00
BatchRequestsPerSec: 25058
UserConnections: 7
BlockedSessions: 0
DeadlocksPerMin: 0
AvgQueryDurationMs: 4.70723529
AvgLogicalReads: 18.058823
TempdbUsedMb: 8.0000000
SignalWaitTimeMs: 257637076
PageLifeExpectancy: 36993
[2026-03-29 10:30:05] Snapshot 121 / 720
Zapisano snapshot:
CaptureTime: 2026-03-29 10:30:06.530630
ServerName: deweloper
InstanceName: MSSQLSERVER
CpuPercent: 0.00
BatchRequestsPerSec: 25075
UserConnections: 7
BlockedSessions: 0
DeadlocksPerMin: 0
AvgQueryDurationMs: 4.67900000
AvgLogicalReads: 17.352941
TempdbUsedMb: 8.0000000
SignalWaitTimeMs: 257765658
PageLifeExpectancy: 37053
[2026-03-29 10:31:06] Snapshot 122 / 720
Zapisano snapshot:
CaptureTime: 2026-03-29 10:31:07.223183
ServerName: deweloper
InstanceName: MSSQLSERVER
CpuPercent: 0.00
BatchRequestsPerSec: 25092
UserConnections: 7
BlockedSessions: 0
DeadlocksPerMin: 0
AvgQueryDurationMs: 4.64882352
AvgLogicalReads: 16.823529
TempdbUsedMb: 8.0000000
SignalWaitTimeMs: 257877792
PageLifeExpectancy: 37114
[2026-03-29 10:32:07] Snapshot 123 / 720
Zapisano snapshot:
CaptureTime: 2026-03-29 10:32:07.970799
ServerName: deweloper
InstanceName: MSSQLSERVER
CpuPercent: 0.00
BatchRequestsPerSec: 25113
UserConnections: 7
BlockedSessions: 0
DeadlocksPerMin: 0
AvgQueryDurationMs: 4.28994117
AvgLogicalReads: 15.411764
TempdbUsedMb: 8.0000000
SignalWaitTimeMs: 258006629
PageLifeExpectancy: 37175
[2026-03-29 10:33:08] Snapshot 124 / 720
Zapisano snapshot:
CaptureTime: 2026-03-29 10:33:09.261600
ServerName: deweloper
InstanceName: MSSQLSERVER
CpuPercent: 0.00
BatchRequestsPerSec: 25130
UserConnections: 7
BlockedSessions: 0
DeadlocksPerMin: 0
AvgQueryDurationMs: 4.27235294
AvgLogicalReads: 15.000000
TempdbUsedMb: 8.0000000
SignalWaitTimeMs: 258135547
PageLifeExpectancy: 37236
[2026-03-29 10:34:09] Snapshot 125 / 720
Zapisano snapshot:
CaptureTime: 2026-03-29 10:34:10.284395
ServerName: deweloper
InstanceName: MSSQLSERVER
CpuPercent: 0.00
BatchRequestsPerSec: 25147
UserConnections: 7
BlockedSessions: 0
DeadlocksPerMin: 0
AvgQueryDurationMs: 4.28311764
AvgLogicalReads: 14.588235
TempdbUsedMb: 8.0000000
SignalWaitTimeMs: 258264967
PageLifeExpectancy: 37297
[2026-03-29 10:35:10] Snapshot 126 / 720
Zapisano snapshot:
CaptureTime: 2026-03-29 10:35:10.977383
ServerName: deweloper
InstanceName: MSSQLSERVER
CpuPercent: 0.00
BatchRequestsPerSec: 25164
UserConnections: 7
BlockedSessions: 0
DeadlocksPerMin: 0
AvgQueryDurationMs: 4.27005882
AvgLogicalReads: 14.294117
TempdbUsedMb: 8.0000000
SignalWaitTimeMs: 258385733
PageLifeExpectancy: 37357
[2026-03-29 10:36:11] Snapshot 127 / 720
Zapisano snapshot:
CaptureTime: 2026-03-29 10:36:11.697519
ServerName: deweloper
InstanceName: MSSQLSERVER
CpuPercent: 0.00
BatchRequestsPerSec: 25181
UserConnections: 7
BlockedSessions: 0
DeadlocksPerMin: 0
AvgQueryDurationMs: 4.25900000
AvgLogicalReads: 14.058823
TempdbUsedMb: 8.0000000
SignalWaitTimeMs: 258506106
PageLifeExpectancy: 37419
[2026-03-29 10:37:11] Snapshot 128 / 720
Zapisano snapshot:
CaptureTime: 2026-03-29 10:37:12.467512
ServerName: deweloper
InstanceName: MSSQLSERVER
CpuPercent: 0.00
BatchRequestsPerSec: 25202
UserConnections: 7
BlockedSessions: 0
DeadlocksPerMin: 0
AvgQueryDurationMs: 3.96123529
AvgLogicalReads: 13.294117
TempdbUsedMb: 8.0000000
SignalWaitTimeMs: 258626426
PageLifeExpectancy: 37480
[2026-03-29 10:38:12] Snapshot 129 / 720
Zapisano snapshot:
CaptureTime: 2026-03-29 10:38:13.215567
ServerName: deweloper
InstanceName: MSSQLSERVER
CpuPercent: 0.00
BatchRequestsPerSec: 25219
UserConnections: 7
BlockedSessions: 0
DeadlocksPerMin: 0
AvgQueryDurationMs: 3.94811764
AvgLogicalReads: 13.058823
TempdbUsedMb: 8.0000000
SignalWaitTimeMs: 258746751
PageLifeExpectancy: 37540
[2026-03-29 10:39:13] Snapshot 130 / 720
Zapisano snapshot:
CaptureTime: 2026-03-29 10:39:13.887756
ServerName: deweloper
InstanceName: MSSQLSERVER
CpuPercent: 0.00
BatchRequestsPerSec: 25236
UserConnections: 7
BlockedSessions: 0
DeadlocksPerMin: 0
AvgQueryDurationMs: 3.93764705
AvgLogicalReads: 12.882352
TempdbUsedMb: 8.0000000
SignalWaitTimeMs: 258867981
PageLifeExpectancy: 37601
[2026-03-29 10:40:13] Snapshot 131 / 720
Zapisano snapshot:
CaptureTime: 2026-03-29 10:40:15.961352
ServerName: deweloper
InstanceName: MSSQLSERVER
CpuPercent: 2.50
BatchRequestsPerSec: 25253
UserConnections: 7
BlockedSessions: 0
DeadlocksPerMin: 0
AvgQueryDurationMs: 3.93335294
AvgLogicalReads: 12.705882
TempdbUsedMb: 8.0000000
SignalWaitTimeMs: 258995407
PageLifeExpectancy: 37662
[2026-03-29 10:41:16] Snapshot 132 / 720
Zapisano snapshot:
CaptureTime: 2026-03-29 10:41:17.495829
ServerName: deweloper
InstanceName: MSSQLSERVER
CpuPercent: 0.00
BatchRequestsPerSec: 25270
UserConnections: 7
BlockedSessions: 0
DeadlocksPerMin: 0
AvgQueryDurationMs: 3.79527777
AvgLogicalReads: 12.222222
TempdbUsedMb: 8.0000000
SignalWaitTimeMs: 259116168
PageLifeExpectancy: 37723
[2026-03-29 10:42:17] Snapshot 133 / 720
Zapisano snapshot:
CaptureTime: 2026-03-29 10:42:18.334343
ServerName: deweloper
InstanceName: MSSQLSERVER
CpuPercent: 0.00
BatchRequestsPerSec: 25291
UserConnections: 7
BlockedSessions: 0
DeadlocksPerMin: 0
AvgQueryDurationMs: 16.58416666
AvgLogicalReads: 206.166666
TempdbUsedMb: 8.0000000
SignalWaitTimeMs: 259237332
PageLifeExpectancy: 37786
[2026-03-29 10:43:18] Snapshot 134 / 720
Zapisano snapshot:
CaptureTime: 2026-03-29 10:43:19.155858
ServerName: deweloper
InstanceName: MSSQLSERVER
CpuPercent: 0.00
BatchRequestsPerSec: 25308
UserConnections: 7
BlockedSessions: 0
DeadlocksPerMin: 0
AvgQueryDurationMs: 6.53320000
AvgLogicalReads: 232.800000
TempdbUsedMb: 8.0000000
SignalWaitTimeMs: 259357720
PageLifeExpectancy: 37846
[2026-03-29 10:44:19] Snapshot 135 / 720
Zapisano snapshot:
CaptureTime: 2026-03-29 10:44:19.983470
ServerName: deweloper
InstanceName: MSSQLSERVER
CpuPercent: 0.00
BatchRequestsPerSec: 25325
UserConnections: 7
BlockedSessions: 0
DeadlocksPerMin: 0
AvgQueryDurationMs: 6.67680000
AvgLogicalReads: 232.800000
TempdbUsedMb: 8.0000000
SignalWaitTimeMs: 259478016
PageLifeExpectancy: 37907
[2026-03-29 10:45:20] Snapshot 136 / 720
Zapisano snapshot:
CaptureTime: 2026-03-29 10:45:20.749415
ServerName: deweloper
InstanceName: MSSQLSERVER
CpuPercent: 0.00
BatchRequestsPerSec: 25342
UserConnections: 7
BlockedSessions: 0
DeadlocksPerMin: 0
AvgQueryDurationMs: 7.33000000
AvgLogicalReads: 232.800000
TempdbUsedMb: 8.0000000
SignalWaitTimeMs: 259598473
PageLifeExpectancy: 37968
[2026-03-29 10:46:20] Snapshot 137 / 720
Zapisano snapshot:
CaptureTime: 2026-03-29 10:46:21.578738
ServerName: deweloper
InstanceName: MSSQLSERVER
CpuPercent: 0.00
BatchRequestsPerSec: 25359
UserConnections: 7
BlockedSessions: 0
DeadlocksPerMin: 0
AvgQueryDurationMs: 7.21600000
AvgLogicalReads: 232.800000
TempdbUsedMb: 8.0000000
SignalWaitTimeMs: 259723895
PageLifeExpectancy: 38028
[2026-03-29 10:47:21] Snapshot 138 / 720
Zapisano snapshot:
CaptureTime: 2026-03-29 10:47:22.332642
ServerName: deweloper
InstanceName: MSSQLSERVER
CpuPercent: 0.00
BatchRequestsPerSec: 25380
UserConnections: 7
BlockedSessions: 0
DeadlocksPerMin: 0
AvgQueryDurationMs: 7.21240000
AvgLogicalReads: 232.800000
TempdbUsedMb: 8.0000000
SignalWaitTimeMs: 259844229
PageLifeExpectancy: 38089
[2026-03-29 10:48:22] Snapshot 139 / 720
Zapisano snapshot:
CaptureTime: 2026-03-29 10:48:23.423318
ServerName: deweloper
InstanceName: MSSQLSERVER
CpuPercent: 0.00
BatchRequestsPerSec: 25397
UserConnections: 7
BlockedSessions: 0
DeadlocksPerMin: 0
AvgQueryDurationMs: 12.33720000
AvgLogicalReads: 232.800000
TempdbUsedMb: 8.0000000
SignalWaitTimeMs: 259978439
PageLifeExpectancy: 38151
[2026-03-29 10:49:23] Snapshot 140 / 720
Zapisano snapshot:
CaptureTime: 2026-03-29 10:49:24.330317
ServerName: deweloper
InstanceName: MSSQLSERVER
CpuPercent: 0.00
BatchRequestsPerSec: 25414
UserConnections: 7
BlockedSessions: 0
DeadlocksPerMin: 0
AvgQueryDurationMs: 7.79460000
AvgLogicalReads: 232.800000
TempdbUsedMb: 8.0000000
SignalWaitTimeMs: 260098918
PageLifeExpectancy: 38211
[2026-03-29 10:50:24] Snapshot 141 / 720
Zapisano snapshot:
CaptureTime: 2026-03-29 10:50:25.179646
ServerName: deweloper
InstanceName: MSSQLSERVER
CpuPercent: 0.00
BatchRequestsPerSec: 25431
UserConnections: 7
BlockedSessions: 0
DeadlocksPerMin: 0
AvgQueryDurationMs: 6.98360000
AvgLogicalReads: 232.800000
TempdbUsedMb: 8.0000000
SignalWaitTimeMs: 260220341
PageLifeExpectancy: 38272
[2026-03-29 10:51:25] Snapshot 142 / 720
Zapisano snapshot:
CaptureTime: 2026-03-29 10:51:25.944654
ServerName: deweloper
InstanceName: MSSQLSERVER
CpuPercent: 0.00
BatchRequestsPerSec: 25448
UserConnections: 7
BlockedSessions: 0
DeadlocksPerMin: 0
AvgQueryDurationMs: 7.05180000
AvgLogicalReads: 232.800000
TempdbUsedMb: 8.0000000
SignalWaitTimeMs: 260341690
PageLifeExpectancy: 38333
[2026-03-29 10:52:26] Snapshot 143 / 720
Zapisano snapshot:
CaptureTime: 2026-03-29 10:52:26.655322
ServerName: deweloper
InstanceName: MSSQLSERVER
CpuPercent: 0.00
BatchRequestsPerSec: 25469
UserConnections: 7
BlockedSessions: 0
DeadlocksPerMin: 0
AvgQueryDurationMs: 8.52262500
AvgLogicalReads: 87.875000
TempdbUsedMb: 8.0000000
SignalWaitTimeMs: 260461939
PageLifeExpectancy: 38393
[2026-03-29 10:53:26] Snapshot 144 / 720
Zapisano snapshot:
CaptureTime: 2026-03-29 10:53:28.656149
ServerName: deweloper
InstanceName: MSSQLSERVER
CpuPercent: 0.00
BatchRequestsPerSec: 25486
UserConnections: 7
BlockedSessions: 0
DeadlocksPerMin: 0
AvgQueryDurationMs: 113.65900000
AvgLogicalReads: 232.800000
TempdbUsedMb: 8.0000000
SignalWaitTimeMs: 260587964
PageLifeExpectancy: 38455
[2026-03-29 10:54:29] Snapshot 145 / 720
Zapisano snapshot:
CaptureTime: 2026-03-29 10:54:29.848530
ServerName: deweloper
InstanceName: MSSQLSERVER
CpuPercent: 0.00
BatchRequestsPerSec: 25503
UserConnections: 7
BlockedSessions: 0
DeadlocksPerMin: 0
AvgQueryDurationMs: 7.99960000
AvgLogicalReads: 232.800000
TempdbUsedMb: 8.0000000
SignalWaitTimeMs: 260708467
PageLifeExpectancy: 38517
[2026-03-29 10:55:29] Snapshot 146 / 720
Zapisano snapshot:
CaptureTime: 2026-03-29 10:55:30.678477
ServerName: deweloper
InstanceName: MSSQLSERVER
CpuPercent: 0.00
BatchRequestsPerSec: 25520
UserConnections: 7
BlockedSessions: 0
DeadlocksPerMin: 0
AvgQueryDurationMs: 6.85860000
AvgLogicalReads: 232.800000
TempdbUsedMb: 8.0000000
SignalWaitTimeMs: 260829109
PageLifeExpectancy: 38578
[2026-03-29 10:56:30] Snapshot 147 / 720
Zapisano snapshot:
CaptureTime: 2026-03-29 10:56:31.481861
ServerName: deweloper
InstanceName: MSSQLSERVER
CpuPercent: 0.00
BatchRequestsPerSec: 25537
UserConnections: 7
BlockedSessions: 0
DeadlocksPerMin: 0
AvgQueryDurationMs: 7.30760000
AvgLogicalReads: 232.800000
TempdbUsedMb: 8.0000000
SignalWaitTimeMs: 260949791
PageLifeExpectancy: 38638
[2026-03-29 10:57:31] Snapshot 148 / 720
Zapisano snapshot:
CaptureTime: 2026-03-29 10:57:32.355586
ServerName: deweloper
InstanceName: MSSQLSERVER
CpuPercent: 0.00
BatchRequestsPerSec: 25558
UserConnections: 7
BlockedSessions: 0
DeadlocksPerMin: 0
AvgQueryDurationMs: 7.41120000
AvgLogicalReads: 232.800000
TempdbUsedMb: 8.0000000
SignalWaitTimeMs: 261078898
PageLifeExpectancy: 38700
[2026-03-29 10:58:32] Snapshot 149 / 720
Zapisano snapshot:
CaptureTime: 2026-03-29 10:58:33.226757
ServerName: deweloper
InstanceName: MSSQLSERVER
CpuPercent: 0.00
BatchRequestsPerSec: 25575
UserConnections: 7
BlockedSessions: 0
DeadlocksPerMin: 0
AvgQueryDurationMs: 9.45520000
AvgLogicalReads: 232.800000
TempdbUsedMb: 8.0000000
SignalWaitTimeMs: 261202376
PageLifeExpectancy: 38760
[2026-03-29 10:59:33] Snapshot 150 / 720
Zapisano snapshot:
CaptureTime: 2026-03-29 10:59:34.225763
ServerName: deweloper
InstanceName: MSSQLSERVER
CpuPercent: 0.00
BatchRequestsPerSec: 25592
UserConnections: 7
BlockedSessions: 0
DeadlocksPerMin: 0
AvgQueryDurationMs: 7.14960000
AvgLogicalReads: 232.800000
TempdbUsedMb: 8.0000000
SignalWaitTimeMs: 261324317
PageLifeExpectancy: 38821
[2026-03-29 11:00:34] Snapshot 151 / 720
Zapisano snapshot:
CaptureTime: 2026-03-29 11:00:35.067458
ServerName: deweloper
InstanceName: MSSQLSERVER
CpuPercent: 0.00
BatchRequestsPerSec: 25609
UserConnections: 7
BlockedSessions: 0
DeadlocksPerMin: 0
AvgQueryDurationMs: 8.04380000
AvgLogicalReads: 232.800000
TempdbUsedMb: 8.0000000
SignalWaitTimeMs: 261446784
PageLifeExpectancy: 38882
[2026-03-29 11:01:35] Snapshot 152 / 720
Zapisano snapshot:
CaptureTime: 2026-03-29 11:01:36.061221
ServerName: deweloper
InstanceName: MSSQLSERVER
CpuPercent: 0.00
BatchRequestsPerSec: 25626
UserConnections: 6
BlockedSessions: 0
DeadlocksPerMin: 0
AvgQueryDurationMs: 15.72160000
AvgLogicalReads: 232.800000
TempdbUsedMb: 8.0000000
SignalWaitTimeMs: 261569270
PageLifeExpectancy: 38943
[2026-03-29 11:02:36] Snapshot 153 / 720
Zapisano snapshot:
CaptureTime: 2026-03-29 11:02:36.993581
ServerName: deweloper
InstanceName: MSSQLSERVER
CpuPercent: 0.00
BatchRequestsPerSec: 25647
UserConnections: 6
BlockedSessions: 0
DeadlocksPerMin: 0
AvgQueryDurationMs: 6.61060000
AvgLogicalReads: 232.800000
TempdbUsedMb: 8.0000000
SignalWaitTimeMs: 261692468
PageLifeExpectancy: 39003
[2026-03-29 11:03:37] Snapshot 154 / 720
Zapisano snapshot:
CaptureTime: 2026-03-29 11:03:37.814725
ServerName: deweloper
InstanceName: MSSQLSERVER
CpuPercent: 0.00
BatchRequestsPerSec: 25664
UserConnections: 6
BlockedSessions: 0
DeadlocksPerMin: 0
AvgQueryDurationMs: 6.23220000
AvgLogicalReads: 232.800000
TempdbUsedMb: 8.0000000
SignalWaitTimeMs: 261815819
PageLifeExpectancy: 39064
[2026-03-29 11:04:37] Snapshot 155 / 720
Zapisano snapshot:
CaptureTime: 2026-03-29 11:04:38.672271
ServerName: deweloper
InstanceName: MSSQLSERVER
CpuPercent: 2.50
BatchRequestsPerSec: 25681
UserConnections: 6
BlockedSessions: 0
DeadlocksPerMin: 0
AvgQueryDurationMs: 8.13360000
AvgLogicalReads: 232.800000
TempdbUsedMb: 8.0000000
SignalWaitTimeMs: 261943788
PageLifeExpectancy: 39126
[2026-03-29 11:05:38] Snapshot 156 / 720
Zapisano snapshot:
CaptureTime: 2026-03-29 11:05:39.900650
ServerName: deweloper
InstanceName: MSSQLSERVER
CpuPercent: 0.00
BatchRequestsPerSec: 27344
UserConnections: 8
BlockedSessions: 0
DeadlocksPerMin: 0
AvgQueryDurationMs: 97.23544736
AvgLogicalReads: 795.210526
TempdbUsedMb: 8.0000000
SignalWaitTimeMs: 262068127
PageLifeExpectancy: 39187
[2026-03-29 11:06:40] Snapshot 157 / 720
Zapisano snapshot:
CaptureTime: 2026-03-29 11:06:41.044148
ServerName: deweloper
InstanceName: MSSQLSERVER
CpuPercent: 0.00
BatchRequestsPerSec: 27362
UserConnections: 8
BlockedSessions: 0
DeadlocksPerMin: 0
AvgQueryDurationMs: 12.37333333
AvgLogicalReads: 195.833333
TempdbUsedMb: 8.0000000
SignalWaitTimeMs: 262189669
PageLifeExpectancy: 39248
[2026-03-29 11:07:41] Snapshot 158 / 720
Zapisano snapshot:
CaptureTime: 2026-03-29 11:07:41.846374
ServerName: deweloper
InstanceName: MSSQLSERVER
CpuPercent: 0.00
BatchRequestsPerSec: 27383
UserConnections: 8
BlockedSessions: 0
DeadlocksPerMin: 0
AvgQueryDurationMs: 11.91400000
AvgLogicalReads: 232.800000
TempdbUsedMb: 8.0000000
SignalWaitTimeMs: 262310313
PageLifeExpectancy: 39308
[2026-03-29 11:08:41] Snapshot 159 / 720
Zapisano snapshot:
CaptureTime: 2026-03-29 11:08:42.620644
ServerName: deweloper
InstanceName: MSSQLSERVER
CpuPercent: 0.00
BatchRequestsPerSec: 27400
UserConnections: 8
BlockedSessions: 0
DeadlocksPerMin: 0
AvgQueryDurationMs: 7.54280000
AvgLogicalReads: 232.800000
TempdbUsedMb: 8.0000000
SignalWaitTimeMs: 262430894
PageLifeExpectancy: 39369
[2026-03-29 11:09:42] Snapshot 160 / 720
Zapisano snapshot:
CaptureTime: 2026-03-29 11:09:43.385044
ServerName: deweloper
InstanceName: MSSQLSERVER
CpuPercent: 0.00
BatchRequestsPerSec: 27417
UserConnections: 8
BlockedSessions: 0
DeadlocksPerMin: 0
AvgQueryDurationMs: 6.09160000
AvgLogicalReads: 232.800000
TempdbUsedMb: 8.0000000
SignalWaitTimeMs: 262551206
PageLifeExpectancy: 39431
[2026-03-29 11:10:43] Snapshot 161 / 720
Zapisano snapshot:
CaptureTime: 2026-03-29 11:10:44.155234
ServerName: deweloper
InstanceName: MSSQLSERVER
CpuPercent: 0.00
BatchRequestsPerSec: 27434
UserConnections: 8
BlockedSessions: 0
DeadlocksPerMin: 0
AvgQueryDurationMs: 6.67920000
AvgLogicalReads: 232.800000
TempdbUsedMb: 8.0000000
SignalWaitTimeMs: 262676701
PageLifeExpectancy: 39491
[2026-03-29 11:11:44] Snapshot 162 / 720
Zapisano snapshot:
CaptureTime: 2026-03-29 11:11:45.018354
ServerName: deweloper
InstanceName: MSSQLSERVER
CpuPercent: 0.00
BatchRequestsPerSec: 27451
UserConnections: 7
BlockedSessions: 0
DeadlocksPerMin: 0
AvgQueryDurationMs: 10.85520000
AvgLogicalReads: 232.800000
TempdbUsedMb: 8.0000000
SignalWaitTimeMs: 262797141
PageLifeExpectancy: 39552
[2026-03-29 11:12:45] Snapshot 163 / 720
Zapisano snapshot:
CaptureTime: 2026-03-29 11:12:45.799273
ServerName: deweloper
InstanceName: MSSQLSERVER
CpuPercent: 0.00
BatchRequestsPerSec: 27472
UserConnections: 8
BlockedSessions: 0
DeadlocksPerMin: 0
AvgQueryDurationMs: 7.86160000
AvgLogicalReads: 232.800000
TempdbUsedMb: 8.0000000
SignalWaitTimeMs: 262917573
PageLifeExpectancy: 39613
[2026-03-29 11:13:45] Snapshot 164 / 720
Zapisano snapshot:
CaptureTime: 2026-03-29 11:13:46.575345
ServerName: deweloper
InstanceName: MSSQLSERVER
CpuPercent: 0.00
BatchRequestsPerSec: 27489
UserConnections: 8
BlockedSessions: 0
DeadlocksPerMin: 0
AvgQueryDurationMs: 8.64680000
AvgLogicalReads: 232.800000
TempdbUsedMb: 8.0000000
SignalWaitTimeMs: 263060330
PageLifeExpectancy: 39673
[2026-03-29 11:14:46] Snapshot 165 / 720
Zapisano snapshot:
CaptureTime: 2026-03-29 11:14:47.354351
ServerName: deweloper
InstanceName: MSSQLSERVER
CpuPercent: 0.00
BatchRequestsPerSec: 27506
UserConnections: 8
BlockedSessions: 0
DeadlocksPerMin: 0
AvgQueryDurationMs: 0.64700000
AvgLogicalReads: 242.800000
TempdbUsedMb: 8.0000000
SignalWaitTimeMs: 263163206
PageLifeExpectancy: 39734
[2026-03-29 11:15:47] Snapshot 166 / 720
Zapisano snapshot:
CaptureTime: 2026-03-29 11:15:48.258152
ServerName: deweloper
InstanceName: MSSQLSERVER
CpuPercent: 0.00
BatchRequestsPerSec: 27523
UserConnections: 8
BlockedSessions: 0
DeadlocksPerMin: 0
AvgQueryDurationMs: 6.32720000
AvgLogicalReads: 232.800000
TempdbUsedMb: 8.0000000
SignalWaitTimeMs: 263306269
PageLifeExpectancy: 39795
[2026-03-29 11:16:48] Snapshot 167 / 720
Zapisano snapshot:
CaptureTime: 2026-03-29 11:16:49.046313
ServerName: deweloper
InstanceName: MSSQLSERVER
CpuPercent: 0.00
BatchRequestsPerSec: 27546
UserConnections: 8
BlockedSessions: 0
DeadlocksPerMin: 0
AvgQueryDurationMs: 11.24862500
AvgLogicalReads: 289.625000
TempdbUsedMb: 8.0000000
SignalWaitTimeMs: 263404601
PageLifeExpectancy: 39856
[2026-03-29 11:17:49] Snapshot 168 / 720
Zapisano snapshot:
CaptureTime: 2026-03-29 11:17:49.807406
ServerName: deweloper
InstanceName: MSSQLSERVER
CpuPercent: 0.00
BatchRequestsPerSec: 27563
UserConnections: 8
BlockedSessions: 0
DeadlocksPerMin: 0
AvgQueryDurationMs: 0.68540000
AvgLogicalReads: 246.200000
TempdbUsedMb: 8.0000000
SignalWaitTimeMs: 263557796
PageLifeExpectancy: 39917
[2026-03-29 11:18:49] Snapshot 169 / 720
Zapisano snapshot:
CaptureTime: 2026-03-29 11:18:50.549364
ServerName: deweloper
InstanceName: MSSQLSERVER
CpuPercent: 0.00
BatchRequestsPerSec: 27580
UserConnections: 8
BlockedSessions: 0
DeadlocksPerMin: 0
AvgQueryDurationMs: 0.96442857
AvgLogicalReads: 96.857142
TempdbUsedMb: 8.0000000
SignalWaitTimeMs: 263657348
PageLifeExpectancy: 39977
[2026-03-29 11:19:50] Snapshot 170 / 720
Zapisano snapshot:
CaptureTime: 2026-03-29 11:19:51.417851
ServerName: deweloper
InstanceName: MSSQLSERVER
CpuPercent: 0.00
BatchRequestsPerSec: 27597
UserConnections: 8
BlockedSessions: 0
DeadlocksPerMin: 0
AvgQueryDurationMs: 9.08720000
AvgLogicalReads: 232.800000
TempdbUsedMb: 8.0000000
SignalWaitTimeMs: 263800849
PageLifeExpectancy: 40038
[2026-03-29 11:20:51] Snapshot 171 / 720
Zapisano snapshot:
CaptureTime: 2026-03-29 11:20:52.268890
ServerName: deweloper
InstanceName: MSSQLSERVER
CpuPercent: 0.00
BatchRequestsPerSec: 27614
UserConnections: 8
BlockedSessions: 0
DeadlocksPerMin: 0
AvgQueryDurationMs: 10.76120000
AvgLogicalReads: 232.800000
TempdbUsedMb: 8.0000000
SignalWaitTimeMs: 263899400
PageLifeExpectancy: 40099
[2026-03-29 11:21:52] Snapshot 172 / 720
Zapisano snapshot:
CaptureTime: 2026-03-29 11:21:52.968043
ServerName: deweloper
InstanceName: MSSQLSERVER
CpuPercent: 0.00
BatchRequestsPerSec: 27635
UserConnections: 8
BlockedSessions: 0
DeadlocksPerMin: 0
AvgQueryDurationMs: 18.98162500
AvgLogicalReads: 158.375000
TempdbUsedMb: 8.0000000
SignalWaitTimeMs: 264043735
PageLifeExpectancy: 40160
[2026-03-29 11:22:53] Snapshot 173 / 720
Zapisano snapshot:
CaptureTime: 2026-03-29 11:22:53.606804
ServerName: deweloper
InstanceName: MSSQLSERVER
CpuPercent: 0.00
BatchRequestsPerSec: 27652
UserConnections: 8
BlockedSessions: 0
DeadlocksPerMin: 0
AvgQueryDurationMs: 6.28840000
AvgLogicalReads: 232.800000
TempdbUsedMb: 8.0000000
SignalWaitTimeMs: 264168354
PageLifeExpectancy: 40220
[2026-03-29 11:23:53] Snapshot 174 / 720
Zapisano snapshot:
CaptureTime: 2026-03-29 11:23:54.226053
ServerName: deweloper
InstanceName: MSSQLSERVER
CpuPercent: 0.00
BatchRequestsPerSec: 27669
UserConnections: 8
BlockedSessions: 0
DeadlocksPerMin: 0
AvgQueryDurationMs: 5.87780000
AvgLogicalReads: 232.800000
TempdbUsedMb: 8.0000000
SignalWaitTimeMs: 264289490
PageLifeExpectancy: 40281
[2026-03-29 11:24:54] Snapshot 175 / 720
Zapisano snapshot:
CaptureTime: 2026-03-29 11:24:54.904524
ServerName: deweloper
InstanceName: MSSQLSERVER
CpuPercent: 0.00
BatchRequestsPerSec: 27686
UserConnections: 8
BlockedSessions: 0
DeadlocksPerMin: 0
AvgQueryDurationMs: 6.17240000
AvgLogicalReads: 232.800000
TempdbUsedMb: 8.0000000
SignalWaitTimeMs: 264412610
PageLifeExpectancy: 40342
[2026-03-29 11:25:54] Snapshot 176 / 720
Zapisano snapshot:
CaptureTime: 2026-03-29 11:25:55.520842
ServerName: deweloper
InstanceName: MSSQLSERVER
CpuPercent: 0.00
BatchRequestsPerSec: 27703
UserConnections: 8
BlockedSessions: 0
DeadlocksPerMin: 0
AvgQueryDurationMs: 5.65100000
AvgLogicalReads: 232.800000
TempdbUsedMb: 8.0000000
SignalWaitTimeMs: 264533308
PageLifeExpectancy: 40402
[2026-03-29 11:26:55] Snapshot 177 / 720
Zapisano snapshot:
CaptureTime: 2026-03-29 11:26:56.138426
ServerName: deweloper
InstanceName: MSSQLSERVER
CpuPercent: 0.00
BatchRequestsPerSec: 27724
UserConnections: 8
BlockedSessions: 0
DeadlocksPerMin: 0
AvgQueryDurationMs: 10.44700000
AvgLogicalReads: 232.500000
TempdbUsedMb: 8.0000000
SignalWaitTimeMs: 264658754
PageLifeExpectancy: 40463
[2026-03-29 11:27:56] Snapshot 178 / 720
Zapisano snapshot:
CaptureTime: 2026-03-29 11:27:58.098716
ServerName: deweloper
InstanceName: MSSQLSERVER
CpuPercent: 0.00
BatchRequestsPerSec: 27741
UserConnections: 8
BlockedSessions: 0
DeadlocksPerMin: 0
AvgQueryDurationMs: 25.50420000
AvgLogicalReads: 232.800000
TempdbUsedMb: 8.0000000
SignalWaitTimeMs: 264780347
PageLifeExpectancy: 40524
[2026-03-29 11:28:58] Snapshot 179 / 720
Zapisano snapshot:
CaptureTime: 2026-03-29 11:28:59.219009
ServerName: deweloper
InstanceName: MSSQLSERVER
CpuPercent: 0.00
BatchRequestsPerSec: 27758
UserConnections: 8
BlockedSessions: 0
DeadlocksPerMin: 0
AvgQueryDurationMs: 5.96860000
AvgLogicalReads: 232.800000
TempdbUsedMb: 8.0000000
SignalWaitTimeMs: 264901704
PageLifeExpectancy: 40586
[2026-03-29 11:29:59] Snapshot 180 / 720
Zapisano snapshot:
CaptureTime: 2026-03-29 11:30:00.917262
ServerName: deweloper
InstanceName: MSSQLSERVER
CpuPercent: 0.00
BatchRequestsPerSec: 27775
UserConnections: 8
BlockedSessions: 0
DeadlocksPerMin: 0
AvgQueryDurationMs: 0.69140000
AvgLogicalReads: 242.800000
TempdbUsedMb: 8.0000000
SignalWaitTimeMs: 265030657
PageLifeExpectancy: 40647
[2026-03-29 11:31:00] Snapshot 181 / 720
Zapisano snapshot:
CaptureTime: 2026-03-29 11:31:01.590327
ServerName: deweloper
InstanceName: MSSQLSERVER
CpuPercent: 0.00
BatchRequestsPerSec: 27792
UserConnections: 8
BlockedSessions: 0
DeadlocksPerMin: 0
AvgQueryDurationMs: 6.11820000
AvgLogicalReads: 232.800000
TempdbUsedMb: 8.0000000
SignalWaitTimeMs: 265145266
PageLifeExpectancy: 40708
[2026-03-29 11:32:01] Snapshot 182 / 720
Zapisano snapshot:
CaptureTime: 2026-03-29 11:32:03.925669
ServerName: deweloper
InstanceName: MSSQLSERVER
CpuPercent: 0.00
BatchRequestsPerSec: 27813
UserConnections: 8
BlockedSessions: 0
DeadlocksPerMin: 0
AvgQueryDurationMs: 11.81160000
AvgLogicalReads: 232.800000
TempdbUsedMb: 8.0000000
SignalWaitTimeMs: 265279274
PageLifeExpectancy: 40771
[2026-03-29 11:33:04] Snapshot 183 / 720
Zapisano snapshot:
CaptureTime: 2026-03-29 11:33:05.911770
ServerName: deweloper
InstanceName: MSSQLSERVER
CpuPercent: 0.00
BatchRequestsPerSec: 27830
UserConnections: 8
BlockedSessions: 0
DeadlocksPerMin: 0
AvgQueryDurationMs: 8.95940000
AvgLogicalReads: 232.800000
TempdbUsedMb: 8.0000000
SignalWaitTimeMs: 265394202
PageLifeExpectancy: 40833
[2026-03-29 11:34:06] Snapshot 184 / 720
Zapisano snapshot:
CaptureTime: 2026-03-29 11:34:06.562690
ServerName: deweloper
InstanceName: MSSQLSERVER
CpuPercent: 0.00
BatchRequestsPerSec: 27847
UserConnections: 8
BlockedSessions: 0
DeadlocksPerMin: 0
AvgQueryDurationMs: 6.27420000
AvgLogicalReads: 232.800000
TempdbUsedMb: 8.0000000
SignalWaitTimeMs: 265521981
PageLifeExpectancy: 40894
[2026-03-29 11:35:06] Snapshot 185 / 720
Zapisano snapshot:
CaptureTime: 2026-03-29 11:35:07.317909
ServerName: deweloper
InstanceName: MSSQLSERVER
CpuPercent: 0.00
BatchRequestsPerSec: 27864
UserConnections: 8
BlockedSessions: 0
DeadlocksPerMin: 0
AvgQueryDurationMs: 5.80360000
AvgLogicalReads: 232.800000
TempdbUsedMb: 8.0000000
SignalWaitTimeMs: 265635058
PageLifeExpectancy: 40954
[2026-03-29 11:36:07] Snapshot 186 / 720
Zapisano snapshot:
CaptureTime: 2026-03-29 11:36:09.919261
ServerName: deweloper
InstanceName: MSSQLSERVER
CpuPercent: 0.00
BatchRequestsPerSec: 27881
UserConnections: 8
BlockedSessions: 0
DeadlocksPerMin: 0
AvgQueryDurationMs: 22.86880000
AvgLogicalReads: 232.800000
TempdbUsedMb: 8.0000000
SignalWaitTimeMs: 265778674
PageLifeExpectancy: 41017
[2026-03-29 11:37:10] Snapshot 187 / 720
Zapisano snapshot:
CaptureTime: 2026-03-29 11:37:11.065776
ServerName: deweloper
InstanceName: MSSQLSERVER
CpuPercent: 0.00
BatchRequestsPerSec: 27902
UserConnections: 8
BlockedSessions: 0
DeadlocksPerMin: 0
AvgQueryDurationMs: 13.34816666
AvgLogicalReads: 232.500000
TempdbUsedMb: 8.0000000
SignalWaitTimeMs: 265907558
PageLifeExpectancy: 41078
[2026-03-29 11:38:11] Snapshot 188 / 720
Zapisano snapshot:
CaptureTime: 2026-03-29 11:38:11.692810
ServerName: deweloper
InstanceName: MSSQLSERVER
CpuPercent: 0.00
BatchRequestsPerSec: 27919
UserConnections: 8
BlockedSessions: 0
DeadlocksPerMin: 0
AvgQueryDurationMs: 6.25220000
AvgLogicalReads: 232.800000
TempdbUsedMb: 8.0000000
SignalWaitTimeMs: 266029622
PageLifeExpectancy: 41139
[2026-03-29 11:39:11] Snapshot 189 / 720
Zapisano snapshot:
CaptureTime: 2026-03-29 11:39:13.259221
ServerName: deweloper
InstanceName: MSSQLSERVER
CpuPercent: 0.00
BatchRequestsPerSec: 27936
UserConnections: 8
BlockedSessions: 0
DeadlocksPerMin: 0
AvgQueryDurationMs: 9.11840000
AvgLogicalReads: 232.800000
TempdbUsedMb: 8.0000000
SignalWaitTimeMs: 266150127
PageLifeExpectancy: 41200
[2026-03-29 11:40:13] Snapshot 190 / 720
Zapisano snapshot:
CaptureTime: 2026-03-29 11:40:15.062776
ServerName: deweloper
InstanceName: MSSQLSERVER
CpuPercent: 0.00
BatchRequestsPerSec: 27953
UserConnections: 8
BlockedSessions: 0
DeadlocksPerMin: 0
AvgQueryDurationMs: 6.47780000
AvgLogicalReads: 232.800000
TempdbUsedMb: 8.0000000
SignalWaitTimeMs: 266277370
PageLifeExpectancy: 41262
[2026-03-29 11:41:15] Snapshot 191 / 720
Zapisano snapshot:
CaptureTime: 2026-03-29 11:41:15.688558
ServerName: deweloper
InstanceName: MSSQLSERVER
CpuPercent: 0.00
BatchRequestsPerSec: 27970
UserConnections: 7
BlockedSessions: 0
DeadlocksPerMin: 0
AvgQueryDurationMs: 6.38160000
AvgLogicalReads: 232.800000
TempdbUsedMb: 8.0000000
SignalWaitTimeMs: 266397693
PageLifeExpectancy: 41323
[2026-03-29 11:42:15] Snapshot 192 / 720
Zapisano snapshot:
CaptureTime: 2026-03-29 11:42:16.332728
ServerName: deweloper
InstanceName: MSSQLSERVER
CpuPercent: 0.00
BatchRequestsPerSec: 27991
UserConnections: 8
BlockedSessions: 0
DeadlocksPerMin: 0
AvgQueryDurationMs: 6.43720000
AvgLogicalReads: 232.800000
TempdbUsedMb: 8.0000000
SignalWaitTimeMs: 266518105
PageLifeExpectancy: 41383
[2026-03-29 11:43:16] Snapshot 193 / 720
Zapisano snapshot:
CaptureTime: 2026-03-29 11:43:16.963577
ServerName: deweloper
InstanceName: MSSQLSERVER
CpuPercent: 0.00
BatchRequestsPerSec: 28008
UserConnections: 8
BlockedSessions: 0
DeadlocksPerMin: 0
AvgQueryDurationMs: 6.00020000
AvgLogicalReads: 232.800000
TempdbUsedMb: 8.0000000
SignalWaitTimeMs: 266638808
PageLifeExpectancy: 41444
[2026-03-29 11:44:17] Snapshot 194 / 720
Zapisano snapshot:
CaptureTime: 2026-03-29 11:44:17.528655
ServerName: deweloper
InstanceName: MSSQLSERVER
CpuPercent: 0.00
BatchRequestsPerSec: 28025
UserConnections: 8
BlockedSessions: 0
DeadlocksPerMin: 0
AvgQueryDurationMs: 2.67785714
AvgLogicalReads: 89.714285
TempdbUsedMb: 8.0000000
SignalWaitTimeMs: 266762907
PageLifeExpectancy: 41505
[2026-03-29 11:45:17] Snapshot 195 / 720
Zapisano snapshot:
CaptureTime: 2026-03-29 11:45:18.159093
ServerName: deweloper
InstanceName: MSSQLSERVER
CpuPercent: 0.00
BatchRequestsPerSec: 28042
UserConnections: 8
BlockedSessions: 0
DeadlocksPerMin: 0
AvgQueryDurationMs: 6.23320000
AvgLogicalReads: 232.800000
TempdbUsedMb: 8.0000000
SignalWaitTimeMs: 266884262
PageLifeExpectancy: 41565
[2026-03-29 11:46:18] Snapshot 196 / 720
Zapisano snapshot:
CaptureTime: 2026-03-29 11:46:18.975832
ServerName: deweloper
InstanceName: MSSQLSERVER
CpuPercent: 0.00
BatchRequestsPerSec: 28059
UserConnections: 7
BlockedSessions: 0
DeadlocksPerMin: 0
AvgQueryDurationMs: 6.10020000
AvgLogicalReads: 232.800000
TempdbUsedMb: 8.0000000
SignalWaitTimeMs: 267004658
PageLifeExpectancy: 41625
[2026-03-29 11:47:19] Snapshot 197 / 720
Zapisano snapshot:
CaptureTime: 2026-03-29 11:47:19.542872
ServerName: deweloper
InstanceName: MSSQLSERVER
CpuPercent: 0.00
BatchRequestsPerSec: 28080
UserConnections: 8
BlockedSessions: 0
DeadlocksPerMin: 0
AvgQueryDurationMs: 7.85562500
AvgLogicalReads: 87.875000
TempdbUsedMb: 8.0000000
SignalWaitTimeMs: 267130001
PageLifeExpectancy: 41686
[2026-03-29 11:48:19] Snapshot 198 / 720
Zapisano snapshot:
CaptureTime: 2026-03-29 11:48:21.582905
ServerName: deweloper
InstanceName: MSSQLSERVER
CpuPercent: 0.00
BatchRequestsPerSec: 28097
UserConnections: 8
BlockedSessions: 0
DeadlocksPerMin: 0
AvgQueryDurationMs: 31.30080000
AvgLogicalReads: 232.800000
TempdbUsedMb: 8.0000000
SignalWaitTimeMs: 267256755
PageLifeExpectancy: 41749
[2026-03-29 11:49:21] Snapshot 199 / 720
Zapisano snapshot:
CaptureTime: 2026-03-29 11:49:23.032136
ServerName: deweloper
InstanceName: MSSQLSERVER
CpuPercent: 0.00
BatchRequestsPerSec: 28114
UserConnections: 8
BlockedSessions: 0
DeadlocksPerMin: 0
AvgQueryDurationMs: 6.71860000
AvgLogicalReads: 232.800000
TempdbUsedMb: 8.0000000
SignalWaitTimeMs: 267377400
PageLifeExpectancy: 41810
[2026-03-29 11:50:23] Snapshot 200 / 720
Zapisano snapshot:
CaptureTime: 2026-03-29 11:50:23.657212
ServerName: deweloper
InstanceName: MSSQLSERVER
CpuPercent: 0.00
BatchRequestsPerSec: 28131
UserConnections: 8
BlockedSessions: 0
DeadlocksPerMin: 0
AvgQueryDurationMs: 6.04500000
AvgLogicalReads: 232.800000
TempdbUsedMb: 8.0000000
SignalWaitTimeMs: 267498163
PageLifeExpectancy: 41870
[2026-03-29 11:51:23] Snapshot 201 / 720
Zapisano snapshot:
CaptureTime: 2026-03-29 11:51:24.292159
ServerName: deweloper
InstanceName: MSSQLSERVER
CpuPercent: 0.00
BatchRequestsPerSec: 28148
UserConnections: 8
BlockedSessions: 0
DeadlocksPerMin: 0
AvgQueryDurationMs: 6.07620000
AvgLogicalReads: 232.800000
TempdbUsedMb: 8.0000000
SignalWaitTimeMs: 267633183
PageLifeExpectancy: 41931
[2026-03-29 11:52:24] Snapshot 202 / 720
Zapisano snapshot:
CaptureTime: 2026-03-29 11:52:24.916466
ServerName: deweloper
InstanceName: MSSQLSERVER
CpuPercent: 0.00
BatchRequestsPerSec: 28169
UserConnections: 8
BlockedSessions: 0
DeadlocksPerMin: 0
AvgQueryDurationMs: 13.58266666
AvgLogicalReads: 206.166666
TempdbUsedMb: 8.0000000
SignalWaitTimeMs: 267754360
PageLifeExpectancy: 41992
[2026-03-29 11:53:24] Snapshot 203 / 720
Zapisano snapshot:
CaptureTime: 2026-03-29 11:53:25.533517
ServerName: deweloper
InstanceName: MSSQLSERVER
CpuPercent: 0.00
BatchRequestsPerSec: 28186
UserConnections: 8
BlockedSessions: 0
DeadlocksPerMin: 0
AvgQueryDurationMs: 6.14040000
AvgLogicalReads: 232.800000
TempdbUsedMb: 8.0000000
SignalWaitTimeMs: 267879933
PageLifeExpectancy: 42053
[2026-03-29 11:54:25] Snapshot 204 / 720
Zapisano snapshot:
CaptureTime: 2026-03-29 11:54:26.195098
ServerName: deweloper
InstanceName: MSSQLSERVER
CpuPercent: 0.00
BatchRequestsPerSec: 28203
UserConnections: 8
BlockedSessions: 0
DeadlocksPerMin: 0
AvgQueryDurationMs: 5.87760000
AvgLogicalReads: 232.800000
TempdbUsedMb: 8.0000000
SignalWaitTimeMs: 268000555
PageLifeExpectancy: 42113
[2026-03-29 11:55:26] Snapshot 205 / 720
Zapisano snapshot:
CaptureTime: 2026-03-29 11:55:26.844608
ServerName: deweloper
InstanceName: MSSQLSERVER
CpuPercent: 0.00
BatchRequestsPerSec: 28220
UserConnections: 8
BlockedSessions: 0
DeadlocksPerMin: 0
AvgQueryDurationMs: 6.30580000
AvgLogicalReads: 232.800000
TempdbUsedMb: 8.0000000
SignalWaitTimeMs: 268121494
PageLifeExpectancy: 42174
[2026-03-29 11:56:26] Snapshot 206 / 720
Zapisano snapshot:
CaptureTime: 2026-03-29 11:56:27.843795
ServerName: deweloper
InstanceName: MSSQLSERVER
CpuPercent: 0.00
BatchRequestsPerSec: 28237
UserConnections: 8
BlockedSessions: 0
DeadlocksPerMin: 0
AvgQueryDurationMs: 6.71060000
AvgLogicalReads: 232.800000
TempdbUsedMb: 8.0000000
SignalWaitTimeMs: 268245161
PageLifeExpectancy: 42235
[2026-03-29 11:57:28] Snapshot 207 / 720
Zapisano snapshot:
CaptureTime: 2026-03-29 11:57:29.205491
ServerName: deweloper
InstanceName: MSSQLSERVER
CpuPercent: 0.00
BatchRequestsPerSec: 28258
UserConnections: 8
BlockedSessions: 0
DeadlocksPerMin: 0
AvgQueryDurationMs: 6.91560000
AvgLogicalReads: 232.800000
TempdbUsedMb: 8.0000000
SignalWaitTimeMs: 268365756
PageLifeExpectancy: 42296
[2026-03-29 11:58:29] Snapshot 208 / 720
Zapisano snapshot:
CaptureTime: 2026-03-29 11:58:31.484871
ServerName: deweloper
InstanceName: MSSQLSERVER
CpuPercent: 0.00
BatchRequestsPerSec: 28275
UserConnections: 8
BlockedSessions: 0
DeadlocksPerMin: 0
AvgQueryDurationMs: 6.19280000
AvgLogicalReads: 232.800000
TempdbUsedMb: 8.0000000
SignalWaitTimeMs: 268491423
PageLifeExpectancy: 42358
[2026-03-29 11:59:31] Snapshot 209 / 720
Zapisano snapshot:
CaptureTime: 2026-03-29 11:59:32.116078
ServerName: deweloper
InstanceName: MSSQLSERVER
CpuPercent: 0.00
BatchRequestsPerSec: 28292
UserConnections: 8
BlockedSessions: 0
DeadlocksPerMin: 0
AvgQueryDurationMs: 5.86380000
AvgLogicalReads: 232.800000
TempdbUsedMb: 8.0000000
SignalWaitTimeMs: 268611910
PageLifeExpectancy: 42419
[2026-03-29 12:00:32] Snapshot 210 / 720
Zapisano snapshot:
CaptureTime: 2026-03-29 12:00:33.283573
ServerName: deweloper
InstanceName: MSSQLSERVER
CpuPercent: 0.00
BatchRequestsPerSec: 28309
UserConnections: 8
BlockedSessions: 0
DeadlocksPerMin: 0
AvgQueryDurationMs: 14.09520000
AvgLogicalReads: 232.800000
TempdbUsedMb: 8.0000000
SignalWaitTimeMs: 268738344
PageLifeExpectancy: 42481
[2026-03-29 12:01:33] Snapshot 211 / 720
Zapisano snapshot:
CaptureTime: 2026-03-29 12:01:34.699751
ServerName: deweloper
InstanceName: MSSQLSERVER
CpuPercent: 0.00
BatchRequestsPerSec: 28326
UserConnections: 8
BlockedSessions: 0
DeadlocksPerMin: 0
AvgQueryDurationMs: 5.64485714
AvgLogicalReads: 89.714285
TempdbUsedMb: 8.0000000
SignalWaitTimeMs: 268858785
PageLifeExpectancy: 42541
[2026-03-29 12:02:34] Snapshot 212 / 720
Zapisano snapshot:
CaptureTime: 2026-03-29 12:02:35.375964
ServerName: deweloper
InstanceName: MSSQLSERVER
CpuPercent: 0.00
BatchRequestsPerSec: 28347
UserConnections: 8
BlockedSessions: 0
DeadlocksPerMin: 0
AvgQueryDurationMs: 12.86150000
AvgLogicalReads: 232.500000
TempdbUsedMb: 8.0000000
SignalWaitTimeMs: 268979372
PageLifeExpectancy: 42602
[2026-03-29 12:03:35] Snapshot 213 / 720
Zapisano snapshot:
CaptureTime: 2026-03-29 12:03:36.028637
ServerName: deweloper
InstanceName: MSSQLSERVER
CpuPercent: 0.00
BatchRequestsPerSec: 28364
UserConnections: 8
BlockedSessions: 0
DeadlocksPerMin: 0
AvgQueryDurationMs: 6.05220000
AvgLogicalReads: 232.800000
TempdbUsedMb: 8.0000000
SignalWaitTimeMs: 269100076
PageLifeExpectancy: 42663
[2026-03-29 12:04:36] Snapshot 214 / 720
Zapisano snapshot:
CaptureTime: 2026-03-29 12:04:36.652921
ServerName: deweloper
InstanceName: MSSQLSERVER
CpuPercent: 0.00
BatchRequestsPerSec: 28381
UserConnections: 8
BlockedSessions: 0
DeadlocksPerMin: 0
AvgQueryDurationMs: 5.99660000
AvgLogicalReads: 232.800000
TempdbUsedMb: 8.0000000
SignalWaitTimeMs: 269228900
PageLifeExpectancy: 42723
[2026-03-29 12:05:36] Snapshot 215 / 720
Zapisano snapshot:
CaptureTime: 2026-03-29 12:05:37.294104
ServerName: deweloper
InstanceName: MSSQLSERVER
CpuPercent: 0.00
BatchRequestsPerSec: 28398
UserConnections: 8
BlockedSessions: 0
DeadlocksPerMin: 0
AvgQueryDurationMs: 8.59800000
AvgLogicalReads: 232.800000
TempdbUsedMb: 8.0000000
SignalWaitTimeMs: 269354762
PageLifeExpectancy: 42784
[2026-03-29 12:06:37] Snapshot 216 / 720
Zapisano snapshot:
CaptureTime: 2026-03-29 12:06:37.922620
ServerName: deweloper
InstanceName: MSSQLSERVER
CpuPercent: 0.00
BatchRequestsPerSec: 28415
UserConnections: 7
BlockedSessions: 0
DeadlocksPerMin: 0
AvgQueryDurationMs: 6.50180000
AvgLogicalReads: 232.800000
TempdbUsedMb: 8.0000000
SignalWaitTimeMs: 269475056
PageLifeExpectancy: 42845
[2026-03-29 12:07:37] Snapshot 217 / 720
Zapisano snapshot:
CaptureTime: 2026-03-29 12:07:38.569786
ServerName: deweloper
InstanceName: MSSQLSERVER
CpuPercent: 0.00
BatchRequestsPerSec: 28436
UserConnections: 8
BlockedSessions: 0
DeadlocksPerMin: 0
AvgQueryDurationMs: 7.49120000
AvgLogicalReads: 232.800000
TempdbUsedMb: 8.0000000
SignalWaitTimeMs: 269595836
PageLifeExpectancy: 42905
[2026-03-29 12:08:38] Snapshot 218 / 720
Zapisano snapshot:
CaptureTime: 2026-03-29 12:08:39.779161
ServerName: deweloper
InstanceName: MSSQLSERVER
CpuPercent: 0.00
BatchRequestsPerSec: 28453
UserConnections: 8
BlockedSessions: 0
DeadlocksPerMin: 0
AvgQueryDurationMs: 8.29020000
AvgLogicalReads: 232.800000
TempdbUsedMb: 8.0000000
SignalWaitTimeMs: 269723968
PageLifeExpectancy: 42967
[2026-03-29 12:09:39] Snapshot 219 / 720
Zapisano snapshot:
CaptureTime: 2026-03-29 12:09:40.554804
ServerName: deweloper
InstanceName: MSSQLSERVER
CpuPercent: 0.00
BatchRequestsPerSec: 28470
UserConnections: 8
BlockedSessions: 0
DeadlocksPerMin: 0
AvgQueryDurationMs: 7.06200000
AvgLogicalReads: 232.800000
TempdbUsedMb: 8.0000000
SignalWaitTimeMs: 269845073
PageLifeExpectancy: 43028
[2026-03-29 12:10:40] Snapshot 220 / 720
Zapisano snapshot:
CaptureTime: 2026-03-29 12:10:41.170060
ServerName: deweloper
InstanceName: MSSQLSERVER
CpuPercent: 0.00
BatchRequestsPerSec: 28487
UserConnections: 8
BlockedSessions: 0
DeadlocksPerMin: 0
AvgQueryDurationMs: 6.05340000
AvgLogicalReads: 232.800000
TempdbUsedMb: 8.0000000
SignalWaitTimeMs: 269965395
PageLifeExpectancy: 43088
[2026-03-29 12:11:41] Snapshot 221 / 720
Zapisano snapshot:
CaptureTime: 2026-03-29 12:11:41.791343
ServerName: deweloper
InstanceName: MSSQLSERVER
CpuPercent: 0.00
BatchRequestsPerSec: 28504
UserConnections: 7
BlockedSessions: 0
DeadlocksPerMin: 0
AvgQueryDurationMs: 5.53540000
AvgLogicalReads: 232.800000
TempdbUsedMb: 8.0000000
SignalWaitTimeMs: 270086231
PageLifeExpectancy: 43149
[2026-03-29 12:12:41] Snapshot 222 / 720
Zapisano snapshot:
CaptureTime: 2026-03-29 12:12:42.421142
ServerName: deweloper
InstanceName: MSSQLSERVER
CpuPercent: 0.00
BatchRequestsPerSec: 28525
UserConnections: 8
BlockedSessions: 0
DeadlocksPerMin: 0
AvgQueryDurationMs: 5.97940000
AvgLogicalReads: 232.800000
TempdbUsedMb: 8.0000000
SignalWaitTimeMs: 270207689
PageLifeExpectancy: 43209
[2026-03-29 12:13:42] Snapshot 223 / 720
Zapisano snapshot:
CaptureTime: 2026-03-29 12:13:43.213392
ServerName: deweloper
InstanceName: MSSQLSERVER
CpuPercent: 0.00
BatchRequestsPerSec: 28542
UserConnections: 8
BlockedSessions: 0
DeadlocksPerMin: 0
AvgQueryDurationMs: 5.96640000
AvgLogicalReads: 232.800000
TempdbUsedMb: 8.0000000
SignalWaitTimeMs: 270328438
PageLifeExpectancy: 43271
[2026-03-29 12:14:43] Snapshot 224 / 720
Zapisano snapshot:
CaptureTime: 2026-03-29 12:14:43.879990
ServerName: deweloper
InstanceName: MSSQLSERVER
CpuPercent: 0.00
BatchRequestsPerSec: 28559
UserConnections: 8
BlockedSessions: 0
DeadlocksPerMin: 0
AvgQueryDurationMs: 2.58685714
AvgLogicalReads: 89.714285
TempdbUsedMb: 8.0000000
SignalWaitTimeMs: 270454541
PageLifeExpectancy: 43331
[2026-03-29 12:15:43] Snapshot 225 / 720
Zapisano snapshot:
CaptureTime: 2026-03-29 12:15:44.493891
ServerName: deweloper
InstanceName: MSSQLSERVER
CpuPercent: 0.00
BatchRequestsPerSec: 28576
UserConnections: 8
BlockedSessions: 0
DeadlocksPerMin: 0
AvgQueryDurationMs: 5.95280000
AvgLogicalReads: 232.800000
TempdbUsedMb: 8.0000000
SignalWaitTimeMs: 270574988
PageLifeExpectancy: 43392
[2026-03-29 12:16:44] Snapshot 226 / 720
Zapisano snapshot:
CaptureTime: 2026-03-29 12:16:45.105040
ServerName: deweloper
InstanceName: MSSQLSERVER
CpuPercent: 0.00
BatchRequestsPerSec: 28593
UserConnections: 8
BlockedSessions: 0
DeadlocksPerMin: 0
AvgQueryDurationMs: 6.01420000
AvgLogicalReads: 232.800000
TempdbUsedMb: 8.0000000
SignalWaitTimeMs: 270696862
PageLifeExpectancy: 43452
[2026-03-29 12:17:45] Snapshot 227 / 720
Zapisano snapshot:
CaptureTime: 2026-03-29 12:17:45.828166
ServerName: deweloper
InstanceName: MSSQLSERVER
CpuPercent: 0.00
BatchRequestsPerSec: 28616
UserConnections: 8
BlockedSessions: 0
DeadlocksPerMin: 0
AvgQueryDurationMs: 5.97360000
AvgLogicalReads: 232.800000
TempdbUsedMb: 8.0000000
SignalWaitTimeMs: 270817730
PageLifeExpectancy: 43513
[2026-03-29 12:18:45] Snapshot 228 / 720
Zapisano snapshot:
CaptureTime: 2026-03-29 12:18:46.457569
ServerName: deweloper
InstanceName: MSSQLSERVER
CpuPercent: 0.00
BatchRequestsPerSec: 28633
UserConnections: 8
BlockedSessions: 0
DeadlocksPerMin: 0
AvgQueryDurationMs: 6.41060000
AvgLogicalReads: 232.800000
TempdbUsedMb: 8.0000000
SignalWaitTimeMs: 270938446
PageLifeExpectancy: 43573
[2026-03-29 12:19:46] Snapshot 229 / 720
Zapisano snapshot:
CaptureTime: 2026-03-29 12:19:47.078896
ServerName: deweloper
InstanceName: MSSQLSERVER
CpuPercent: 0.00
BatchRequestsPerSec: 28650
UserConnections: 8
BlockedSessions: 0
DeadlocksPerMin: 0
AvgQueryDurationMs: 5.97020000
AvgLogicalReads: 232.800000
TempdbUsedMb: 8.0000000
SignalWaitTimeMs: 271058836
PageLifeExpectancy: 43633
[2026-03-29 12:20:47] Snapshot 230 / 720
Zapisano snapshot:
CaptureTime: 2026-03-29 12:20:47.710756
ServerName: deweloper
InstanceName: MSSQLSERVER
CpuPercent: 0.00
BatchRequestsPerSec: 28667
UserConnections: 8
BlockedSessions: 0
DeadlocksPerMin: 0
AvgQueryDurationMs: 5.77020000
AvgLogicalReads: 232.800000
TempdbUsedMb: 8.0000000
SignalWaitTimeMs: 271182177
PageLifeExpectancy: 43694
[2026-03-29 12:21:47] Snapshot 231 / 720
Zapisano snapshot:
CaptureTime: 2026-03-29 12:21:50.576349
ServerName: deweloper
InstanceName: MSSQLSERVER
CpuPercent: 0.00
BatchRequestsPerSec: 28684
UserConnections: 7
BlockedSessions: 0
DeadlocksPerMin: 0
AvgQueryDurationMs: 12.45060000
AvgLogicalReads: 232.800000
TempdbUsedMb: 8.0000000
SignalWaitTimeMs: 271333597
PageLifeExpectancy: 43757
[2026-03-29 12:22:50] Snapshot 232 / 720
Zapisano snapshot:
CaptureTime: 2026-03-29 12:22:51.376950
ServerName: deweloper
InstanceName: MSSQLSERVER
CpuPercent: 0.00
BatchRequestsPerSec: 28705
UserConnections: 8
BlockedSessions: 0
DeadlocksPerMin: 0
AvgQueryDurationMs: 5.98540000
AvgLogicalReads: 232.800000
TempdbUsedMb: 8.0000000
SignalWaitTimeMs: 271427200
PageLifeExpectancy: 43818
[2026-03-29 12:23:51] Snapshot 233 / 720
Zapisano snapshot:
CaptureTime: 2026-03-29 12:23:52.003920
ServerName: deweloper
InstanceName: MSSQLSERVER
CpuPercent: 0.00
BatchRequestsPerSec: 28722
UserConnections: 8
BlockedSessions: 0
DeadlocksPerMin: 0
AvgQueryDurationMs: 6.33280000
AvgLogicalReads: 232.800000
TempdbUsedMb: 8.0000000
SignalWaitTimeMs: 271574769
PageLifeExpectancy: 43878
[2026-03-29 12:24:52] Snapshot 234 / 720
Zapisano snapshot:
CaptureTime: 2026-03-29 12:24:53.231292
ServerName: deweloper
InstanceName: MSSQLSERVER
CpuPercent: 0.00
BatchRequestsPerSec: 28739
UserConnections: 8
BlockedSessions: 0
DeadlocksPerMin: 0
AvgQueryDurationMs: 7.59660000
AvgLogicalReads: 232.800000
TempdbUsedMb: 8.0000000
SignalWaitTimeMs: 271671760
PageLifeExpectancy: 43940
[2026-03-29 12:25:53] Snapshot 235 / 720
Zapisano snapshot:
CaptureTime: 2026-03-29 12:25:53.880727
ServerName: deweloper
InstanceName: MSSQLSERVER
CpuPercent: 0.00
BatchRequestsPerSec: 28756
UserConnections: 7
BlockedSessions: 0
DeadlocksPerMin: 0
AvgQueryDurationMs: 6.36620000
AvgLogicalReads: 232.800000
TempdbUsedMb: 8.0000000
SignalWaitTimeMs: 271819029
PageLifeExpectancy: 44001
[2026-03-29 12:26:53] Snapshot 236 / 720
Zapisano snapshot:
CaptureTime: 2026-03-29 12:26:54.512187
ServerName: deweloper
InstanceName: MSSQLSERVER
CpuPercent: 0.00
BatchRequestsPerSec: 28777
UserConnections: 8
BlockedSessions: 0
DeadlocksPerMin: 0
AvgQueryDurationMs: 11.08200000
AvgLogicalReads: 206.166666
TempdbUsedMb: 8.0000000
SignalWaitTimeMs: 271942513
PageLifeExpectancy: 44061
[2026-03-29 12:27:54] Snapshot 237 / 720
Zapisano snapshot:
CaptureTime: 2026-03-29 12:27:55.165554
ServerName: deweloper
InstanceName: MSSQLSERVER
CpuPercent: 0.00
BatchRequestsPerSec: 28794
UserConnections: 8
BlockedSessions: 0
DeadlocksPerMin: 0
AvgQueryDurationMs: 6.75040000
AvgLogicalReads: 232.800000
TempdbUsedMb: 8.0000000
SignalWaitTimeMs: 272063207
PageLifeExpectancy: 44122
[2026-03-29 12:28:55] Snapshot 238 / 720
Zapisano snapshot:
CaptureTime: 2026-03-29 12:28:55.810186
ServerName: deweloper
InstanceName: MSSQLSERVER
CpuPercent: 0.00
BatchRequestsPerSec: 28811
UserConnections: 8
BlockedSessions: 0
DeadlocksPerMin: 0
AvgQueryDurationMs: 6.29280000
AvgLogicalReads: 232.800000
TempdbUsedMb: 8.0000000
SignalWaitTimeMs: 272191190
PageLifeExpectancy: 44182
[2026-03-29 12:29:55] Snapshot 239 / 720
Zapisano snapshot:
CaptureTime: 2026-03-29 12:30:00.340353
ServerName: deweloper
InstanceName: MSSQLSERVER
CpuPercent: 0.00
BatchRequestsPerSec: 28828
UserConnections: 8
BlockedSessions: 0
DeadlocksPerMin: 0
AvgQueryDurationMs: 9.11080000
AvgLogicalReads: 232.800000
TempdbUsedMb: 8.0000000
SignalWaitTimeMs: 272311918
PageLifeExpectancy: 44247
[2026-03-29 12:31:00] Snapshot 240 / 720
Zapisano snapshot:
CaptureTime: 2026-03-29 12:31:01.010806
ServerName: deweloper
InstanceName: MSSQLSERVER
CpuPercent: 0.00
BatchRequestsPerSec: 28845
UserConnections: 8
BlockedSessions: 0
DeadlocksPerMin: 0
AvgQueryDurationMs: 6.36600000
AvgLogicalReads: 232.800000
TempdbUsedMb: 8.0000000
SignalWaitTimeMs: 272438066
PageLifeExpectancy: 44308
[2026-03-29 12:32:01] Snapshot 241 / 720
Zapisano snapshot:
CaptureTime: 2026-03-29 12:32:01.642098
ServerName: deweloper
InstanceName: MSSQLSERVER
CpuPercent: 0.00
BatchRequestsPerSec: 28866
UserConnections: 8
BlockedSessions: 0
DeadlocksPerMin: 0
AvgQueryDurationMs: 11.31066666
AvgLogicalReads: 232.500000
TempdbUsedMb: 8.0000000
SignalWaitTimeMs: 272565790
PageLifeExpectancy: 44368
[2026-03-29 12:33:01] Snapshot 242 / 720
Zapisano snapshot:
CaptureTime: 2026-03-29 12:33:02.432151
ServerName: deweloper
InstanceName: MSSQLSERVER
CpuPercent: 0.00
BatchRequestsPerSec: 28883
UserConnections: 8
BlockedSessions: 0
DeadlocksPerMin: 0
AvgQueryDurationMs: 10.16400000
AvgLogicalReads: 232.800000
TempdbUsedMb: 8.0000000
SignalWaitTimeMs: 272679860
PageLifeExpectancy: 44429
[2026-03-29 12:34:02] Snapshot 243 / 720
Zapisano snapshot:
CaptureTime: 2026-03-29 12:34:03.123555
ServerName: deweloper
InstanceName: MSSQLSERVER
CpuPercent: 0.00
BatchRequestsPerSec: 28900
UserConnections: 8
BlockedSessions: 0
DeadlocksPerMin: 0
AvgQueryDurationMs: 6.80440000
AvgLogicalReads: 232.800000
TempdbUsedMb: 8.0000000
SignalWaitTimeMs: 272807908
PageLifeExpectancy: 44490
[2026-03-29 12:35:03] Snapshot 244 / 720
Zapisano snapshot:
CaptureTime: 2026-03-29 12:35:03.755078
ServerName: deweloper
InstanceName: MSSQLSERVER
CpuPercent: 0.00
BatchRequestsPerSec: 28917
UserConnections: 8
BlockedSessions: 0
DeadlocksPerMin: 0
AvgQueryDurationMs: 5.99520000
AvgLogicalReads: 232.800000
TempdbUsedMb: 8.0000000
SignalWaitTimeMs: 272921866
PageLifeExpectancy: 44551
[2026-03-29 12:36:03] Snapshot 245 / 720
Zapisano snapshot:
CaptureTime: 2026-03-29 12:36:04.533362
ServerName: deweloper
InstanceName: MSSQLSERVER
CpuPercent: 0.00
BatchRequestsPerSec: 28934
UserConnections: 7
BlockedSessions: 0
DeadlocksPerMin: 0
AvgQueryDurationMs: 6.08420000
AvgLogicalReads: 232.800000
TempdbUsedMb: 8.0000000
SignalWaitTimeMs: 273049020
PageLifeExpectancy: 44612
[2026-03-29 12:37:04] Snapshot 246 / 720
Zapisano snapshot:
CaptureTime: 2026-03-29 12:37:06.019862
ServerName: deweloper
InstanceName: MSSQLSERVER
CpuPercent: 0.00
BatchRequestsPerSec: 28955
UserConnections: 8
BlockedSessions: 0
DeadlocksPerMin: 0
AvgQueryDurationMs: 13.67616666
AvgLogicalReads: 206.166666
TempdbUsedMb: 8.0000000
SignalWaitTimeMs: 273164995
PageLifeExpectancy: 44673
[2026-03-29 12:38:06] Snapshot 247 / 720
Zapisano snapshot:
CaptureTime: 2026-03-29 12:38:06.926098
ServerName: deweloper
InstanceName: MSSQLSERVER
CpuPercent: 0.00
BatchRequestsPerSec: 28972
UserConnections: 8
BlockedSessions: 0
DeadlocksPerMin: 0
AvgQueryDurationMs: 7.40380000
AvgLogicalReads: 232.800000
TempdbUsedMb: 8.0000000
SignalWaitTimeMs: 273297112
PageLifeExpectancy: 44734
[2026-03-29 12:39:06] Snapshot 248 / 720
Zapisano snapshot:
CaptureTime: 2026-03-29 12:39:08.403194
ServerName: deweloper
InstanceName: MSSQLSERVER
CpuPercent: 0.00
BatchRequestsPerSec: 28989
UserConnections: 8
BlockedSessions: 0
DeadlocksPerMin: 0
AvgQueryDurationMs: 6.60120000
AvgLogicalReads: 232.800000
TempdbUsedMb: 8.0000000
SignalWaitTimeMs: 273411361
PageLifeExpectancy: 44795
[2026-03-29 12:40:08] Snapshot 249 / 720
Zapisano snapshot:
CaptureTime: 2026-03-29 12:40:09.877873
ServerName: deweloper
InstanceName: MSSQLSERVER
CpuPercent: 0.00
BatchRequestsPerSec: 29006
UserConnections: 8
BlockedSessions: 0
DeadlocksPerMin: 0
AvgQueryDurationMs: 7.66240000
AvgLogicalReads: 232.800000
TempdbUsedMb: 8.0000000
SignalWaitTimeMs: 273551798
PageLifeExpectancy: 44856
[2026-03-29 12:41:09] Snapshot 250 / 720
Zapisano snapshot:
CaptureTime: 2026-03-29 12:41:12.042868
ServerName: deweloper
InstanceName: MSSQLSERVER
CpuPercent: 0.00
BatchRequestsPerSec: 29023
UserConnections: 8
BlockedSessions: 0
DeadlocksPerMin: 0
AvgQueryDurationMs: 7.83540000
AvgLogicalReads: 232.800000
TempdbUsedMb: 8.0000000
SignalWaitTimeMs: 273674583
PageLifeExpectancy: 44919
[2026-03-29 12:42:12] Snapshot 251 / 720
Zapisano snapshot:
CaptureTime: 2026-03-29 12:42:12.653090
ServerName: deweloper
InstanceName: MSSQLSERVER
CpuPercent: 0.00
BatchRequestsPerSec: 29044
UserConnections: 8
BlockedSessions: 0
DeadlocksPerMin: 0
AvgQueryDurationMs: 6.12020000
AvgLogicalReads: 232.800000
TempdbUsedMb: 8.0000000
SignalWaitTimeMs: 273800143
PageLifeExpectancy: 44980
[2026-03-29 12:43:12] Snapshot 252 / 720
Zapisano snapshot:
CaptureTime: 2026-03-29 12:43:14.321472
ServerName: deweloper
InstanceName: MSSQLSERVER
CpuPercent: 0.00
BatchRequestsPerSec: 29061
UserConnections: 8
BlockedSessions: 0
DeadlocksPerMin: 0
AvgQueryDurationMs: 7.63020000
AvgLogicalReads: 232.800000
TempdbUsedMb: 8.0000000
SignalWaitTimeMs: 273920801
PageLifeExpectancy: 45041
[2026-03-29 12:44:14] Snapshot 253 / 720
Zapisano snapshot:
CaptureTime: 2026-03-29 12:44:15.725785
ServerName: deweloper
InstanceName: MSSQLSERVER
CpuPercent: 0.00
BatchRequestsPerSec: 29078
UserConnections: 8
BlockedSessions: 0
DeadlocksPerMin: 0
AvgQueryDurationMs: 7.17540000
AvgLogicalReads: 232.800000
TempdbUsedMb: 8.0000000
SignalWaitTimeMs: 274043189
PageLifeExpectancy: 45102
[2026-03-29 12:45:15] Snapshot 254 / 720
Zapisano snapshot:
CaptureTime: 2026-03-29 12:45:17.485078
ServerName: deweloper
InstanceName: MSSQLSERVER
CpuPercent: 0.00
BatchRequestsPerSec: 29095
UserConnections: 8
BlockedSessions: 0
DeadlocksPerMin: 0
AvgQueryDurationMs: 6.16100000
AvgLogicalReads: 232.800000
TempdbUsedMb: 8.0000000
SignalWaitTimeMs: 274163984
PageLifeExpectancy: 45164
[2026-03-29 12:46:17] Snapshot 255 / 720
Zapisano snapshot:
CaptureTime: 2026-03-29 12:46:18.118438
ServerName: deweloper
InstanceName: MSSQLSERVER
CpuPercent: 0.00
BatchRequestsPerSec: 29112
UserConnections: 8
BlockedSessions: 0
DeadlocksPerMin: 0
AvgQueryDurationMs: 5.98960000
AvgLogicalReads: 232.800000
TempdbUsedMb: 8.0000000
SignalWaitTimeMs: 274289561
PageLifeExpectancy: 45225
[2026-03-29 12:47:18] Snapshot 256 / 720
Zapisano snapshot:
CaptureTime: 2026-03-29 12:47:19.340094
ServerName: deweloper
InstanceName: MSSQLSERVER
CpuPercent: 0.00
BatchRequestsPerSec: 29133
UserConnections: 8
BlockedSessions: 0
DeadlocksPerMin: 0
AvgQueryDurationMs: 14.23783333
AvgLogicalReads: 206.166666
TempdbUsedMb: 8.0000000
SignalWaitTimeMs: 274410506
PageLifeExpectancy: 45287
[2026-03-29 12:48:19] Snapshot 257 / 720
Zapisano snapshot:
CaptureTime: 2026-03-29 12:48:19.988556
ServerName: deweloper
InstanceName: MSSQLSERVER
CpuPercent: 0.00
BatchRequestsPerSec: 29150
UserConnections: 8
BlockedSessions: 0
DeadlocksPerMin: 0
AvgQueryDurationMs: 6.01520000
AvgLogicalReads: 232.800000
TempdbUsedMb: 8.0000000
SignalWaitTimeMs: 274534518
PageLifeExpectancy: 45346
[2026-03-29 12:49:18] Snapshot 258 / 720
Zapisano snapshot:
CaptureTime: 2026-03-29 12:49:19.392692
ServerName: deweloper
InstanceName: MSSQLSERVER
CpuPercent: 0.00
BatchRequestsPerSec: 29167
UserConnections: 8
BlockedSessions: 0
DeadlocksPerMin: 0
AvgQueryDurationMs: 6.13760000
AvgLogicalReads: 232.800000
TempdbUsedMb: 8.0000000
SignalWaitTimeMs: 274655752
PageLifeExpectancy: 45408
[2026-03-29 12:50:19] Snapshot 259 / 720
Zapisano snapshot:
CaptureTime: 2026-03-29 12:50:20.008973
ServerName: deweloper
InstanceName: MSSQLSERVER
CpuPercent: 0.00
BatchRequestsPerSec: 29184
UserConnections: 8
BlockedSessions: 0
DeadlocksPerMin: 0
AvgQueryDurationMs: 6.15700000
AvgLogicalReads: 232.800000
TempdbUsedMb: 8.0000000
SignalWaitTimeMs: 274776422
PageLifeExpectancy: 45468
[2026-03-29 12:51:20] Snapshot 260 / 720
Zapisano snapshot:
CaptureTime: 2026-03-29 12:51:20.819844
ServerName: deweloper
InstanceName: MSSQLSERVER
CpuPercent: 0.00
BatchRequestsPerSec: 29201
UserConnections: 8
BlockedSessions: 0
DeadlocksPerMin: 0
AvgQueryDurationMs: 5.88780000
AvgLogicalReads: 232.800000
TempdbUsedMb: 8.0000000
SignalWaitTimeMs: 274897083
PageLifeExpectancy: 45528
[2026-03-29 12:52:20] Snapshot 261 / 720
Zapisano snapshot:
CaptureTime: 2026-03-29 12:52:21.447696
ServerName: deweloper
InstanceName: MSSQLSERVER
CpuPercent: 0.00
BatchRequestsPerSec: 29222
UserConnections: 8
BlockedSessions: 0
DeadlocksPerMin: 0
AvgQueryDurationMs: 5.87520000
AvgLogicalReads: 232.800000
TempdbUsedMb: 8.0000000
SignalWaitTimeMs: 275017817
PageLifeExpectancy: 45590
[2026-03-29 12:53:21] Snapshot 262 / 720
Zapisano snapshot:
CaptureTime: 2026-03-29 12:53:22.072033
ServerName: deweloper
InstanceName: MSSQLSERVER
CpuPercent: 0.00
BatchRequestsPerSec: 29239
UserConnections: 8
BlockedSessions: 0
DeadlocksPerMin: 0
AvgQueryDurationMs: 5.83580000
AvgLogicalReads: 232.800000
TempdbUsedMb: 8.0000000
SignalWaitTimeMs: 275138176
PageLifeExpectancy: 45649
[2026-03-29 12:54:22] Snapshot 263 / 720
Zapisano snapshot:
CaptureTime: 2026-03-29 12:54:23.274784
ServerName: deweloper
InstanceName: MSSQLSERVER
CpuPercent: 0.00
BatchRequestsPerSec: 29256
UserConnections: 8
BlockedSessions: 0
DeadlocksPerMin: 0
AvgQueryDurationMs: 14.55420000
AvgLogicalReads: 232.800000
TempdbUsedMb: 8.0000000
SignalWaitTimeMs: 275264989
PageLifeExpectancy: 45711
[2026-03-29 12:55:23] Snapshot 264 / 720
Zapisano snapshot:
CaptureTime: 2026-03-29 12:55:23.994713
ServerName: deweloper
InstanceName: MSSQLSERVER
CpuPercent: 0.00
BatchRequestsPerSec: 29273
UserConnections: 8
BlockedSessions: 0
DeadlocksPerMin: 0
AvgQueryDurationMs: 9.36440000
AvgLogicalReads: 232.800000
TempdbUsedMb: 8.0000000
SignalWaitTimeMs: 275400780
PageLifeExpectancy: 45772
[2026-03-29 12:56:24] Snapshot 265 / 720
Zapisano snapshot:
CaptureTime: 2026-03-29 12:56:24.686854
ServerName: deweloper
InstanceName: MSSQLSERVER
CpuPercent: 0.00
BatchRequestsPerSec: 29290
UserConnections: 8
BlockedSessions: 0
DeadlocksPerMin: 0
AvgQueryDurationMs: 6.06020000
AvgLogicalReads: 232.800000
TempdbUsedMb: 8.0000000
SignalWaitTimeMs: 275522527
PageLifeExpectancy: 45833
[2026-03-29 12:57:24] Snapshot 266 / 720
Zapisano snapshot:
CaptureTime: 2026-03-29 12:57:25.317332
ServerName: deweloper
InstanceName: MSSQLSERVER
CpuPercent: 0.00
BatchRequestsPerSec: 29311
UserConnections: 8
BlockedSessions: 0
DeadlocksPerMin: 0
AvgQueryDurationMs: 12.27266666
AvgLogicalReads: 206.166666
TempdbUsedMb: 8.0000000
SignalWaitTimeMs: 275643037
PageLifeExpectancy: 45893
[2026-03-29 12:58:25] Snapshot 267 / 720
Zapisano snapshot:
CaptureTime: 2026-03-29 12:58:25.988175
ServerName: deweloper
InstanceName: MSSQLSERVER
CpuPercent: 0.00
BatchRequestsPerSec: 29328
UserConnections: 8
BlockedSessions: 0
DeadlocksPerMin: 0
AvgQueryDurationMs: 6.26260000
AvgLogicalReads: 232.800000
TempdbUsedMb: 8.0000000
SignalWaitTimeMs: 275763928
PageLifeExpectancy: 45954
[2026-03-29 12:59:26] Snapshot 268 / 720
Zapisano snapshot:
CaptureTime: 2026-03-29 12:59:26.622928
ServerName: deweloper
InstanceName: MSSQLSERVER
CpuPercent: 0.00
BatchRequestsPerSec: 29345
UserConnections: 8
BlockedSessions: 0
DeadlocksPerMin: 0
AvgQueryDurationMs: 6.12560000
AvgLogicalReads: 232.800000
TempdbUsedMb: 8.0000000
SignalWaitTimeMs: 275884238
PageLifeExpectancy: 46014
[2026-03-29 13:00:26] Snapshot 269 / 720
Zapisano snapshot:
CaptureTime: 2026-03-29 13:00:27.248102
ServerName: deweloper
InstanceName: MSSQLSERVER
CpuPercent: 0.00
BatchRequestsPerSec: 29362
UserConnections: 8
BlockedSessions: 0
DeadlocksPerMin: 0
AvgQueryDurationMs: 5.84100000
AvgLogicalReads: 232.800000
TempdbUsedMb: 8.0000000
SignalWaitTimeMs: 276007365
PageLifeExpectancy: 46075
[2026-03-29 13:01:27] Snapshot 270 / 720
Zapisano snapshot:
CaptureTime: 2026-03-29 13:01:28.156636
ServerName: deweloper
InstanceName: MSSQLSERVER
CpuPercent: 0.00
BatchRequestsPerSec: 29379
UserConnections: 8
BlockedSessions: 0
DeadlocksPerMin: 0
AvgQueryDurationMs: 9.00320000
AvgLogicalReads: 232.800000
TempdbUsedMb: 8.0000000
SignalWaitTimeMs: 276134370
PageLifeExpectancy: 46137
[2026-03-29 13:02:28] Snapshot 271 / 720
Zapisano snapshot:
CaptureTime: 2026-03-29 13:02:29.325204
ServerName: deweloper
InstanceName: MSSQLSERVER
CpuPercent: 0.00
BatchRequestsPerSec: 29400
UserConnections: 8
BlockedSessions: 0
DeadlocksPerMin: 0
AvgQueryDurationMs: 10.95200000
AvgLogicalReads: 232.800000
TempdbUsedMb: 8.0000000
SignalWaitTimeMs: 276260135
PageLifeExpectancy: 46197
[2026-03-29 13:03:29] Snapshot 272 / 720
Zapisano snapshot:
CaptureTime: 2026-03-29 13:03:30.054550
ServerName: deweloper
InstanceName: MSSQLSERVER
CpuPercent: 0.00
BatchRequestsPerSec: 29417
UserConnections: 8
BlockedSessions: 0
DeadlocksPerMin: 0
AvgQueryDurationMs: 6.65820000
AvgLogicalReads: 232.800000
TempdbUsedMb: 8.0000000
SignalWaitTimeMs: 276380687
PageLifeExpectancy: 46258
[2026-03-29 13:04:30] Snapshot 273 / 720
Zapisano snapshot:
CaptureTime: 2026-03-29 13:04:30.753614
ServerName: deweloper
InstanceName: MSSQLSERVER
CpuPercent: 0.00
BatchRequestsPerSec: 29434
UserConnections: 8
BlockedSessions: 0
DeadlocksPerMin: 0
AvgQueryDurationMs: 9.46220000
AvgLogicalReads: 232.800000
TempdbUsedMb: 8.0000000
SignalWaitTimeMs: 276500998
PageLifeExpectancy: 46319
[2026-03-29 13:05:30] Snapshot 274 / 720
Zapisano snapshot:
CaptureTime: 2026-03-29 13:05:31.515762
ServerName: deweloper
InstanceName: MSSQLSERVER
CpuPercent: 0.00
BatchRequestsPerSec: 29451
UserConnections: 8
BlockedSessions: 0
DeadlocksPerMin: 0
AvgQueryDurationMs: 8.49240000
AvgLogicalReads: 232.800000
TempdbUsedMb: 8.0000000
SignalWaitTimeMs: 276621868
PageLifeExpectancy: 46379
[2026-03-29 13:06:31] Snapshot 275 / 720
Zapisano snapshot:
CaptureTime: 2026-03-29 13:06:32.223159
ServerName: deweloper
InstanceName: MSSQLSERVER
CpuPercent: 0.00
BatchRequestsPerSec: 29468
UserConnections: 8
BlockedSessions: 0
DeadlocksPerMin: 0
AvgQueryDurationMs: 7.42340000
AvgLogicalReads: 232.800000
TempdbUsedMb: 8.0000000
SignalWaitTimeMs: 276742140
PageLifeExpectancy: 46440
[2026-03-29 13:07:32] Snapshot 276 / 720
Zapisano snapshot:
CaptureTime: 2026-03-29 13:07:32.941536
ServerName: deweloper
InstanceName: MSSQLSERVER
CpuPercent: 0.00
BatchRequestsPerSec: 29489
UserConnections: 8
BlockedSessions: 0
DeadlocksPerMin: 0
AvgQueryDurationMs: 7.02720000
AvgLogicalReads: 232.800000
TempdbUsedMb: 8.0000000
SignalWaitTimeMs: 276862808
PageLifeExpectancy: 46501
[2026-03-29 13:08:33] Snapshot 277 / 720
Zapisano snapshot:
CaptureTime: 2026-03-29 13:08:33.672088
ServerName: deweloper
InstanceName: MSSQLSERVER
CpuPercent: 0.00
BatchRequestsPerSec: 29506
UserConnections: 8
BlockedSessions: 0
DeadlocksPerMin: 0
AvgQueryDurationMs: 6.95000000
AvgLogicalReads: 232.800000
TempdbUsedMb: 8.0000000
SignalWaitTimeMs: 276984407
PageLifeExpectancy: 46561
[2026-03-29 13:09:33] Snapshot 278 / 720
Zapisano snapshot:
CaptureTime: 2026-03-29 13:09:34.472846
ServerName: deweloper
InstanceName: MSSQLSERVER
CpuPercent: 0.00
BatchRequestsPerSec: 29523
UserConnections: 8
BlockedSessions: 0
DeadlocksPerMin: 0
AvgQueryDurationMs: 8.62560000
AvgLogicalReads: 232.800000
TempdbUsedMb: 8.0000000
SignalWaitTimeMs: 277105479
PageLifeExpectancy: 46622
[2026-03-29 13:10:34] Snapshot 279 / 720
Zapisano snapshot:
CaptureTime: 2026-03-29 13:10:35.131910
ServerName: deweloper
InstanceName: MSSQLSERVER
CpuPercent: 0.00
BatchRequestsPerSec: 29540
UserConnections: 8
BlockedSessions: 0
DeadlocksPerMin: 0
AvgQueryDurationMs: 3.77542857
AvgLogicalReads: 89.714285
TempdbUsedMb: 8.0000000
SignalWaitTimeMs: 277232200
PageLifeExpectancy: 46683
[2026-03-29 13:11:35] Snapshot 280 / 720
Zapisano snapshot:
CaptureTime: 2026-03-29 13:11:36.060599
ServerName: deweloper
InstanceName: MSSQLSERVER
CpuPercent: 0.00
BatchRequestsPerSec: 29557
UserConnections: 8
BlockedSessions: 0
DeadlocksPerMin: 0
AvgQueryDurationMs: 13.51760000
AvgLogicalReads: 232.800000
TempdbUsedMb: 8.0000000
SignalWaitTimeMs: 277360196
PageLifeExpectancy: 46745
[2026-03-29 13:12:36] Snapshot 281 / 720
Zapisano snapshot:
CaptureTime: 2026-03-29 13:12:36.980314
ServerName: deweloper
InstanceName: MSSQLSERVER
CpuPercent: 0.00
BatchRequestsPerSec: 29578
UserConnections: 8
BlockedSessions: 0
DeadlocksPerMin: 0
AvgQueryDurationMs: 14.42150000
AvgLogicalReads: 232.500000
TempdbUsedMb: 8.0000000
SignalWaitTimeMs: 277481898
PageLifeExpectancy: 46754
[2026-03-29 13:13:37] Snapshot 282 / 720
Zapisano snapshot:
CaptureTime: 2026-03-29 13:13:37.771543
ServerName: deweloper
InstanceName: MSSQLSERVER
CpuPercent: 0.00
BatchRequestsPerSec: 29595
UserConnections: 8
BlockedSessions: 0
DeadlocksPerMin: 0
AvgQueryDurationMs: 8.21360000
AvgLogicalReads: 232.800000
TempdbUsedMb: 8.0000000
SignalWaitTimeMs: 277603475
PageLifeExpectancy: 46754
[2026-03-29 13:14:37] Snapshot 283 / 720
Zapisano snapshot:
CaptureTime: 2026-03-29 13:14:38.462352
ServerName: deweloper
InstanceName: MSSQLSERVER
CpuPercent: 0.00
BatchRequestsPerSec: 29612
UserConnections: 8
BlockedSessions: 0
DeadlocksPerMin: 0
AvgQueryDurationMs: 6.31380000
AvgLogicalReads: 232.800000
TempdbUsedMb: 8.0000000
SignalWaitTimeMs: 277726060
PageLifeExpectancy: 46754
[2026-03-29 13:15:38] Snapshot 284 / 720
Zapisano snapshot:
CaptureTime: 2026-03-29 13:15:39.144982
ServerName: deweloper
InstanceName: MSSQLSERVER
CpuPercent: 0.00
BatchRequestsPerSec: 29629
UserConnections: 8
BlockedSessions: 0
DeadlocksPerMin: 0
AvgQueryDurationMs: 6.72600000
AvgLogicalReads: 232.800000
TempdbUsedMb: 8.0000000
SignalWaitTimeMs: 277847307
PageLifeExpectancy: 46754
[2026-03-29 13:16:39] Snapshot 285 / 720
Zapisano snapshot:
CaptureTime: 2026-03-29 13:16:39.855143
ServerName: deweloper
InstanceName: MSSQLSERVER
CpuPercent: 0.00
BatchRequestsPerSec: 29646
UserConnections: 8
BlockedSessions: 0
DeadlocksPerMin: 0
AvgQueryDurationMs: 8.07180000
AvgLogicalReads: 232.800000
TempdbUsedMb: 8.0000000
SignalWaitTimeMs: 277968688
PageLifeExpectancy: 46754
[2026-03-29 13:17:39] Snapshot 286 / 720
Zapisano snapshot:
CaptureTime: 2026-03-29 13:17:40.518780
ServerName: deweloper
InstanceName: MSSQLSERVER
CpuPercent: 0.00
BatchRequestsPerSec: 29669
UserConnections: 8
BlockedSessions: 0
DeadlocksPerMin: 0
AvgQueryDurationMs: 6.50680000
AvgLogicalReads: 232.800000
TempdbUsedMb: 8.0000000
SignalWaitTimeMs: 278089650
PageLifeExpectancy: 46754
[2026-03-29 13:18:40] Snapshot 287 / 720
Zapisano snapshot:
CaptureTime: 2026-03-29 13:18:41.164219
ServerName: deweloper
InstanceName: MSSQLSERVER
CpuPercent: 0.00
BatchRequestsPerSec: 29686
UserConnections: 8
BlockedSessions: 0
DeadlocksPerMin: 0
AvgQueryDurationMs: 5.68720000
AvgLogicalReads: 232.800000
TempdbUsedMb: 8.0000000
SignalWaitTimeMs: 278215497
PageLifeExpectancy: 46754
[2026-03-29 13:19:41] Snapshot 288 / 720
Zapisano snapshot:
CaptureTime: 2026-03-29 13:19:41.821267
ServerName: deweloper
InstanceName: MSSQLSERVER
CpuPercent: 0.00
BatchRequestsPerSec: 29703
UserConnections: 8
BlockedSessions: 0
DeadlocksPerMin: 0
AvgQueryDurationMs: 5.69780000
AvgLogicalReads: 232.800000
TempdbUsedMb: 8.0000000
SignalWaitTimeMs: 278345659
PageLifeExpectancy: 46754
[2026-03-29 13:20:41] Snapshot 289 / 720
Zapisano snapshot:
CaptureTime: 2026-03-29 13:20:42.429567
ServerName: deweloper
InstanceName: MSSQLSERVER
CpuPercent: 0.00
BatchRequestsPerSec: 29720
UserConnections: 8
BlockedSessions: 0
DeadlocksPerMin: 0
AvgQueryDurationMs: 5.87540000
AvgLogicalReads: 232.800000
TempdbUsedMb: 8.0000000
SignalWaitTimeMs: 278469349
PageLifeExpectancy: 46754
[2026-03-29 13:21:42] Snapshot 290 / 720
Zapisano snapshot:
CaptureTime: 2026-03-29 13:21:43.149585
ServerName: deweloper
InstanceName: MSSQLSERVER
CpuPercent: 0.00
BatchRequestsPerSec: 29737
UserConnections: 8
BlockedSessions: 0
DeadlocksPerMin: 0
AvgQueryDurationMs: 5.87440000
AvgLogicalReads: 232.800000
TempdbUsedMb: 8.0000000
SignalWaitTimeMs: 278589789
PageLifeExpectancy: 46754
[2026-03-29 13:22:43] Snapshot 291 / 720
Zapisano snapshot:
CaptureTime: 2026-03-29 13:22:43.758094
ServerName: deweloper
InstanceName: MSSQLSERVER
CpuPercent: 0.00
BatchRequestsPerSec: 29758
UserConnections: 8
BlockedSessions: 0
DeadlocksPerMin: 0
AvgQueryDurationMs: 10.59225000
AvgLogicalReads: 178.125000
TempdbUsedMb: 8.0000000
SignalWaitTimeMs: 278709451
PageLifeExpectancy: 46754
[2026-03-29 13:23:43] Snapshot 292 / 720
Zapisano snapshot:
CaptureTime: 2026-03-29 13:23:44.391200
ServerName: deweloper
InstanceName: MSSQLSERVER
CpuPercent: 0.00
BatchRequestsPerSec: 29775
UserConnections: 8
BlockedSessions: 0
DeadlocksPerMin: 0
AvgQueryDurationMs: 9.47260000
AvgLogicalReads: 232.800000
TempdbUsedMb: 8.0000000
SignalWaitTimeMs: 278831199
PageLifeExpectancy: 46754
[2026-03-29 13:24:44] Snapshot 293 / 720
Zapisano snapshot:
CaptureTime: 2026-03-29 13:24:45.020011
ServerName: deweloper
InstanceName: MSSQLSERVER
CpuPercent: 0.00
BatchRequestsPerSec: 29792
UserConnections: 8
BlockedSessions: 0
DeadlocksPerMin: 0
AvgQueryDurationMs: 5.71080000
AvgLogicalReads: 232.800000
TempdbUsedMb: 8.0000000
SignalWaitTimeMs: 278952076
PageLifeExpectancy: 46754
[2026-03-29 13:25:45] Snapshot 294 / 720
Zapisano snapshot:
CaptureTime: 2026-03-29 13:25:45.647680
ServerName: deweloper
InstanceName: MSSQLSERVER
CpuPercent: 0.00
BatchRequestsPerSec: 29809
UserConnections: 8
BlockedSessions: 0
DeadlocksPerMin: 0
AvgQueryDurationMs: 5.60600000
AvgLogicalReads: 232.800000
TempdbUsedMb: 8.0000000
SignalWaitTimeMs: 279073406
PageLifeExpectancy: 46754
[2026-03-29 13:26:45] Snapshot 295 / 720
Zapisano snapshot:
CaptureTime: 2026-03-29 13:26:46.279905
ServerName: deweloper
InstanceName: MSSQLSERVER
CpuPercent: 0.00
BatchRequestsPerSec: 29826
UserConnections: 8
BlockedSessions: 0
DeadlocksPerMin: 0
AvgQueryDurationMs: 5.79540000
AvgLogicalReads: 232.800000
TempdbUsedMb: 8.0000000
SignalWaitTimeMs: 279194631
PageLifeExpectancy: 46754
[2026-03-29 13:27:46] Snapshot 296 / 720
Zapisano snapshot:
CaptureTime: 2026-03-29 13:27:46.882948
ServerName: deweloper
InstanceName: MSSQLSERVER
CpuPercent: 0.00
BatchRequestsPerSec: 29847
UserConnections: 8
BlockedSessions: 0
DeadlocksPerMin: 0
AvgQueryDurationMs: 5.70780000
AvgLogicalReads: 232.800000
TempdbUsedMb: 8.0000000
SignalWaitTimeMs: 279321361
PageLifeExpectancy: 46754
[2026-03-29 13:28:46] Snapshot 297 / 720
Zapisano snapshot:
CaptureTime: 2026-03-29 13:28:47.797223
ServerName: deweloper
InstanceName: MSSQLSERVER
CpuPercent: 0.00
BatchRequestsPerSec: 29864
UserConnections: 8
BlockedSessions: 0
DeadlocksPerMin: 0
AvgQueryDurationMs: 6.53800000
AvgLogicalReads: 232.800000
TempdbUsedMb: 8.0000000
SignalWaitTimeMs: 279443262
PageLifeExpectancy: 46754
[2026-03-29 13:29:47] Snapshot 298 / 720
Zapisano snapshot:
CaptureTime: 2026-03-29 13:29:48.913420
ServerName: deweloper
InstanceName: MSSQLSERVER
CpuPercent: 0.00
BatchRequestsPerSec: 29881
UserConnections: 8
BlockedSessions: 0
DeadlocksPerMin: 0
AvgQueryDurationMs: 6.67740000
AvgLogicalReads: 232.800000
TempdbUsedMb: 8.0000000
SignalWaitTimeMs: 279565065
PageLifeExpectancy: 46754
[2026-03-29 13:30:48] Snapshot 299 / 720
Zapisano snapshot:
CaptureTime: 2026-03-29 13:30:49.522399
ServerName: deweloper
InstanceName: MSSQLSERVER
CpuPercent: 0.00
BatchRequestsPerSec: 29898
UserConnections: 8
BlockedSessions: 0
DeadlocksPerMin: 0
AvgQueryDurationMs: 5.68020000
AvgLogicalReads: 232.800000
TempdbUsedMb: 8.0000000
SignalWaitTimeMs: 279685734
PageLifeExpectancy: 46754
[2026-03-29 13:31:49] Snapshot 300 / 720
Zapisano snapshot:
CaptureTime: 2026-03-29 13:31:50.117184
ServerName: deweloper
InstanceName: MSSQLSERVER
CpuPercent: 0.00
BatchRequestsPerSec: 29915
UserConnections: 8
BlockedSessions: 0
DeadlocksPerMin: 0
AvgQueryDurationMs: 5.74580000
AvgLogicalReads: 232.800000
TempdbUsedMb: 8.0000000
SignalWaitTimeMs: 279806282
PageLifeExpectancy: 46754
[2026-03-29 13:32:50] Snapshot 301 / 720
Zapisano snapshot:
CaptureTime: 2026-03-29 13:32:50.726162
ServerName: deweloper
InstanceName: MSSQLSERVER
CpuPercent: 0.00
BatchRequestsPerSec: 29936
UserConnections: 8
BlockedSessions: 0
DeadlocksPerMin: 0
AvgQueryDurationMs: 5.76200000
AvgLogicalReads: 232.800000
TempdbUsedMb: 8.0000000
SignalWaitTimeMs: 279927678
PageLifeExpectancy: 46754
[2026-03-29 13:33:50] Snapshot 302 / 720
Zapisano snapshot:
CaptureTime: 2026-03-29 13:33:51.331166
ServerName: deweloper
InstanceName: MSSQLSERVER
CpuPercent: 0.00
BatchRequestsPerSec: 29953
UserConnections: 8
BlockedSessions: 0
DeadlocksPerMin: 0
AvgQueryDurationMs: 5.66000000
AvgLogicalReads: 232.800000
TempdbUsedMb: 8.0000000
SignalWaitTimeMs: 280049177
PageLifeExpectancy: 46754
[2026-03-29 13:34:51] Snapshot 303 / 720
Zapisano snapshot:
CaptureTime: 2026-03-29 13:34:51.946412
ServerName: deweloper
InstanceName: MSSQLSERVER
CpuPercent: 0.00
BatchRequestsPerSec: 29970
UserConnections: 8
BlockedSessions: 0
DeadlocksPerMin: 0
AvgQueryDurationMs: 5.58440000
AvgLogicalReads: 232.800000
TempdbUsedMb: 8.0000000
SignalWaitTimeMs: 280170025
PageLifeExpectancy: 46754
[2026-03-29 13:35:52] Snapshot 304 / 720
Zapisano snapshot:
CaptureTime: 2026-03-29 13:35:52.577062
ServerName: deweloper
InstanceName: MSSQLSERVER
CpuPercent: 0.00
BatchRequestsPerSec: 29987
UserConnections: 8
BlockedSessions: 0
DeadlocksPerMin: 0
AvgQueryDurationMs: 6.06040000
AvgLogicalReads: 232.800000
TempdbUsedMb: 8.0000000
SignalWaitTimeMs: 280318103
PageLifeExpectancy: 46754
[2026-03-29 13:36:52] Snapshot 305 / 720
Zapisano snapshot:
CaptureTime: 2026-03-29 13:36:54.286924
ServerName: deweloper
InstanceName: MSSQLSERVER
CpuPercent: 0.00
BatchRequestsPerSec: 30008
UserConnections: 8
BlockedSessions: 0
DeadlocksPerMin: 0
AvgQueryDurationMs: 13.51700000
AvgLogicalReads: 206.166666
TempdbUsedMb: 8.0000000
SignalWaitTimeMs: 280446620
PageLifeExpectancy: 46754
[2026-03-29 13:37:54] Snapshot 306 / 720
Zapisano snapshot:
CaptureTime: 2026-03-29 13:37:54.915691
ServerName: deweloper
InstanceName: MSSQLSERVER
CpuPercent: 0.00
BatchRequestsPerSec: 30025
UserConnections: 8
BlockedSessions: 0
DeadlocksPerMin: 0
AvgQueryDurationMs: 5.82100000
AvgLogicalReads: 232.800000
TempdbUsedMb: 8.0000000
SignalWaitTimeMs: 280568372
PageLifeExpectancy: 46754
[2026-03-29 13:38:54] Snapshot 307 / 720
Zapisano snapshot:
CaptureTime: 2026-03-29 13:38:56.121155
ServerName: deweloper
InstanceName: MSSQLSERVER
CpuPercent: 0.00
BatchRequestsPerSec: 30042
UserConnections: 8
BlockedSessions: 0
DeadlocksPerMin: 0
AvgQueryDurationMs: 9.22740000
AvgLogicalReads: 232.800000
TempdbUsedMb: 8.0000000
SignalWaitTimeMs: 280689703
PageLifeExpectancy: 46754
[2026-03-29 13:39:56] Snapshot 308 / 720
Zapisano snapshot:
CaptureTime: 2026-03-29 13:39:56.773055
ServerName: deweloper
InstanceName: MSSQLSERVER
CpuPercent: 0.00
BatchRequestsPerSec: 30059
UserConnections: 8
BlockedSessions: 0
DeadlocksPerMin: 0
AvgQueryDurationMs: 5.71600000
AvgLogicalReads: 232.800000
TempdbUsedMb: 8.0000000
SignalWaitTimeMs: 280811442
PageLifeExpectancy: 46754
[2026-03-29 13:40:56] Snapshot 309 / 720
Zapisano snapshot:
CaptureTime: 2026-03-29 13:40:57.385512
ServerName: deweloper
InstanceName: MSSQLSERVER
CpuPercent: 0.00
BatchRequestsPerSec: 30076
UserConnections: 8
BlockedSessions: 0
DeadlocksPerMin: 0
AvgQueryDurationMs: 5.74020000
AvgLogicalReads: 232.800000
TempdbUsedMb: 8.0000000
SignalWaitTimeMs: 280931956
PageLifeExpectancy: 46754
[2026-03-29 13:41:57] Snapshot 310 / 720
Zapisano snapshot:
CaptureTime: 2026-03-29 13:41:58.024965
ServerName: deweloper
InstanceName: MSSQLSERVER
CpuPercent: 0.00
BatchRequestsPerSec: 30097
UserConnections: 8
BlockedSessions: 0
DeadlocksPerMin: 0
AvgQueryDurationMs: 12.14883333
AvgLogicalReads: 232.500000
TempdbUsedMb: 8.0000000
SignalWaitTimeMs: 281053068
PageLifeExpectancy: 46754
[2026-03-29 13:42:58] Snapshot 311 / 720
Zapisano snapshot:
CaptureTime: 2026-03-29 13:42:58.659265
ServerName: deweloper
InstanceName: MSSQLSERVER
CpuPercent: 0.00
BatchRequestsPerSec: 30114
UserConnections: 8
BlockedSessions: 0
DeadlocksPerMin: 0
AvgQueryDurationMs: 8.84700000
AvgLogicalReads: 232.800000
TempdbUsedMb: 8.0000000
SignalWaitTimeMs: 281173886
PageLifeExpectancy: 46754
[2026-03-29 13:43:58] Snapshot 312 / 720
Zapisano snapshot:
CaptureTime: 2026-03-29 13:43:59.263678
ServerName: deweloper
InstanceName: MSSQLSERVER
CpuPercent: 0.00
BatchRequestsPerSec: 30131
UserConnections: 8
BlockedSessions: 0
DeadlocksPerMin: 0
AvgQueryDurationMs: 5.62600000
AvgLogicalReads: 232.800000
TempdbUsedMb: 8.0000000
SignalWaitTimeMs: 281302467
PageLifeExpectancy: 46754
[2026-03-29 13:44:59] Snapshot 313 / 720
Zapisano snapshot:
CaptureTime: 2026-03-29 13:44:59.898956
ServerName: deweloper
InstanceName: MSSQLSERVER
CpuPercent: 0.00
BatchRequestsPerSec: 30148
UserConnections: 8
BlockedSessions: 0
DeadlocksPerMin: 0
AvgQueryDurationMs: 5.68000000
AvgLogicalReads: 232.800000
TempdbUsedMb: 8.0000000
SignalWaitTimeMs: 281428648
PageLifeExpectancy: 46754
[2026-03-29 13:45:59] Snapshot 314 / 720
Zapisano snapshot:
CaptureTime: 2026-03-29 13:46:01.099595
ServerName: deweloper
InstanceName: MSSQLSERVER
CpuPercent: 0.00
BatchRequestsPerSec: 30165
UserConnections: 8
BlockedSessions: 0
DeadlocksPerMin: 0
AvgQueryDurationMs: 10.73260000
AvgLogicalReads: 232.800000
TempdbUsedMb: 8.0000000
SignalWaitTimeMs: 281555387
PageLifeExpectancy: 46754
[2026-03-29 13:47:01] Snapshot 315 / 720
Zapisano snapshot:
CaptureTime: 2026-03-29 13:47:01.741871
ServerName: deweloper
InstanceName: MSSQLSERVER
CpuPercent: 0.00
BatchRequestsPerSec: 30186
UserConnections: 8
BlockedSessions: 0
DeadlocksPerMin: 0
AvgQueryDurationMs: 5.64080000
AvgLogicalReads: 232.800000
TempdbUsedMb: 8.0000000
SignalWaitTimeMs: 281670422
PageLifeExpectancy: 46754
[2026-03-29 13:48:01] Snapshot 316 / 720
Zapisano snapshot:
CaptureTime: 2026-03-29 13:48:02.293064
ServerName: deweloper
InstanceName: MSSQLSERVER
CpuPercent: 0.00
BatchRequestsPerSec: 30203
UserConnections: 8
BlockedSessions: 0
DeadlocksPerMin: 0
AvgQueryDurationMs: 2.47314285
AvgLogicalReads: 89.714285
TempdbUsedMb: 8.0000000
SignalWaitTimeMs: 281799724
PageLifeExpectancy: 46754
[2026-03-29 13:49:02] Snapshot 317 / 720
Zapisano snapshot:
CaptureTime: 2026-03-29 13:49:02.899112
ServerName: deweloper
InstanceName: MSSQLSERVER
CpuPercent: 0.00
BatchRequestsPerSec: 30220
UserConnections: 8
BlockedSessions: 0
DeadlocksPerMin: 0
AvgQueryDurationMs: 5.57500000
AvgLogicalReads: 232.800000
TempdbUsedMb: 8.0000000
SignalWaitTimeMs: 281915299
PageLifeExpectancy: 46754
[2026-03-29 13:50:02] Snapshot 318 / 720
Zapisano snapshot:
CaptureTime: 2026-03-29 13:50:03.528309
ServerName: deweloper
InstanceName: MSSQLSERVER
CpuPercent: 0.00
BatchRequestsPerSec: 30237
UserConnections: 8
BlockedSessions: 0
DeadlocksPerMin: 0
AvgQueryDurationMs: 5.83360000
AvgLogicalReads: 232.800000
TempdbUsedMb: 8.0000000
SignalWaitTimeMs: 282042279
PageLifeExpectancy: 46754
[2026-03-29 13:51:03] Snapshot 319 / 720
Zapisano snapshot:
CaptureTime: 2026-03-29 13:51:04.279233
ServerName: deweloper
InstanceName: MSSQLSERVER
CpuPercent: 0.00
BatchRequestsPerSec: 30254
UserConnections: 8
BlockedSessions: 0
DeadlocksPerMin: 0
AvgQueryDurationMs: 5.63760000
AvgLogicalReads: 232.800000
TempdbUsedMb: 8.0000000
SignalWaitTimeMs: 282157408
PageLifeExpectancy: 46754
[2026-03-29 13:52:04] Snapshot 320 / 720
Zapisano snapshot:
CaptureTime: 2026-03-29 13:52:05.408621
ServerName: deweloper
InstanceName: MSSQLSERVER
CpuPercent: 0.00
BatchRequestsPerSec: 30275
UserConnections: 8
BlockedSessions: 0
DeadlocksPerMin: 0
AvgQueryDurationMs: 12.57383333
AvgLogicalReads: 232.500000
TempdbUsedMb: 8.0000000
SignalWaitTimeMs: 282285710
PageLifeExpectancy: 46754
[2026-03-29 13:53:05] Snapshot 321 / 720
Zapisano snapshot:
CaptureTime: 2026-03-29 13:53:07.571731
ServerName: deweloper
InstanceName: MSSQLSERVER
CpuPercent: 0.00
BatchRequestsPerSec: 30292
UserConnections: 8
BlockedSessions: 0
DeadlocksPerMin: 0
AvgQueryDurationMs: 6.76020000
AvgLogicalReads: 232.800000
TempdbUsedMb: 8.0000000
SignalWaitTimeMs: 282405466
PageLifeExpectancy: 46754
[2026-03-29 13:54:07] Snapshot 322 / 720
Zapisano snapshot:
CaptureTime: 2026-03-29 13:54:08.304723
ServerName: deweloper
InstanceName: MSSQLSERVER
CpuPercent: 0.00
BatchRequestsPerSec: 30309
UserConnections: 8
BlockedSessions: 0
DeadlocksPerMin: 0
AvgQueryDurationMs: 5.63300000
AvgLogicalReads: 232.800000
TempdbUsedMb: 8.0000000
SignalWaitTimeMs: 282532376
PageLifeExpectancy: 46754
[2026-03-29 13:55:08] Snapshot 323 / 720
Zapisano snapshot:
CaptureTime: 2026-03-29 13:55:09.907646
ServerName: deweloper
InstanceName: MSSQLSERVER
CpuPercent: 0.00
BatchRequestsPerSec: 30326
UserConnections: 8
BlockedSessions: 0
DeadlocksPerMin: 0
AvgQueryDurationMs: 8.10540000
AvgLogicalReads: 232.800000
TempdbUsedMb: 8.0000000
SignalWaitTimeMs: 282662283
PageLifeExpectancy: 46754
[2026-03-29 13:56:09] Snapshot 324 / 720
Zapisano snapshot:
CaptureTime: 2026-03-29 13:56:10.524336
ServerName: deweloper
InstanceName: MSSQLSERVER
CpuPercent: 0.00
BatchRequestsPerSec: 30343
UserConnections: 8
BlockedSessions: 0
DeadlocksPerMin: 0
AvgQueryDurationMs: 5.66760000
AvgLogicalReads: 232.800000
TempdbUsedMb: 8.0000000
SignalWaitTimeMs: 282785293
PageLifeExpectancy: 46754
[2026-03-29 13:57:10] Snapshot 325 / 720
Zapisano snapshot:
CaptureTime: 2026-03-29 13:57:11.175046
ServerName: deweloper
InstanceName: MSSQLSERVER
CpuPercent: 0.00
BatchRequestsPerSec: 30364
UserConnections: 8
BlockedSessions: 0
DeadlocksPerMin: 0
AvgQueryDurationMs: 5.59840000
AvgLogicalReads: 232.800000
TempdbUsedMb: 8.0000000
SignalWaitTimeMs: 282906441
PageLifeExpectancy: 46754
[2026-03-29 13:58:11] Snapshot 326 / 720
Zapisano snapshot:
CaptureTime: 2026-03-29 13:58:11.820973
ServerName: deweloper
InstanceName: MSSQLSERVER
CpuPercent: 0.00
BatchRequestsPerSec: 30381
UserConnections: 8
BlockedSessions: 0
DeadlocksPerMin: 0
AvgQueryDurationMs: 5.63780000
AvgLogicalReads: 232.800000
TempdbUsedMb: 8.0000000
SignalWaitTimeMs: 283029075
PageLifeExpectancy: 46754
[2026-03-29 13:59:11] Snapshot 327 / 720
Zapisano snapshot:
CaptureTime: 2026-03-29 13:59:12.441124
ServerName: deweloper
InstanceName: MSSQLSERVER
CpuPercent: 0.00
BatchRequestsPerSec: 30398
UserConnections: 8
BlockedSessions: 0
DeadlocksPerMin: 0
AvgQueryDurationMs: 5.92920000
AvgLogicalReads: 232.800000
TempdbUsedMb: 8.0000000
SignalWaitTimeMs: 283155832
PageLifeExpectancy: 46754
[2026-03-29 14:00:12] Snapshot 328 / 720
Zapisano snapshot:
CaptureTime: 2026-03-29 14:00:13.069813
ServerName: deweloper
InstanceName: MSSQLSERVER
CpuPercent: 0.00
BatchRequestsPerSec: 30415
UserConnections: 8
BlockedSessions: 0
DeadlocksPerMin: 0
AvgQueryDurationMs: 5.93600000
AvgLogicalReads: 232.800000
TempdbUsedMb: 8.0000000
SignalWaitTimeMs: 283279476
PageLifeExpectancy: 46754
[2026-03-29 14:01:13] Snapshot 329 / 720
Zapisano snapshot:
CaptureTime: 2026-03-29 14:01:13.684301
ServerName: deweloper
InstanceName: MSSQLSERVER
CpuPercent: 0.00
BatchRequestsPerSec: 30432
UserConnections: 8
BlockedSessions: 0
DeadlocksPerMin: 0
AvgQueryDurationMs: 5.71680000
AvgLogicalReads: 232.800000
TempdbUsedMb: 8.0000000
SignalWaitTimeMs: 283400148
PageLifeExpectancy: 46754
[2026-03-29 14:02:13] Snapshot 330 / 720
Zapisano snapshot:
CaptureTime: 2026-03-29 14:02:14.497274
ServerName: deweloper
InstanceName: MSSQLSERVER
CpuPercent: 0.00
BatchRequestsPerSec: 30453
UserConnections: 8
BlockedSessions: 0
DeadlocksPerMin: 0
AvgQueryDurationMs: 12.00900000
AvgLogicalReads: 232.500000
TempdbUsedMb: 8.0000000
SignalWaitTimeMs: 283520840
PageLifeExpectancy: 46754
[2026-03-29 14:03:14] Snapshot 331 / 720
Zapisano snapshot:
CaptureTime: 2026-03-29 14:03:15.129613
ServerName: deweloper
InstanceName: MSSQLSERVER
CpuPercent: 0.00
BatchRequestsPerSec: 30470
UserConnections: 8
BlockedSessions: 0
DeadlocksPerMin: 0
AvgQueryDurationMs: 5.71560000
AvgLogicalReads: 232.800000
TempdbUsedMb: 8.0000000
SignalWaitTimeMs: 283641935
PageLifeExpectancy: 46754
[2026-03-29 14:04:15] Snapshot 332 / 720
Zapisano snapshot:
CaptureTime: 2026-03-29 14:04:15.752782
ServerName: deweloper
InstanceName: MSSQLSERVER
CpuPercent: 0.00
BatchRequestsPerSec: 30487
UserConnections: 8
BlockedSessions: 0
DeadlocksPerMin: 0
AvgQueryDurationMs: 5.94820000
AvgLogicalReads: 232.800000
TempdbUsedMb: 8.0000000
SignalWaitTimeMs: 283764232
PageLifeExpectancy: 46754
[2026-03-29 14:05:15] Snapshot 333 / 720
Zapisano snapshot:
CaptureTime: 2026-03-29 14:05:16.328874
ServerName: deweloper
InstanceName: MSSQLSERVER
CpuPercent: 0.00
BatchRequestsPerSec: 30504
UserConnections: 8
BlockedSessions: 0
DeadlocksPerMin: 0
AvgQueryDurationMs: 5.67260000
AvgLogicalReads: 232.800000
TempdbUsedMb: 8.0000000
SignalWaitTimeMs: 283886137
PageLifeExpectancy: 46754
[2026-03-29 14:06:16] Snapshot 334 / 720
Zapisano snapshot:
CaptureTime: 2026-03-29 14:06:16.960345
ServerName: deweloper
InstanceName: MSSQLSERVER
CpuPercent: 0.00
BatchRequestsPerSec: 30521
UserConnections: 8
BlockedSessions: 0
DeadlocksPerMin: 0
AvgQueryDurationMs: 5.59220000
AvgLogicalReads: 232.800000
TempdbUsedMb: 8.0000000
SignalWaitTimeMs: 284007285
PageLifeExpectancy: 46754
[2026-03-29 14:07:17] Snapshot 335 / 720
Zapisano snapshot:
CaptureTime: 2026-03-29 14:07:17.588651
ServerName: deweloper
InstanceName: MSSQLSERVER
CpuPercent: 0.00
BatchRequestsPerSec: 30542
UserConnections: 8
BlockedSessions: 0
DeadlocksPerMin: 0
AvgQueryDurationMs: 12.34350000
AvgLogicalReads: 206.166666
TempdbUsedMb: 8.0000000
SignalWaitTimeMs: 284130332
PageLifeExpectancy: 46754
[2026-03-29 14:08:17] Snapshot 336 / 720
Zapisano snapshot:
CaptureTime: 2026-03-29 14:08:18.355387
ServerName: deweloper
InstanceName: MSSQLSERVER
CpuPercent: 0.00
BatchRequestsPerSec: 30559
UserConnections: 8
BlockedSessions: 0
DeadlocksPerMin: 0
AvgQueryDurationMs: 5.80100000
AvgLogicalReads: 232.800000
TempdbUsedMb: 8.0000000
SignalWaitTimeMs: 284258501
PageLifeExpectancy: 46754
[2026-03-29 14:09:18] Snapshot 337 / 720
Zapisano snapshot:
CaptureTime: 2026-03-29 14:09:19.038688
ServerName: deweloper
InstanceName: MSSQLSERVER
CpuPercent: 0.00
BatchRequestsPerSec: 30576
UserConnections: 8
BlockedSessions: 0
DeadlocksPerMin: 0
AvgQueryDurationMs: 5.86940000
AvgLogicalReads: 232.800000
TempdbUsedMb: 8.0000000
SignalWaitTimeMs: 284380651
PageLifeExpectancy: 46754
[2026-03-29 14:10:19] Snapshot 338 / 720
Zapisano snapshot:
CaptureTime: 2026-03-29 14:10:19.648666
ServerName: deweloper
InstanceName: MSSQLSERVER
CpuPercent: 0.00
BatchRequestsPerSec: 30593
UserConnections: 8
BlockedSessions: 0
DeadlocksPerMin: 0
AvgQueryDurationMs: 5.83700000
AvgLogicalReads: 232.800000
TempdbUsedMb: 8.0000000
SignalWaitTimeMs: 284501427
PageLifeExpectancy: 46754
[2026-03-29 14:11:19] Snapshot 339 / 720
Zapisano snapshot:
CaptureTime: 2026-03-29 14:11:23.365662
ServerName: deweloper
InstanceName: MSSQLSERVER
CpuPercent: 0.00
BatchRequestsPerSec: 30610
UserConnections: 8
BlockedSessions: 0
DeadlocksPerMin: 0
AvgQueryDurationMs: 6.34060000
AvgLogicalReads: 232.800000
TempdbUsedMb: 8.0000000
SignalWaitTimeMs: 284626139
PageLifeExpectancy: 46754
[2026-03-29 14:12:23] Snapshot 340 / 720
Zapisano snapshot:
CaptureTime: 2026-03-29 14:12:24.103943
ServerName: deweloper
InstanceName: MSSQLSERVER
CpuPercent: 0.00
BatchRequestsPerSec: 30631
UserConnections: 8
BlockedSessions: 0
DeadlocksPerMin: 0
AvgQueryDurationMs: 5.63200000
AvgLogicalReads: 232.800000
TempdbUsedMb: 8.0000000
SignalWaitTimeMs: 284757890
PageLifeExpectancy: 46754
[2026-03-29 14:13:24] Snapshot 341 / 720
Zapisano snapshot:
CaptureTime: 2026-03-29 14:13:24.739184
ServerName: deweloper
InstanceName: MSSQLSERVER
CpuPercent: 0.00
BatchRequestsPerSec: 30648
UserConnections: 8
BlockedSessions: 0
DeadlocksPerMin: 0
AvgQueryDurationMs: 5.66900000
AvgLogicalReads: 232.800000
TempdbUsedMb: 8.0000000
SignalWaitTimeMs: 284878689
PageLifeExpectancy: 46754
[2026-03-29 14:14:24] Snapshot 342 / 720
Zapisano snapshot:
CaptureTime: 2026-03-29 14:14:25.347495
ServerName: deweloper
InstanceName: MSSQLSERVER
CpuPercent: 0.00
BatchRequestsPerSec: 30665
UserConnections: 8
BlockedSessions: 0
DeadlocksPerMin: 0
AvgQueryDurationMs: 5.84020000
AvgLogicalReads: 232.800000
TempdbUsedMb: 8.0000000
SignalWaitTimeMs: 285015309
PageLifeExpectancy: 46754
[2026-03-29 14:15:25] Snapshot 343 / 720
Zapisano snapshot:
CaptureTime: 2026-03-29 14:15:25.943436
ServerName: deweloper
InstanceName: MSSQLSERVER
CpuPercent: 0.00
BatchRequestsPerSec: 30682
UserConnections: 8
BlockedSessions: 0
DeadlocksPerMin: 0
AvgQueryDurationMs: 5.74400000
AvgLogicalReads: 232.800000
TempdbUsedMb: 8.0000000
SignalWaitTimeMs: 285135951
PageLifeExpectancy: 46754
[2026-03-29 14:16:26] Snapshot 344 / 720
Zapisano snapshot:
CaptureTime: 2026-03-29 14:16:26.543420
ServerName: deweloper
InstanceName: MSSQLSERVER
CpuPercent: 0.00
BatchRequestsPerSec: 30699
UserConnections: 8
BlockedSessions: 0
DeadlocksPerMin: 0
AvgQueryDurationMs: 5.72240000
AvgLogicalReads: 232.800000
TempdbUsedMb: 8.0000000
SignalWaitTimeMs: 285257194
PageLifeExpectancy: 46754
[2026-03-29 14:17:26] Snapshot 345 / 720
Zapisano snapshot:
CaptureTime: 2026-03-29 14:17:27.189651
ServerName: deweloper
InstanceName: MSSQLSERVER
CpuPercent: 0.00
BatchRequestsPerSec: 30722
UserConnections: 8
BlockedSessions: 0
DeadlocksPerMin: 0
AvgQueryDurationMs: 11.97037500
AvgLogicalReads: 263.625000
TempdbUsedMb: 8.0000000
SignalWaitTimeMs: 285378350
PageLifeExpectancy: 46754
[2026-03-29 14:18:27] Snapshot 346 / 720
Zapisano snapshot:
CaptureTime: 2026-03-29 14:18:27.847183
ServerName: deweloper
InstanceName: MSSQLSERVER
CpuPercent: 0.00
BatchRequestsPerSec: 30739
UserConnections: 8
BlockedSessions: 0
DeadlocksPerMin: 0
AvgQueryDurationMs: 5.67240000
AvgLogicalReads: 232.800000
TempdbUsedMb: 8.0000000
SignalWaitTimeMs: 285499212
PageLifeExpectancy: 46754
[2026-03-29 14:19:28] Snapshot 347 / 720
Zapisano snapshot:
CaptureTime: 2026-03-29 14:19:28.984342
ServerName: deweloper
InstanceName: MSSQLSERVER
CpuPercent: 0.00
BatchRequestsPerSec: 30756
UserConnections: 8
BlockedSessions: 0
DeadlocksPerMin: 0
AvgQueryDurationMs: 6.34020000
AvgLogicalReads: 232.800000
TempdbUsedMb: 8.0000000
SignalWaitTimeMs: 285622933
PageLifeExpectancy: 46754
[2026-03-29 14:20:29] Snapshot 348 / 720
Zapisano snapshot:
CaptureTime: 2026-03-29 14:20:30.602660
ServerName: deweloper
InstanceName: MSSQLSERVER
CpuPercent: 0.00
BatchRequestsPerSec: 30773
UserConnections: 8
BlockedSessions: 0
DeadlocksPerMin: 0
AvgQueryDurationMs: 6.72780000
AvgLogicalReads: 232.800000
TempdbUsedMb: 8.0000000
SignalWaitTimeMs: 285752761
PageLifeExpectancy: 46754
[2026-03-29 14:21:30] Snapshot 349 / 720
Zapisano snapshot:
CaptureTime: 2026-03-29 14:21:31.186559
ServerName: deweloper
InstanceName: MSSQLSERVER
CpuPercent: 0.00
BatchRequestsPerSec: 30790
UserConnections: 8
BlockedSessions: 0
DeadlocksPerMin: 0
AvgQueryDurationMs: 5.90040000
AvgLogicalReads: 232.800000
TempdbUsedMb: 8.0000000
SignalWaitTimeMs: 285873620
PageLifeExpectancy: 46754
[2026-03-29 14:22:31] Snapshot 350 / 720
Zapisano snapshot:
CaptureTime: 2026-03-29 14:22:31.880211
ServerName: deweloper
InstanceName: MSSQLSERVER
CpuPercent: 0.00
BatchRequestsPerSec: 30811
UserConnections: 8
BlockedSessions: 0
DeadlocksPerMin: 0
AvgQueryDurationMs: 5.73240000
AvgLogicalReads: 232.800000
TempdbUsedMb: 8.0000000
SignalWaitTimeMs: 285993018
PageLifeExpectancy: 46754
[2026-03-29 14:23:31] Snapshot 351 / 720
Zapisano snapshot:
CaptureTime: 2026-03-29 14:23:32.541456
ServerName: deweloper
InstanceName: MSSQLSERVER
CpuPercent: 0.00
BatchRequestsPerSec: 30828
UserConnections: 8
BlockedSessions: 0
DeadlocksPerMin: 0
AvgQueryDurationMs: 5.79600000
AvgLogicalReads: 232.800000
TempdbUsedMb: 8.0000000
SignalWaitTimeMs: 286114045
PageLifeExpectancy: 46754
[2026-03-29 14:24:32] Snapshot 352 / 720
Zapisano snapshot:
CaptureTime: 2026-03-29 14:24:33.190925
ServerName: deweloper
InstanceName: MSSQLSERVER
CpuPercent: 0.00
BatchRequestsPerSec: 30845
UserConnections: 8
BlockedSessions: 0
DeadlocksPerMin: 0
AvgQueryDurationMs: 6.88980000
AvgLogicalReads: 232.800000
TempdbUsedMb: 8.0000000
SignalWaitTimeMs: 286239949
PageLifeExpectancy: 46754
[2026-03-29 14:25:33] Snapshot 353 / 720
Zapisano snapshot:
CaptureTime: 2026-03-29 14:25:33.836090
ServerName: deweloper
InstanceName: MSSQLSERVER
CpuPercent: 0.00
BatchRequestsPerSec: 30862
UserConnections: 8
BlockedSessions: 0
DeadlocksPerMin: 0
AvgQueryDurationMs: 5.68640000
AvgLogicalReads: 232.800000
TempdbUsedMb: 8.0000000
SignalWaitTimeMs: 286360765
PageLifeExpectancy: 46754
[2026-03-29 14:26:33] Snapshot 354 / 720
Zapisano snapshot:
CaptureTime: 2026-03-29 14:26:34.386940
ServerName: deweloper
InstanceName: MSSQLSERVER
CpuPercent: 0.00
BatchRequestsPerSec: 30879
UserConnections: 8
BlockedSessions: 0
DeadlocksPerMin: 0
AvgQueryDurationMs: 2.49042857
AvgLogicalReads: 89.714285
TempdbUsedMb: 8.0000000
SignalWaitTimeMs: 286481307
PageLifeExpectancy: 46754
[2026-03-29 14:27:34] Snapshot 355 / 720
Zapisano snapshot:
CaptureTime: 2026-03-29 14:27:35.838092
ServerName: deweloper
InstanceName: MSSQLSERVER
CpuPercent: 0.00
BatchRequestsPerSec: 30900
UserConnections: 8
BlockedSessions: 0
DeadlocksPerMin: 0
AvgQueryDurationMs: 12.11266666
AvgLogicalReads: 206.166666
TempdbUsedMb: 8.0000000
SignalWaitTimeMs: 286602546
PageLifeExpectancy: 46754
[2026-03-29 14:28:35] Snapshot 356 / 720
Zapisano snapshot:
CaptureTime: 2026-03-29 14:28:37.585490
ServerName: deweloper
InstanceName: MSSQLSERVER
CpuPercent: 0.00
BatchRequestsPerSec: 30917
UserConnections: 8
BlockedSessions: 0
DeadlocksPerMin: 0
AvgQueryDurationMs: 5.99960000
AvgLogicalReads: 232.800000
TempdbUsedMb: 8.0000000
SignalWaitTimeMs: 286732708
PageLifeExpectancy: 46754
[2026-03-29 14:29:37] Snapshot 357 / 720
Zapisano snapshot:
CaptureTime: 2026-03-29 14:29:38.345292
ServerName: deweloper
InstanceName: MSSQLSERVER
CpuPercent: 0.00
BatchRequestsPerSec: 30934
UserConnections: 8
BlockedSessions: 0
DeadlocksPerMin: 0
AvgQueryDurationMs: 5.62400000
AvgLogicalReads: 232.800000
TempdbUsedMb: 8.0000000
SignalWaitTimeMs: 286854407
PageLifeExpectancy: 46754
[2026-03-29 14:30:38] Snapshot 358 / 720
Zapisano snapshot:
CaptureTime: 2026-03-29 14:30:39.875462
ServerName: deweloper
InstanceName: MSSQLSERVER
CpuPercent: 0.00
BatchRequestsPerSec: 30951
UserConnections: 8
BlockedSessions: 0
DeadlocksPerMin: 0
AvgQueryDurationMs: 8.10560000
AvgLogicalReads: 232.800000
TempdbUsedMb: 8.0000000
SignalWaitTimeMs: 286976248
PageLifeExpectancy: 46754
[2026-03-29 14:31:39] Snapshot 359 / 720
Zapisano snapshot:
CaptureTime: 2026-03-29 14:31:40.515432
ServerName: deweloper
InstanceName: MSSQLSERVER
CpuPercent: 0.00
BatchRequestsPerSec: 30968
UserConnections: 8
BlockedSessions: 0
DeadlocksPerMin: 0
AvgQueryDurationMs: 5.83600000
AvgLogicalReads: 232.800000
TempdbUsedMb: 8.0000000
SignalWaitTimeMs: 287097379
PageLifeExpectancy: 46754
[2026-03-29 14:32:40] Snapshot 360 / 720
Zapisano snapshot:
CaptureTime: 2026-03-29 14:32:41.370852
ServerName: deweloper
InstanceName: MSSQLSERVER
CpuPercent: 0.00
BatchRequestsPerSec: 30989
UserConnections: 8
BlockedSessions: 0
DeadlocksPerMin: 0
AvgQueryDurationMs: 5.72000000
AvgLogicalReads: 232.800000
TempdbUsedMb: 8.0000000
SignalWaitTimeMs: 287224093
PageLifeExpectancy: 46754
[2026-03-29 14:33:41] Snapshot 361 / 720
Zapisano snapshot:
CaptureTime: 2026-03-29 14:33:42.129790
ServerName: deweloper
InstanceName: MSSQLSERVER
CpuPercent: 0.00
BatchRequestsPerSec: 31006
UserConnections: 8
BlockedSessions: 0
DeadlocksPerMin: 0
AvgQueryDurationMs: 6.81760000
AvgLogicalReads: 232.800000
TempdbUsedMb: 8.0000000
SignalWaitTimeMs: 287345832
PageLifeExpectancy: 46754
[2026-03-29 14:34:42] Snapshot 362 / 720
Zapisano snapshot:
CaptureTime: 2026-03-29 14:34:42.751068
ServerName: deweloper
InstanceName: MSSQLSERVER
CpuPercent: 0.00
BatchRequestsPerSec: 31023
UserConnections: 8
BlockedSessions: 0
DeadlocksPerMin: 0
AvgQueryDurationMs: 5.72800000
AvgLogicalReads: 232.800000
TempdbUsedMb: 8.0000000
SignalWaitTimeMs: 287471515
PageLifeExpectancy: 46754
[2026-03-29 14:35:42] Snapshot 363 / 720
Zapisano snapshot:
CaptureTime: 2026-03-29 14:35:43.358020
ServerName: deweloper
InstanceName: MSSQLSERVER
CpuPercent: 0.00
BatchRequestsPerSec: 31040
UserConnections: 8
BlockedSessions: 0
DeadlocksPerMin: 0
AvgQueryDurationMs: 5.80940000
AvgLogicalReads: 232.800000
TempdbUsedMb: 8.0000000
SignalWaitTimeMs: 287593249
PageLifeExpectancy: 46754
[2026-03-29 14:36:43] Snapshot 364 / 720
Zapisano snapshot:
CaptureTime: 2026-03-29 14:36:43.947289
ServerName: deweloper
InstanceName: MSSQLSERVER
CpuPercent: 0.00
BatchRequestsPerSec: 31057
UserConnections: 8
BlockedSessions: 0
DeadlocksPerMin: 0
AvgQueryDurationMs: 5.72360000
AvgLogicalReads: 232.800000
TempdbUsedMb: 8.0000000
SignalWaitTimeMs: 287715094
PageLifeExpectancy: 46754
[2026-03-29 14:37:44] Snapshot 365 / 720
Zapisano snapshot:
CaptureTime: 2026-03-29 14:37:44.838144
ServerName: deweloper
InstanceName: MSSQLSERVER
CpuPercent: 0.00
BatchRequestsPerSec: 31078
UserConnections: 8
BlockedSessions: 0
DeadlocksPerMin: 0
AvgQueryDurationMs: 5.73740000
AvgLogicalReads: 232.800000
TempdbUsedMb: 8.0000000
SignalWaitTimeMs: 287835706
PageLifeExpectancy: 46754
[2026-03-29 14:38:44] Snapshot 366 / 720
Zapisano snapshot:
CaptureTime: 2026-03-29 14:38:45.444664
ServerName: deweloper
InstanceName: MSSQLSERVER
CpuPercent: 0.00
BatchRequestsPerSec: 31095
UserConnections: 8
BlockedSessions: 0
DeadlocksPerMin: 0
AvgQueryDurationMs: 5.99380000
AvgLogicalReads: 232.800000
TempdbUsedMb: 8.0000000
SignalWaitTimeMs: 287957060
PageLifeExpectancy: 46754
[2026-03-29 14:39:45] Snapshot 367 / 720
Zapisano snapshot:
CaptureTime: 2026-03-29 14:39:46.004472
ServerName: deweloper
InstanceName: MSSQLSERVER
CpuPercent: 0.00
BatchRequestsPerSec: 31112
UserConnections: 8
BlockedSessions: 0
DeadlocksPerMin: 0
AvgQueryDurationMs: 2.65857142
AvgLogicalReads: 89.714285
TempdbUsedMb: 8.0000000
SignalWaitTimeMs: 288078640
PageLifeExpectancy: 46754
[2026-03-29 14:40:46] Snapshot 368 / 720
Zapisano snapshot:
CaptureTime: 2026-03-29 14:40:46.626198
ServerName: deweloper
InstanceName: MSSQLSERVER
CpuPercent: 0.00
BatchRequestsPerSec: 31129
UserConnections: 8
BlockedSessions: 0
DeadlocksPerMin: 0
AvgQueryDurationMs: 5.63220000
AvgLogicalReads: 232.800000
TempdbUsedMb: 8.0000000
SignalWaitTimeMs: 288201383
PageLifeExpectancy: 46754
[2026-03-29 14:41:46] Snapshot 369 / 720
Zapisano snapshot:
CaptureTime: 2026-03-29 14:41:47.243137
ServerName: deweloper
InstanceName: MSSQLSERVER
CpuPercent: 0.00
BatchRequestsPerSec: 31146
UserConnections: 8
BlockedSessions: 0
DeadlocksPerMin: 0
AvgQueryDurationMs: 5.82460000
AvgLogicalReads: 232.800000
TempdbUsedMb: 8.0000000
SignalWaitTimeMs: 288321936
PageLifeExpectancy: 46754
[2026-03-29 14:42:47] Snapshot 370 / 720
Zapisano snapshot:
CaptureTime: 2026-03-29 14:42:47.882336
ServerName: deweloper
InstanceName: MSSQLSERVER
CpuPercent: 0.00
BatchRequestsPerSec: 31167
UserConnections: 8
BlockedSessions: 0
DeadlocksPerMin: 0
AvgQueryDurationMs: 6.39780000
AvgLogicalReads: 232.800000
TempdbUsedMb: 8.0000000
SignalWaitTimeMs: 288443058
PageLifeExpectancy: 46754
[2026-03-29 14:43:47] Snapshot 371 / 720
Zapisano snapshot:
CaptureTime: 2026-03-29 14:43:48.612375
ServerName: deweloper
InstanceName: MSSQLSERVER
CpuPercent: 0.00
BatchRequestsPerSec: 31184
UserConnections: 8
BlockedSessions: 0
DeadlocksPerMin: 0
AvgQueryDurationMs: 5.70940000
AvgLogicalReads: 232.800000
TempdbUsedMb: 8.0000000
SignalWaitTimeMs: 288577874
PageLifeExpectancy: 46754
[2026-03-29 14:44:48] Snapshot 372 / 720
Zapisano snapshot:
CaptureTime: 2026-03-29 14:44:50.357520
ServerName: deweloper
InstanceName: MSSQLSERVER
CpuPercent: 0.00
BatchRequestsPerSec: 31201
UserConnections: 8
BlockedSessions: 0
DeadlocksPerMin: 0
AvgQueryDurationMs: 8.14540000
AvgLogicalReads: 232.800000
TempdbUsedMb: 8.0000000
SignalWaitTimeMs: 288700649
PageLifeExpectancy: 46754
[2026-03-29 14:45:50] Snapshot 373 / 720
Zapisano snapshot:
CaptureTime: 2026-03-29 14:45:51.690567
ServerName: deweloper
InstanceName: MSSQLSERVER
CpuPercent: 0.00
BatchRequestsPerSec: 31218
UserConnections: 8
BlockedSessions: 0
DeadlocksPerMin: 0
AvgQueryDurationMs: 7.88900000
AvgLogicalReads: 232.800000
TempdbUsedMb: 8.0000000
SignalWaitTimeMs: 288821255
PageLifeExpectancy: 46754
[2026-03-29 14:46:51] Snapshot 374 / 720
Zapisano snapshot:
CaptureTime: 2026-03-29 14:46:52.327172
ServerName: deweloper
InstanceName: MSSQLSERVER
CpuPercent: 0.00
BatchRequestsPerSec: 31235
UserConnections: 7
BlockedSessions: 0
DeadlocksPerMin: 0
AvgQueryDurationMs: 5.68420000
AvgLogicalReads: 232.800000
TempdbUsedMb: 8.0000000
SignalWaitTimeMs: 288942696
PageLifeExpectancy: 46754
[2026-03-29 14:47:52] Snapshot 375 / 720
Zapisano snapshot:
CaptureTime: 2026-03-29 14:47:52.943799
ServerName: deweloper
InstanceName: MSSQLSERVER
CpuPercent: 0.00
BatchRequestsPerSec: 31256
UserConnections: 8
BlockedSessions: 0
DeadlocksPerMin: 0
AvgQueryDurationMs: 5.63000000
AvgLogicalReads: 232.800000
TempdbUsedMb: 8.0000000
SignalWaitTimeMs: 289063180
PageLifeExpectancy: 46754
[2026-03-29 14:48:53] Snapshot 376 / 720
Zapisano snapshot:
CaptureTime: 2026-03-29 14:48:53.549335
ServerName: deweloper
InstanceName: MSSQLSERVER
CpuPercent: 0.00
BatchRequestsPerSec: 31273
UserConnections: 8
BlockedSessions: 0
DeadlocksPerMin: 0
AvgQueryDurationMs: 5.71940000
AvgLogicalReads: 232.800000
TempdbUsedMb: 8.0000000
SignalWaitTimeMs: 289184341
PageLifeExpectancy: 46754
[2026-03-29 14:49:53] Snapshot 377 / 720
Zapisano snapshot:
CaptureTime: 2026-03-29 14:49:54.167212
ServerName: deweloper
InstanceName: MSSQLSERVER
CpuPercent: 0.00
BatchRequestsPerSec: 31290
UserConnections: 8
BlockedSessions: 0
DeadlocksPerMin: 0
AvgQueryDurationMs: 5.73400000
AvgLogicalReads: 232.800000
TempdbUsedMb: 8.0000000
SignalWaitTimeMs: 289333416
PageLifeExpectancy: 46754
[2026-03-29 14:50:54] Snapshot 378 / 720
Zapisano snapshot:
CaptureTime: 2026-03-29 14:50:54.798677
ServerName: deweloper
InstanceName: MSSQLSERVER
CpuPercent: 0.00
BatchRequestsPerSec: 31307
UserConnections: 8
BlockedSessions: 0
DeadlocksPerMin: 0
AvgQueryDurationMs: 5.63020000
AvgLogicalReads: 232.800000
TempdbUsedMb: 8.0000000
SignalWaitTimeMs: 289431751
PageLifeExpectancy: 46754
[2026-03-29 14:51:54] Snapshot 379 / 720
Zapisano snapshot:
CaptureTime: 2026-03-29 14:51:55.415596
ServerName: deweloper
InstanceName: MSSQLSERVER
CpuPercent: 0.00
BatchRequestsPerSec: 31328
UserConnections: 8
BlockedSessions: 0
DeadlocksPerMin: 0
AvgQueryDurationMs: 5.72220000
AvgLogicalReads: 232.800000
TempdbUsedMb: 8.0000000
SignalWaitTimeMs: 289581048
PageLifeExpectancy: 46754
[2026-03-29 14:52:55] Snapshot 380 / 720
Zapisano snapshot:
CaptureTime: 2026-03-29 14:52:56.026139
ServerName: deweloper
InstanceName: MSSQLSERVER
CpuPercent: 0.00
BatchRequestsPerSec: 31345
UserConnections: 8
BlockedSessions: 0
DeadlocksPerMin: 0
AvgQueryDurationMs: 5.66680000
AvgLogicalReads: 232.800000
TempdbUsedMb: 8.0000000
SignalWaitTimeMs: 289704321
PageLifeExpectancy: 46754
[2026-03-29 14:53:56] Snapshot 381 / 720
Zapisano snapshot:
CaptureTime: 2026-03-29 14:53:56.631981
ServerName: deweloper
InstanceName: MSSQLSERVER
CpuPercent: 0.00
BatchRequestsPerSec: 31362
UserConnections: 8
BlockedSessions: 0
DeadlocksPerMin: 0
AvgQueryDurationMs: 5.75820000
AvgLogicalReads: 232.800000
TempdbUsedMb: 8.0000000
SignalWaitTimeMs: 289825403
PageLifeExpectancy: 46754
[2026-03-29 14:54:56] Snapshot 382 / 720
Zapisano snapshot:
CaptureTime: 2026-03-29 14:54:57.239987
ServerName: deweloper
InstanceName: MSSQLSERVER
CpuPercent: 0.00
BatchRequestsPerSec: 31379
UserConnections: 8
BlockedSessions: 0
DeadlocksPerMin: 0
AvgQueryDurationMs: 5.70700000
AvgLogicalReads: 232.800000
TempdbUsedMb: 8.0000000
SignalWaitTimeMs: 289947686
PageLifeExpectancy: 46754
[2026-03-29 14:55:57] Snapshot 383 / 720
Zapisano snapshot:
CaptureTime: 2026-03-29 14:56:00.378486
ServerName: deweloper
InstanceName: MSSQLSERVER
CpuPercent: 0.00
BatchRequestsPerSec: 31396
UserConnections: 8
BlockedSessions: 0
DeadlocksPerMin: 0
AvgQueryDurationMs: 8.85700000
AvgLogicalReads: 232.800000
TempdbUsedMb: 8.0000000
SignalWaitTimeMs: 290078443
PageLifeExpectancy: 46754
[2026-03-29 14:57:00] Snapshot 384 / 720
Zapisano snapshot:
CaptureTime: 2026-03-29 14:57:01.044860
ServerName: deweloper
InstanceName: MSSQLSERVER
CpuPercent: 0.00
BatchRequestsPerSec: 31417
UserConnections: 8
BlockedSessions: 0
DeadlocksPerMin: 0
AvgQueryDurationMs: 12.29966666
AvgLogicalReads: 206.166666
TempdbUsedMb: 8.0000000
SignalWaitTimeMs: 290199695
PageLifeExpectancy: 46754
[2026-03-29 14:58:01] Snapshot 385 / 720
Zapisano snapshot:
CaptureTime: 2026-03-29 14:58:03.485916
ServerName: deweloper
InstanceName: MSSQLSERVER
CpuPercent: 0.00
BatchRequestsPerSec: 31434
UserConnections: 8
BlockedSessions: 0
DeadlocksPerMin: 0
AvgQueryDurationMs: 9.77620000
AvgLogicalReads: 232.800000
TempdbUsedMb: 8.0000000
SignalWaitTimeMs: 290325384
PageLifeExpectancy: 46754
[2026-03-29 14:59:03] Snapshot 386 / 720
Zapisano snapshot:
CaptureTime: 2026-03-29 14:59:04.145452
ServerName: deweloper
InstanceName: MSSQLSERVER
CpuPercent: 0.00
BatchRequestsPerSec: 31451
UserConnections: 8
BlockedSessions: 0
DeadlocksPerMin: 0
AvgQueryDurationMs: 5.61420000
AvgLogicalReads: 232.800000
TempdbUsedMb: 8.0000000
SignalWaitTimeMs: 290441558
PageLifeExpectancy: 46754
[2026-03-29 15:00:04] Snapshot 387 / 720
Zapisano snapshot:
CaptureTime: 2026-03-29 15:00:04.753161
ServerName: deweloper
InstanceName: MSSQLSERVER
CpuPercent: 0.00
BatchRequestsPerSec: 31468
UserConnections: 8
BlockedSessions: 0
DeadlocksPerMin: 0
AvgQueryDurationMs: 5.58940000
AvgLogicalReads: 232.800000
TempdbUsedMb: 8.0000000
SignalWaitTimeMs: 290566953
PageLifeExpectancy: 46754
[2026-03-29 15:01:04] Snapshot 388 / 720
Zapisano snapshot:
CaptureTime: 2026-03-29 15:01:05.360688
ServerName: deweloper
InstanceName: MSSQLSERVER
CpuPercent: 0.00
BatchRequestsPerSec: 31485
UserConnections: 8
BlockedSessions: 0
DeadlocksPerMin: 0
AvgQueryDurationMs: 6.00840000
AvgLogicalReads: 232.800000
TempdbUsedMb: 8.0000000
SignalWaitTimeMs: 290682596
PageLifeExpectancy: 46754
[2026-03-29 15:02:05] Snapshot 389 / 720
Zapisano snapshot:
CaptureTime: 2026-03-29 15:02:06.019163
ServerName: deweloper
InstanceName: MSSQLSERVER
CpuPercent: 0.00
BatchRequestsPerSec: 31506
UserConnections: 8
BlockedSessions: 0
DeadlocksPerMin: 0
AvgQueryDurationMs: 5.58680000
AvgLogicalReads: 232.800000
TempdbUsedMb: 8.0000000
SignalWaitTimeMs: 290809511
PageLifeExpectancy: 46754
[2026-03-29 15:03:06] Snapshot 390 / 720
Zapisano snapshot:
CaptureTime: 2026-03-29 15:03:06.624048
ServerName: deweloper
InstanceName: MSSQLSERVER
CpuPercent: 0.00
BatchRequestsPerSec: 31523
UserConnections: 8
BlockedSessions: 0
DeadlocksPerMin: 0
AvgQueryDurationMs: 5.70220000
AvgLogicalReads: 232.800000
TempdbUsedMb: 8.0000000
SignalWaitTimeMs: 290930505
PageLifeExpectancy: 46754
[2026-03-29 15:04:06] Snapshot 391 / 720
Zapisano snapshot:
CaptureTime: 2026-03-29 15:04:07.233049
ServerName: deweloper
InstanceName: MSSQLSERVER
CpuPercent: 0.00
BatchRequestsPerSec: 31540
UserConnections: 8
BlockedSessions: 0
DeadlocksPerMin: 0
AvgQueryDurationMs: 6.08260000
AvgLogicalReads: 232.800000
TempdbUsedMb: 8.0000000
SignalWaitTimeMs: 291056951
PageLifeExpectancy: 46754
[2026-03-29 15:05:07] Snapshot 392 / 720
Zapisano snapshot:
CaptureTime: 2026-03-29 15:05:08.256533
ServerName: deweloper
InstanceName: MSSQLSERVER
CpuPercent: 0.00
BatchRequestsPerSec: 31557
UserConnections: 8
BlockedSessions: 0
DeadlocksPerMin: 0
AvgQueryDurationMs: 6.66380000
AvgLogicalReads: 232.800000
TempdbUsedMb: 8.0000000
SignalWaitTimeMs: 291172751
PageLifeExpectancy: 46754
[2026-03-29 15:06:08] Snapshot 393 / 720
Zapisano snapshot:
CaptureTime: 2026-03-29 15:06:08.897294
ServerName: deweloper
InstanceName: MSSQLSERVER
CpuPercent: 0.00
BatchRequestsPerSec: 31574
UserConnections: 8
BlockedSessions: 0
DeadlocksPerMin: 0
AvgQueryDurationMs: 6.27080000
AvgLogicalReads: 232.800000
TempdbUsedMb: 8.0000000
SignalWaitTimeMs: 291298981
PageLifeExpectancy: 46754
[2026-03-29 15:07:08] Snapshot 394 / 720
Zapisano snapshot:
CaptureTime: 2026-03-29 15:07:09.501503
ServerName: deweloper
InstanceName: MSSQLSERVER
CpuPercent: 0.00
BatchRequestsPerSec: 31595
UserConnections: 8
BlockedSessions: 0
DeadlocksPerMin: 0
AvgQueryDurationMs: 12.06133333
AvgLogicalReads: 206.166666
TempdbUsedMb: 8.0000000
SignalWaitTimeMs: 291415119
PageLifeExpectancy: 46754
[2026-03-29 15:08:09] Snapshot 395 / 720
Zapisano snapshot:
CaptureTime: 2026-03-29 15:08:10.101821
ServerName: deweloper
InstanceName: MSSQLSERVER
CpuPercent: 0.00
BatchRequestsPerSec: 31612
UserConnections: 8
BlockedSessions: 0
DeadlocksPerMin: 0
AvgQueryDurationMs: 5.75040000
AvgLogicalReads: 232.800000
TempdbUsedMb: 8.0000000
SignalWaitTimeMs: 291549766
PageLifeExpectancy: 46754
[2026-03-29 15:09:10] Snapshot 396 / 720
Zapisano snapshot:
CaptureTime: 2026-03-29 15:09:10.735187
ServerName: deweloper
InstanceName: MSSQLSERVER
CpuPercent: 0.00
BatchRequestsPerSec: 31629
UserConnections: 8
BlockedSessions: 0
DeadlocksPerMin: 0
AvgQueryDurationMs: 5.56800000
AvgLogicalReads: 232.800000
TempdbUsedMb: 8.0000000
SignalWaitTimeMs: 291671120
PageLifeExpectancy: 46754
[2026-03-29 15:10:10] Snapshot 397 / 720
Zapisano snapshot:
CaptureTime: 2026-03-29 15:10:11.351240
ServerName: deweloper
InstanceName: MSSQLSERVER
CpuPercent: 0.00
BatchRequestsPerSec: 31646
UserConnections: 8
BlockedSessions: 0
DeadlocksPerMin: 0
AvgQueryDurationMs: 5.72940000
AvgLogicalReads: 232.800000
TempdbUsedMb: 8.0000000
SignalWaitTimeMs: 291791999
PageLifeExpectancy: 46754
[2026-03-29 15:11:11] Snapshot 398 / 720
Zapisano snapshot:
CaptureTime: 2026-03-29 15:11:11.991964
ServerName: deweloper
InstanceName: MSSQLSERVER
CpuPercent: 0.00
BatchRequestsPerSec: 31663
UserConnections: 8
BlockedSessions: 0
DeadlocksPerMin: 0
AvgQueryDurationMs: 5.63120000
AvgLogicalReads: 232.800000
TempdbUsedMb: 8.0000000
SignalWaitTimeMs: 291912877
PageLifeExpectancy: 46754
[2026-03-29 15:12:12] Snapshot 399 / 720
Zapisano snapshot:
CaptureTime: 2026-03-29 15:12:12.670233
ServerName: deweloper
InstanceName: MSSQLSERVER
CpuPercent: 0.00
BatchRequestsPerSec: 31684
UserConnections: 8
BlockedSessions: 0
DeadlocksPerMin: 0
AvgQueryDurationMs: 12.54033333
AvgLogicalReads: 232.500000
TempdbUsedMb: 8.0000000
SignalWaitTimeMs: 292037672
PageLifeExpectancy: 46754
[2026-03-29 15:13:12] Snapshot 400 / 720
Zapisano snapshot:
CaptureTime: 2026-03-29 15:13:13.296145
ServerName: deweloper
InstanceName: MSSQLSERVER
CpuPercent: 0.00
BatchRequestsPerSec: 31701
UserConnections: 8
BlockedSessions: 0
DeadlocksPerMin: 0
AvgQueryDurationMs: 5.73320000
AvgLogicalReads: 232.800000
TempdbUsedMb: 8.0000000
SignalWaitTimeMs: 292163487
PageLifeExpectancy: 46754
[2026-03-29 15:14:13] Snapshot 401 / 720
Zapisano snapshot:
CaptureTime: 2026-03-29 15:14:13.911345
ServerName: deweloper
InstanceName: MSSQLSERVER
CpuPercent: 0.00
BatchRequestsPerSec: 31718
UserConnections: 8
BlockedSessions: 0
DeadlocksPerMin: 0
AvgQueryDurationMs: 7.35480000
AvgLogicalReads: 232.800000
TempdbUsedMb: 8.0000000
SignalWaitTimeMs: 292284240
PageLifeExpectancy: 46754
[2026-03-29 15:15:13] Snapshot 402 / 720
Zapisano snapshot:
CaptureTime: 2026-03-29 15:15:14.536767
ServerName: deweloper
InstanceName: MSSQLSERVER
CpuPercent: 0.00
BatchRequestsPerSec: 31735
UserConnections: 8
BlockedSessions: 0
DeadlocksPerMin: 0
AvgQueryDurationMs: 5.65260000
AvgLogicalReads: 232.800000
TempdbUsedMb: 8.0000000
SignalWaitTimeMs: 292405825
PageLifeExpectancy: 46754
[2026-03-29 15:16:14] Snapshot 403 / 720
Zapisano snapshot:
CaptureTime: 2026-03-29 15:16:15.140749
ServerName: deweloper
InstanceName: MSSQLSERVER
CpuPercent: 0.00
BatchRequestsPerSec: 31752
UserConnections: 8
BlockedSessions: 0
DeadlocksPerMin: 0
AvgQueryDurationMs: 5.93540000
AvgLogicalReads: 232.800000
TempdbUsedMb: 8.0000000
SignalWaitTimeMs: 292526596
PageLifeExpectancy: 46754
[2026-03-29 15:17:15] Snapshot 404 / 720
Zapisano snapshot:
CaptureTime: 2026-03-29 15:17:15.889080
ServerName: deweloper
InstanceName: MSSQLSERVER
CpuPercent: 0.00
BatchRequestsPerSec: 31775
UserConnections: 8
BlockedSessions: 0
DeadlocksPerMin: 0
AvgQueryDurationMs: None
AvgLogicalReads: None
TempdbUsedMb: 8.0000000
SignalWaitTimeMs: 292649013
PageLifeExpectancy: 46754
[2026-03-29 15:18:15] Snapshot 405 / 720
Zapisano snapshot:
CaptureTime: 2026-03-29 15:18:16.546622
ServerName: deweloper
InstanceName: MSSQLSERVER
CpuPercent: 0.00
BatchRequestsPerSec: 31793
UserConnections: 8
BlockedSessions: 0
DeadlocksPerMin: 0
AvgQueryDurationMs: 6.11700000
AvgLogicalReads: 232.800000
TempdbUsedMb: 8.0000000
SignalWaitTimeMs: 292769442
PageLifeExpectancy: 46754
[2026-03-29 15:19:16] Snapshot 406 / 720
Zapisano snapshot:
CaptureTime: 2026-03-29 15:19:17.211171
ServerName: deweloper
InstanceName: MSSQLSERVER
CpuPercent: 0.00
BatchRequestsPerSec: 31810
UserConnections: 8
BlockedSessions: 0
DeadlocksPerMin: 0
AvgQueryDurationMs: 6.11120000
AvgLogicalReads: 232.800000
TempdbUsedMb: 8.0000000
SignalWaitTimeMs: 292890542
PageLifeExpectancy: 46754
[2026-03-29 15:20:17] Snapshot 407 / 720
Zapisano snapshot:
CaptureTime: 2026-03-29 15:20:17.837871
ServerName: deweloper
InstanceName: MSSQLSERVER
CpuPercent: 0.00
BatchRequestsPerSec: 31827
UserConnections: 8
BlockedSessions: 0
DeadlocksPerMin: 0
AvgQueryDurationMs: 5.72120000
AvgLogicalReads: 232.800000
TempdbUsedMb: 8.0000000
SignalWaitTimeMs: 293013130
PageLifeExpectancy: 46754
[2026-03-29 15:21:17] Snapshot 408 / 720
Zapisano snapshot:
CaptureTime: 2026-03-29 15:21:18.432868
ServerName: deweloper
InstanceName: MSSQLSERVER
CpuPercent: 0.00
BatchRequestsPerSec: 31844
UserConnections: 8
BlockedSessions: 0
DeadlocksPerMin: 0
AvgQueryDurationMs: 5.61640000
AvgLogicalReads: 232.800000
TempdbUsedMb: 8.0000000
SignalWaitTimeMs: 293133785
PageLifeExpectancy: 46754
[2026-03-29 15:22:18] Snapshot 409 / 720
Zapisano snapshot:
CaptureTime: 2026-03-29 15:22:19.044818
ServerName: deweloper
InstanceName: MSSQLSERVER
CpuPercent: 0.00
BatchRequestsPerSec: 31865
UserConnections: 8
BlockedSessions: 0
DeadlocksPerMin: 0
AvgQueryDurationMs: 9.16675000
AvgLogicalReads: 178.125000
TempdbUsedMb: 8.0000000
SignalWaitTimeMs: 293253081
PageLifeExpectancy: 46754
[2026-03-29 15:23:19] Snapshot 410 / 720
Zapisano snapshot:
CaptureTime: 2026-03-29 15:23:19.655600
ServerName: deweloper
InstanceName: MSSQLSERVER
CpuPercent: 0.00
BatchRequestsPerSec: 31882
UserConnections: 8
BlockedSessions: 0
DeadlocksPerMin: 0
AvgQueryDurationMs: 6.75820000
AvgLogicalReads: 232.800000
TempdbUsedMb: 8.0000000
SignalWaitTimeMs: 293380696
PageLifeExpectancy: 46754
[2026-03-29 15:24:19] Snapshot 411 / 720
Zapisano snapshot:
CaptureTime: 2026-03-29 15:24:21.034179
ServerName: deweloper
InstanceName: MSSQLSERVER
CpuPercent: 0.00
BatchRequestsPerSec: 31899
UserConnections: 8
BlockedSessions: 0
DeadlocksPerMin: 0
AvgQueryDurationMs: 8.72520000
AvgLogicalReads: 232.800000
TempdbUsedMb: 8.0000000
SignalWaitTimeMs: 293501714
PageLifeExpectancy: 46754
[2026-03-29 15:25:21] Snapshot 412 / 720
Zapisano snapshot:
CaptureTime: 2026-03-29 15:25:21.679384
ServerName: deweloper
InstanceName: MSSQLSERVER
CpuPercent: 0.00
BatchRequestsPerSec: 31916
UserConnections: 8
BlockedSessions: 0
DeadlocksPerMin: 0
AvgQueryDurationMs: 5.98960000
AvgLogicalReads: 232.800000
TempdbUsedMb: 8.0000000
SignalWaitTimeMs: 293622878
PageLifeExpectancy: 46754
[2026-03-29 15:26:21] Snapshot 413 / 720
Zapisano snapshot:
CaptureTime: 2026-03-29 15:26:22.296718
ServerName: deweloper
InstanceName: MSSQLSERVER
CpuPercent: 0.00
BatchRequestsPerSec: 31933
UserConnections: 8
BlockedSessions: 0
DeadlocksPerMin: 0
AvgQueryDurationMs: 5.73120000
AvgLogicalReads: 232.800000
TempdbUsedMb: 8.0000000
SignalWaitTimeMs: 293744495
PageLifeExpectancy: 46754
[2026-03-29 15:27:22] Snapshot 414 / 720
Zapisano snapshot:
CaptureTime: 2026-03-29 15:27:22.949716
ServerName: deweloper
InstanceName: MSSQLSERVER
CpuPercent: 0.00
BatchRequestsPerSec: 31954
UserConnections: 8
BlockedSessions: 0
DeadlocksPerMin: 0
AvgQueryDurationMs: 6.28620000
AvgLogicalReads: 232.800000
TempdbUsedMb: 8.0000000
SignalWaitTimeMs: 293865724
PageLifeExpectancy: 46754
[2026-03-29 15:28:23] Snapshot 415 / 720
Zapisano snapshot:
CaptureTime: 2026-03-29 15:28:23.590787
ServerName: deweloper
InstanceName: MSSQLSERVER
CpuPercent: 0.00
BatchRequestsPerSec: 31971
UserConnections: 8
BlockedSessions: 0
DeadlocksPerMin: 0
AvgQueryDurationMs: 5.70040000
AvgLogicalReads: 232.800000
TempdbUsedMb: 8.0000000
SignalWaitTimeMs: 293986688
PageLifeExpectancy: 46754
[2026-03-29 15:29:23] Snapshot 416 / 720
Zapisano snapshot:
CaptureTime: 2026-03-29 15:29:24.241956
ServerName: deweloper
InstanceName: MSSQLSERVER
CpuPercent: 0.00
BatchRequestsPerSec: 31988
UserConnections: 8
BlockedSessions: 0
DeadlocksPerMin: 0
AvgQueryDurationMs: None
AvgLogicalReads: None
TempdbUsedMb: 8.0000000
SignalWaitTimeMs: 294107551
PageLifeExpectancy: 46754
[2026-03-29 15:30:24] Snapshot 417 / 720
Zapisano snapshot:
CaptureTime: 2026-03-29 15:30:25.051157
ServerName: deweloper
InstanceName: MSSQLSERVER
CpuPercent: 0.00
BatchRequestsPerSec: 32006
UserConnections: 8
BlockedSessions: 0
DeadlocksPerMin: 0
AvgQueryDurationMs: 6.52620000
AvgLogicalReads: 232.800000
TempdbUsedMb: 8.0000000
SignalWaitTimeMs: 294228289
PageLifeExpectancy: 46754
[2026-03-29 15:31:25] Snapshot 418 / 720
Zapisano snapshot:
CaptureTime: 2026-03-29 15:31:25.935216
ServerName: deweloper
InstanceName: MSSQLSERVER
CpuPercent: 0.00
BatchRequestsPerSec: 32023
UserConnections: 8
BlockedSessions: 0
DeadlocksPerMin: 0
AvgQueryDurationMs: 6.34520000
AvgLogicalReads: 232.800000
TempdbUsedMb: 8.0000000
SignalWaitTimeMs: 294353868
PageLifeExpectancy: 46754
[2026-03-29 15:32:26] Snapshot 419 / 720
Zapisano snapshot:
CaptureTime: 2026-03-29 15:32:26.631841
ServerName: deweloper
InstanceName: MSSQLSERVER
CpuPercent: 0.00
BatchRequestsPerSec: 32044
UserConnections: 8
BlockedSessions: 0
DeadlocksPerMin: 0
AvgQueryDurationMs: 10.98383333
AvgLogicalReads: 232.500000
TempdbUsedMb: 8.0000000
SignalWaitTimeMs: 294492690
PageLifeExpectancy: 46754
[2026-03-29 15:33:26] Snapshot 420 / 720
Zapisano snapshot:
CaptureTime: 2026-03-29 15:33:27.242264
ServerName: deweloper
InstanceName: MSSQLSERVER
CpuPercent: 0.00
BatchRequestsPerSec: 32061
UserConnections: 8
BlockedSessions: 0
DeadlocksPerMin: 0
AvgQueryDurationMs: 5.84240000
AvgLogicalReads: 232.800000
TempdbUsedMb: 8.0000000
SignalWaitTimeMs: 294613401
PageLifeExpectancy: 46754
[2026-03-29 15:34:27] Snapshot 421 / 720
Zapisano snapshot:
CaptureTime: 2026-03-29 15:34:28.446820
ServerName: deweloper
InstanceName: MSSQLSERVER
CpuPercent: 0.00
BatchRequestsPerSec: 32078
UserConnections: 8
BlockedSessions: 0
DeadlocksPerMin: 0
AvgQueryDurationMs: 5.64720000
AvgLogicalReads: 232.800000
TempdbUsedMb: 8.0000000
SignalWaitTimeMs: 294734490
PageLifeExpectancy: 46754
[2026-03-29 15:35:28] Snapshot 422 / 720
Zapisano snapshot:
CaptureTime: 2026-03-29 15:35:29.097313
ServerName: deweloper
InstanceName: MSSQLSERVER
CpuPercent: 0.00
BatchRequestsPerSec: 32095
UserConnections: 8
BlockedSessions: 0
DeadlocksPerMin: 0
AvgQueryDurationMs: 5.62040000
AvgLogicalReads: 232.800000
TempdbUsedMb: 8.0000000
SignalWaitTimeMs: 294856235
PageLifeExpectancy: 46754
[2026-03-29 15:36:29] Snapshot 423 / 720
Zapisano snapshot:
CaptureTime: 2026-03-29 15:36:29.695340
ServerName: deweloper
InstanceName: MSSQLSERVER
CpuPercent: 0.00
BatchRequestsPerSec: 32112
UserConnections: 8
BlockedSessions: 0
DeadlocksPerMin: 0
AvgQueryDurationMs: 5.64500000
AvgLogicalReads: 232.800000
TempdbUsedMb: 8.0000000
SignalWaitTimeMs: 294977578
PageLifeExpectancy: 46754
[2026-03-29 15:37:29] Snapshot 424 / 720
Zapisano snapshot:
CaptureTime: 2026-03-29 15:37:30.304946
ServerName: deweloper
InstanceName: MSSQLSERVER
CpuPercent: 0.00
BatchRequestsPerSec: 32133
UserConnections: 8
BlockedSessions: 0
DeadlocksPerMin: 0
AvgQueryDurationMs: 5.70760000
AvgLogicalReads: 232.800000
TempdbUsedMb: 8.0000000
SignalWaitTimeMs: 295098416
PageLifeExpectancy: 46754
[2026-03-29 15:38:30] Snapshot 425 / 720
Zapisano snapshot:
CaptureTime: 2026-03-29 15:38:31.140397
ServerName: deweloper
InstanceName: MSSQLSERVER
CpuPercent: 0.00
BatchRequestsPerSec: 32150
UserConnections: 8
BlockedSessions: 0
DeadlocksPerMin: 0
AvgQueryDurationMs: 5.68500000
AvgLogicalReads: 232.800000
TempdbUsedMb: 8.0000000
SignalWaitTimeMs: 295219396
PageLifeExpectancy: 46754
[2026-03-29 15:39:31] Snapshot 426 / 720
Zapisano snapshot:
CaptureTime: 2026-03-29 15:39:32.136927
ServerName: deweloper
InstanceName: MSSQLSERVER
CpuPercent: 0.00
BatchRequestsPerSec: 32167
UserConnections: 8
BlockedSessions: 0
DeadlocksPerMin: 0
AvgQueryDurationMs: 8.74740000
AvgLogicalReads: 232.800000
TempdbUsedMb: 8.0000000
SignalWaitTimeMs: 295348818
PageLifeExpectancy: 46754
[2026-03-29 15:40:32] Snapshot 427 / 720
Zapisano snapshot:
CaptureTime: 2026-03-29 15:40:33.479972
ServerName: deweloper
InstanceName: MSSQLSERVER
CpuPercent: 0.00
BatchRequestsPerSec: 32184
UserConnections: 8
BlockedSessions: 0
DeadlocksPerMin: 0
AvgQueryDurationMs: 6.57720000
AvgLogicalReads: 232.800000
TempdbUsedMb: 8.0000000
SignalWaitTimeMs: 295470526
PageLifeExpectancy: 46754
[2026-03-29 15:41:33] Snapshot 428 / 720
Zapisano snapshot:
CaptureTime: 2026-03-29 15:41:34.873678
ServerName: deweloper
InstanceName: MSSQLSERVER
CpuPercent: 0.00
BatchRequestsPerSec: 32201
UserConnections: 8
BlockedSessions: 0
DeadlocksPerMin: 0
AvgQueryDurationMs: 6.46020000
AvgLogicalReads: 232.800000
TempdbUsedMb: 8.0000000
SignalWaitTimeMs: 295591899
PageLifeExpectancy: 46754
[2026-03-29 15:42:34] Snapshot 429 / 720
Zapisano snapshot:
CaptureTime: 2026-03-29 15:42:36.347269
ServerName: deweloper
InstanceName: MSSQLSERVER
CpuPercent: 0.00
BatchRequestsPerSec: 32222
UserConnections: 8
BlockedSessions: 0
DeadlocksPerMin: 0
AvgQueryDurationMs: None
AvgLogicalReads: None
TempdbUsedMb: 8.0000000
SignalWaitTimeMs: 295713113
PageLifeExpectancy: 46754
[2026-03-29 15:43:36] Snapshot 430 / 720
Zapisano snapshot:
CaptureTime: 2026-03-29 15:43:36.976569
ServerName: deweloper
InstanceName: MSSQLSERVER
CpuPercent: 0.00
BatchRequestsPerSec: 32240
UserConnections: 8
BlockedSessions: 0
DeadlocksPerMin: 0
AvgQueryDurationMs: 5.66200000
AvgLogicalReads: 232.800000
TempdbUsedMb: 8.0000000
SignalWaitTimeMs: 295835290
PageLifeExpectancy: 46754
[2026-03-29 15:44:37] Snapshot 431 / 720
Zapisano snapshot:
CaptureTime: 2026-03-29 15:44:37.601588
ServerName: deweloper
InstanceName: MSSQLSERVER
CpuPercent: 0.00
BatchRequestsPerSec: 32257
UserConnections: 8
BlockedSessions: 0
DeadlocksPerMin: 0
AvgQueryDurationMs: 5.77860000
AvgLogicalReads: 232.800000
TempdbUsedMb: 8.0000000
SignalWaitTimeMs: 295961602
PageLifeExpectancy: 46754
[2026-03-29 15:45:37] Snapshot 432 / 720
Zapisano snapshot:
CaptureTime: 2026-03-29 15:45:38.221168
ServerName: deweloper
InstanceName: MSSQLSERVER
CpuPercent: 0.00
BatchRequestsPerSec: 32274
UserConnections: 8
BlockedSessions: 0
DeadlocksPerMin: 0
AvgQueryDurationMs: 5.68840000
AvgLogicalReads: 232.800000
TempdbUsedMb: 8.0000000
SignalWaitTimeMs: 296082384
PageLifeExpectancy: 46754
[2026-03-29 15:46:38] Snapshot 433 / 720
Zapisano snapshot:
CaptureTime: 2026-03-29 15:46:38.834692
ServerName: deweloper
InstanceName: MSSQLSERVER
CpuPercent: 0.00
BatchRequestsPerSec: 32291
UserConnections: 8
BlockedSessions: 0
DeadlocksPerMin: 0
AvgQueryDurationMs: 5.75100000
AvgLogicalReads: 232.800000
TempdbUsedMb: 8.0000000
SignalWaitTimeMs: 296203754
PageLifeExpectancy: 46754
[2026-03-29 15:47:38] Snapshot 434 / 720
Zapisano snapshot:
CaptureTime: 2026-03-29 15:47:39.434944
ServerName: deweloper
InstanceName: MSSQLSERVER
CpuPercent: 0.00
BatchRequestsPerSec: 32312
UserConnections: 8
BlockedSessions: 0
DeadlocksPerMin: 0
AvgQueryDurationMs: 5.54420000
AvgLogicalReads: 232.800000
TempdbUsedMb: 8.0000000
SignalWaitTimeMs: 296326391
PageLifeExpectancy: 46754
[2026-03-29 15:48:39] Snapshot 435 / 720
Zapisano snapshot:
CaptureTime: 2026-03-29 15:48:40.085429
ServerName: deweloper
InstanceName: MSSQLSERVER
CpuPercent: 0.00
BatchRequestsPerSec: 32329
UserConnections: 8
BlockedSessions: 0
DeadlocksPerMin: 0
AvgQueryDurationMs: 5.74920000
AvgLogicalReads: 232.800000
TempdbUsedMb: 8.0000000
SignalWaitTimeMs: 296447383
PageLifeExpectancy: 46754
[2026-03-29 15:49:40] Snapshot 436 / 720
Zapisano snapshot:
CaptureTime: 2026-03-29 15:49:43.117225
ServerName: deweloper
InstanceName: MSSQLSERVER
CpuPercent: 0.00
BatchRequestsPerSec: 32346
UserConnections: 8
BlockedSessions: 0
DeadlocksPerMin: 0
AvgQueryDurationMs: 6.71120000
AvgLogicalReads: 232.800000
TempdbUsedMb: 8.0000000
SignalWaitTimeMs: 296574055
PageLifeExpectancy: 46754
[2026-03-29 15:50:43] Snapshot 437 / 720
Zapisano snapshot:
CaptureTime: 2026-03-29 15:50:43.726488
ServerName: deweloper
InstanceName: MSSQLSERVER
CpuPercent: 0.00
BatchRequestsPerSec: 32363
UserConnections: 8
BlockedSessions: 0
DeadlocksPerMin: 0
AvgQueryDurationMs: 5.65300000
AvgLogicalReads: 232.800000
TempdbUsedMb: 8.0000000
SignalWaitTimeMs: 296695202
PageLifeExpectancy: 46754
[2026-03-29 15:51:43] Snapshot 438 / 720
Zapisano snapshot:
CaptureTime: 2026-03-29 15:51:44.378955
ServerName: deweloper
InstanceName: MSSQLSERVER
CpuPercent: 0.00
BatchRequestsPerSec: 32380
UserConnections: 8
BlockedSessions: 0
DeadlocksPerMin: 0
AvgQueryDurationMs: 8.39800000
AvgLogicalReads: 232.800000
TempdbUsedMb: 8.0000000
SignalWaitTimeMs: 296818363
PageLifeExpectancy: 46754
[2026-03-29 15:52:44] Snapshot 439 / 720
Zapisano snapshot:
CaptureTime: 2026-03-29 15:52:45.985582
ServerName: deweloper
InstanceName: MSSQLSERVER
CpuPercent: 0.00
BatchRequestsPerSec: 32401
UserConnections: 8
BlockedSessions: 0
DeadlocksPerMin: 0
AvgQueryDurationMs: 9.19680000
AvgLogicalReads: 232.800000
TempdbUsedMb: 8.0000000
SignalWaitTimeMs: 296939286
PageLifeExpectancy: 46754
[2026-03-29 15:53:46] Snapshot 440 / 720
Zapisano snapshot:
CaptureTime: 2026-03-29 15:53:46.622104
ServerName: deweloper
InstanceName: MSSQLSERVER
CpuPercent: 0.00
BatchRequestsPerSec: 32418
UserConnections: 8
BlockedSessions: 0
DeadlocksPerMin: 0
AvgQueryDurationMs: 5.64840000
AvgLogicalReads: 232.800000
TempdbUsedMb: 8.0000000
SignalWaitTimeMs: 297061495
PageLifeExpectancy: 46754
[2026-03-29 15:54:46] Snapshot 441 / 720
Zapisano snapshot:
CaptureTime: 2026-03-29 15:54:47.241127
ServerName: deweloper
InstanceName: MSSQLSERVER
CpuPercent: 0.00
BatchRequestsPerSec: 32435
UserConnections: 8
BlockedSessions: 0
DeadlocksPerMin: 0
AvgQueryDurationMs: 5.67080000
AvgLogicalReads: 232.800000
TempdbUsedMb: 8.0000000
SignalWaitTimeMs: 297182595
PageLifeExpectancy: 46754
[2026-03-29 15:55:47] Snapshot 442 / 720
Zapisano snapshot:
CaptureTime: 2026-03-29 15:55:47.880680
ServerName: deweloper
InstanceName: MSSQLSERVER
CpuPercent: 0.00
BatchRequestsPerSec: 32452
UserConnections: 8
BlockedSessions: 0
DeadlocksPerMin: 0
AvgQueryDurationMs: 5.73160000
AvgLogicalReads: 232.800000
TempdbUsedMb: 8.0000000
SignalWaitTimeMs: 297303497
PageLifeExpectancy: 46754
[2026-03-29 15:56:47] Snapshot 443 / 720
Zapisano snapshot:
CaptureTime: 2026-03-29 15:56:48.466334
ServerName: deweloper
InstanceName: MSSQLSERVER
CpuPercent: 0.00
BatchRequestsPerSec: 32469
UserConnections: 8
BlockedSessions: 0
DeadlocksPerMin: 0
AvgQueryDurationMs: 2.54157142
AvgLogicalReads: 89.714285
TempdbUsedMb: 8.0000000
SignalWaitTimeMs: 297424440
PageLifeExpectancy: 46754
[2026-03-29 15:57:48] Snapshot 444 / 720
Zapisano snapshot:
CaptureTime: 2026-03-29 15:57:49.061444
ServerName: deweloper
InstanceName: MSSQLSERVER
CpuPercent: 0.00
BatchRequestsPerSec: 32490
UserConnections: 8
BlockedSessions: 0
DeadlocksPerMin: 0
AvgQueryDurationMs: 12.04533333
AvgLogicalReads: 232.500000
TempdbUsedMb: 8.0000000
SignalWaitTimeMs: 297550757
PageLifeExpectancy: 46754
[2026-03-29 15:58:49] Snapshot 445 / 720
Zapisano snapshot:
CaptureTime: 2026-03-29 15:58:49.772908
ServerName: deweloper
InstanceName: MSSQLSERVER
CpuPercent: 0.00
BatchRequestsPerSec: 32507
UserConnections: 8
BlockedSessions: 0
DeadlocksPerMin: 0
AvgQueryDurationMs: 5.79920000
AvgLogicalReads: 232.800000
TempdbUsedMb: 8.0000000
SignalWaitTimeMs: 297672989
PageLifeExpectancy: 46754
[2026-03-29 15:59:49] Snapshot 446 / 720
Zapisano snapshot:
CaptureTime: 2026-03-29 15:59:51.032148
ServerName: deweloper
InstanceName: MSSQLSERVER
CpuPercent: 0.00
BatchRequestsPerSec: 32524
UserConnections: 8
BlockedSessions: 0
DeadlocksPerMin: 0
AvgQueryDurationMs: 10.96500000
AvgLogicalReads: 232.800000
TempdbUsedMb: 8.0000000
SignalWaitTimeMs: 297793850
PageLifeExpectancy: 46754
[2026-03-29 16:00:51] Snapshot 447 / 720
Zapisano snapshot:
CaptureTime: 2026-03-29 16:00:51.688888
ServerName: deweloper
InstanceName: MSSQLSERVER
CpuPercent: 0.00
BatchRequestsPerSec: 32541
UserConnections: 8
BlockedSessions: 0
DeadlocksPerMin: 0
AvgQueryDurationMs: 7.75360000
AvgLogicalReads: 232.800000
TempdbUsedMb: 8.0000000
SignalWaitTimeMs: 297914421
PageLifeExpectancy: 46754
[2026-03-29 16:01:51] Snapshot 448 / 720
Zapisano snapshot:
CaptureTime: 2026-03-29 16:01:52.336548
ServerName: deweloper
InstanceName: MSSQLSERVER
CpuPercent: 0.00
BatchRequestsPerSec: 32558
UserConnections: 8
BlockedSessions: 0
DeadlocksPerMin: 0
AvgQueryDurationMs: 5.74340000
AvgLogicalReads: 232.800000
TempdbUsedMb: 8.0000000
SignalWaitTimeMs: 298035359
PageLifeExpectancy: 46754
[2026-03-29 16:02:52] Snapshot 449 / 720
Zapisano snapshot:
CaptureTime: 2026-03-29 16:02:52.964455
ServerName: deweloper
InstanceName: MSSQLSERVER
CpuPercent: 0.00
BatchRequestsPerSec: 32579
UserConnections: 8
BlockedSessions: 0
DeadlocksPerMin: 0
AvgQueryDurationMs: 5.60820000
AvgLogicalReads: 232.800000
TempdbUsedMb: 8.0000000
SignalWaitTimeMs: 298159654
PageLifeExpectancy: 46754
[2026-03-29 16:03:53] Snapshot 450 / 720
Zapisano snapshot:
CaptureTime: 2026-03-29 16:03:53.585421
ServerName: deweloper
InstanceName: MSSQLSERVER
CpuPercent: 0.00
BatchRequestsPerSec: 32596
UserConnections: 8
BlockedSessions: 0
DeadlocksPerMin: 0
AvgQueryDurationMs: 5.84720000
AvgLogicalReads: 232.800000
TempdbUsedMb: 8.0000000
SignalWaitTimeMs: 298284637
PageLifeExpectancy: 46754
[2026-03-29 16:04:53] Snapshot 451 / 720
Zapisano snapshot:
CaptureTime: 2026-03-29 16:04:54.190204
ServerName: deweloper
InstanceName: MSSQLSERVER
CpuPercent: 0.00
BatchRequestsPerSec: 32613
UserConnections: 8
BlockedSessions: 0
DeadlocksPerMin: 0
AvgQueryDurationMs: 5.60660000
AvgLogicalReads: 232.800000
TempdbUsedMb: 8.0000000
SignalWaitTimeMs: 298405037
PageLifeExpectancy: 46754
[2026-03-29 16:05:54] Snapshot 452 / 720
Zapisano snapshot:
CaptureTime: 2026-03-29 16:05:54.836312
ServerName: deweloper
InstanceName: MSSQLSERVER
CpuPercent: 0.00
BatchRequestsPerSec: 32630
UserConnections: 8
BlockedSessions: 0
DeadlocksPerMin: 0
AvgQueryDurationMs: 5.71380000
AvgLogicalReads: 232.800000
TempdbUsedMb: 8.0000000
SignalWaitTimeMs: 298530905
PageLifeExpectancy: 46754
[2026-03-29 16:06:54] Snapshot 453 / 720
Zapisano snapshot:
CaptureTime: 2026-03-29 16:06:55.447763
ServerName: deweloper
InstanceName: MSSQLSERVER
CpuPercent: 0.00
BatchRequestsPerSec: 32647
UserConnections: 7
BlockedSessions: 0
DeadlocksPerMin: 0
AvgQueryDurationMs: 5.94740000
AvgLogicalReads: 232.800000
TempdbUsedMb: 8.0000000
SignalWaitTimeMs: 298652816
PageLifeExpectancy: 46754
[2026-03-29 16:07:55] Snapshot 454 / 720
Zapisano snapshot:
CaptureTime: 2026-03-29 16:07:56.066869
ServerName: deweloper
InstanceName: MSSQLSERVER
CpuPercent: 0.00
BatchRequestsPerSec: 32668
UserConnections: 8
BlockedSessions: 0
DeadlocksPerMin: 0
AvgQueryDurationMs: 6.29440000
AvgLogicalReads: 232.800000
TempdbUsedMb: 8.0000000
SignalWaitTimeMs: 298802229
PageLifeExpectancy: 46754
[2026-03-29 16:08:56] Snapshot 455 / 720
Zapisano snapshot:
CaptureTime: 2026-03-29 16:08:56.743531
ServerName: deweloper
InstanceName: MSSQLSERVER
CpuPercent: 5.00
BatchRequestsPerSec: 32685
UserConnections: 8
BlockedSessions: 0
DeadlocksPerMin: 0
AvgQueryDurationMs: None
AvgLogicalReads: None
TempdbUsedMb: 8.0000000
SignalWaitTimeMs: 298895694
PageLifeExpectancy: 46754
[2026-03-29 16:09:56] Snapshot 456 / 720
Zapisano snapshot:
CaptureTime: 2026-03-29 16:09:57.391164
ServerName: deweloper
InstanceName: MSSQLSERVER
CpuPercent: 0.00
BatchRequestsPerSec: 32703
UserConnections: 8
BlockedSessions: 0
DeadlocksPerMin: 0
AvgQueryDurationMs: 7.36340000
AvgLogicalReads: 232.800000
TempdbUsedMb: 8.0000000
SignalWaitTimeMs: 299048511
PageLifeExpectancy: 46754
[2026-03-29 16:10:57] Snapshot 457 / 720
Zapisano snapshot:
CaptureTime: 2026-03-29 16:10:58.059841
ServerName: deweloper
InstanceName: MSSQLSERVER
CpuPercent: 0.00
BatchRequestsPerSec: 32720
UserConnections: 8
BlockedSessions: 0
DeadlocksPerMin: 0
AvgQueryDurationMs: 6.95660000
AvgLogicalReads: 232.800000
TempdbUsedMb: 8.0000000
SignalWaitTimeMs: 299175067
PageLifeExpectancy: 46754
[2026-03-29 16:11:58] Snapshot 458 / 720
Zapisano snapshot:
CaptureTime: 2026-03-29 16:12:00.584809
ServerName: deweloper
InstanceName: MSSQLSERVER
CpuPercent: 0.00
BatchRequestsPerSec: 32741
UserConnections: 8
BlockedSessions: 0
DeadlocksPerMin: 0
AvgQueryDurationMs: 16.50766666
AvgLogicalReads: 206.166666
TempdbUsedMb: 8.0000000
SignalWaitTimeMs: 299296016
PageLifeExpectancy: 46754
[2026-03-29 16:13:00] Snapshot 459 / 720
Zapisano snapshot:
CaptureTime: 2026-03-29 16:13:01.506878
ServerName: deweloper
InstanceName: MSSQLSERVER
CpuPercent: 0.00
BatchRequestsPerSec: 32758
UserConnections: 8
BlockedSessions: 0
DeadlocksPerMin: 0
AvgQueryDurationMs: 6.27580000
AvgLogicalReads: 232.800000
TempdbUsedMb: 8.0000000
SignalWaitTimeMs: 299423052
PageLifeExpectancy: 46754
[2026-03-29 16:14:01] Snapshot 460 / 720
Zapisano snapshot:
CaptureTime: 2026-03-29 16:14:03.487399
ServerName: deweloper
InstanceName: MSSQLSERVER
CpuPercent: 0.00
BatchRequestsPerSec: 32775
UserConnections: 8
BlockedSessions: 0
DeadlocksPerMin: 0
AvgQueryDurationMs: 6.23080000
AvgLogicalReads: 232.800000
TempdbUsedMb: 8.0000000
SignalWaitTimeMs: 299549166
PageLifeExpectancy: 46754
[2026-03-29 16:15:03] Snapshot 461 / 720
Zapisano snapshot:
CaptureTime: 2026-03-29 16:15:04.519851
ServerName: deweloper
InstanceName: MSSQLSERVER
CpuPercent: 0.00
BatchRequestsPerSec: 32792
UserConnections: 8
BlockedSessions: 0
DeadlocksPerMin: 0
AvgQueryDurationMs: 6.30260000
AvgLogicalReads: 232.800000
TempdbUsedMb: 8.0000000
SignalWaitTimeMs: 299666388
PageLifeExpectancy: 46754
[2026-03-29 16:16:04] Snapshot 462 / 720
Zapisano snapshot:
CaptureTime: 2026-03-29 16:16:05.211710
ServerName: deweloper
InstanceName: MSSQLSERVER
CpuPercent: 0.00
BatchRequestsPerSec: 32809
UserConnections: 8
BlockedSessions: 0
DeadlocksPerMin: 0
AvgQueryDurationMs: 5.68240000
AvgLogicalReads: 232.800000
TempdbUsedMb: 8.0000000
SignalWaitTimeMs: 299791459
PageLifeExpectancy: 46754
[2026-03-29 16:17:05] Snapshot 463 / 720
Zapisano snapshot:
CaptureTime: 2026-03-29 16:17:05.814575
ServerName: deweloper
InstanceName: MSSQLSERVER
CpuPercent: 0.00
BatchRequestsPerSec: 32832
UserConnections: 8
BlockedSessions: 0
DeadlocksPerMin: 0
AvgQueryDurationMs: 24.87312500
AvgLogicalReads: 263.625000
TempdbUsedMb: 8.0000000
SignalWaitTimeMs: 299908561
PageLifeExpectancy: 46754
[2026-03-29 16:18:05] Snapshot 464 / 720
Zapisano snapshot:
CaptureTime: 2026-03-29 16:18:06.416683
ServerName: deweloper
InstanceName: MSSQLSERVER
CpuPercent: 0.00
BatchRequestsPerSec: 32849
UserConnections: 8
BlockedSessions: 0
DeadlocksPerMin: 0
AvgQueryDurationMs: 5.68160000
AvgLogicalReads: 232.800000
TempdbUsedMb: 8.0000000
SignalWaitTimeMs: 300042116
PageLifeExpectancy: 46754
[2026-03-29 16:19:06] Snapshot 465 / 720
Zapisano snapshot:
CaptureTime: 2026-03-29 16:19:07.044396
ServerName: deweloper
InstanceName: MSSQLSERVER
CpuPercent: 0.00
BatchRequestsPerSec: 32866
UserConnections: 8
BlockedSessions: 0
DeadlocksPerMin: 0
AvgQueryDurationMs: 5.64940000
AvgLogicalReads: 232.800000
TempdbUsedMb: 8.0000000
SignalWaitTimeMs: 300161091
PageLifeExpectancy: 46754
[2026-03-29 16:20:07] Snapshot 466 / 720
Zapisano snapshot:
CaptureTime: 2026-03-29 16:20:07.687488
ServerName: deweloper
InstanceName: MSSQLSERVER
CpuPercent: 0.00
BatchRequestsPerSec: 32883
UserConnections: 8
BlockedSessions: 0
DeadlocksPerMin: 0
AvgQueryDurationMs: 5.57300000
AvgLogicalReads: 232.800000
TempdbUsedMb: 8.0000000
SignalWaitTimeMs: 300285324
PageLifeExpectancy: 46754
[2026-03-29 16:21:07] Snapshot 467 / 720
Zapisano snapshot:
CaptureTime: 2026-03-29 16:21:08.309513
ServerName: deweloper
InstanceName: MSSQLSERVER
CpuPercent: 0.00
BatchRequestsPerSec: 32900
UserConnections: 8
BlockedSessions: 0
DeadlocksPerMin: 0
AvgQueryDurationMs: 5.83000000
AvgLogicalReads: 232.800000
TempdbUsedMb: 8.0000000
SignalWaitTimeMs: 300402389
PageLifeExpectancy: 46754
[2026-03-29 16:22:08] Snapshot 468 / 720
Zapisano snapshot:
CaptureTime: 2026-03-29 16:22:08.981384
ServerName: deweloper
InstanceName: MSSQLSERVER
CpuPercent: 0.00
BatchRequestsPerSec: 32921
UserConnections: 8
BlockedSessions: 0
DeadlocksPerMin: 0
AvgQueryDurationMs: 6.03740000
AvgLogicalReads: 232.800000
TempdbUsedMb: 8.0000000
SignalWaitTimeMs: 300525404
PageLifeExpectancy: 46754
[2026-03-29 16:23:09] Snapshot 469 / 720
Zapisano snapshot:
CaptureTime: 2026-03-29 16:23:09.642990
ServerName: deweloper
InstanceName: MSSQLSERVER
CpuPercent: 0.00
BatchRequestsPerSec: 32938
UserConnections: 8
BlockedSessions: 0
DeadlocksPerMin: 0
AvgQueryDurationMs: 7.08160000
AvgLogicalReads: 232.800000
TempdbUsedMb: 8.0000000
SignalWaitTimeMs: 300642514
PageLifeExpectancy: 46754
[2026-03-29 16:24:09] Snapshot 470 / 720
Zapisano snapshot:
CaptureTime: 2026-03-29 16:24:10.255655
ServerName: deweloper
InstanceName: MSSQLSERVER
CpuPercent: 0.00
BatchRequestsPerSec: 32955
UserConnections: 8
BlockedSessions: 0
DeadlocksPerMin: 0
AvgQueryDurationMs: 5.69220000
AvgLogicalReads: 232.800000
TempdbUsedMb: 8.0000000
SignalWaitTimeMs: 300767396
PageLifeExpectancy: 46754
[2026-03-29 16:25:10] Snapshot 471 / 720
Zapisano snapshot:
CaptureTime: 2026-03-29 16:25:10.857997
ServerName: deweloper
InstanceName: MSSQLSERVER
CpuPercent: 0.00
BatchRequestsPerSec: 32972
UserConnections: 8
BlockedSessions: 0
DeadlocksPerMin: 0
AvgQueryDurationMs: 5.66260000
AvgLogicalReads: 232.800000
TempdbUsedMb: 8.0000000
SignalWaitTimeMs: 300897910
PageLifeExpectancy: 46754
[2026-03-29 16:26:10] Snapshot 472 / 720
Zapisano snapshot:
CaptureTime: 2026-03-29 16:26:11.485803
ServerName: deweloper
InstanceName: MSSQLSERVER
CpuPercent: 0.00
BatchRequestsPerSec: 32989
UserConnections: 8
BlockedSessions: 0
DeadlocksPerMin: 0
AvgQueryDurationMs: 5.87800000
AvgLogicalReads: 232.800000
TempdbUsedMb: 8.0000000
SignalWaitTimeMs: 301021786
PageLifeExpectancy: 46754
[2026-03-29 16:27:11] Snapshot 473 / 720
Zapisano snapshot:
CaptureTime: 2026-03-29 16:27:12.133802
ServerName: deweloper
InstanceName: MSSQLSERVER
CpuPercent: 0.00
BatchRequestsPerSec: 33010
UserConnections: 8
BlockedSessions: 0
DeadlocksPerMin: 0
AvgQueryDurationMs: 10.45583333
AvgLogicalReads: 206.166666
TempdbUsedMb: 8.0000000
SignalWaitTimeMs: 301142484
PageLifeExpectancy: 46754
[2026-03-29 16:28:12] Snapshot 474 / 720
Zapisano snapshot:
CaptureTime: 2026-03-29 16:28:12.750977
ServerName: deweloper
InstanceName: MSSQLSERVER
CpuPercent: 0.00
BatchRequestsPerSec: 33027
UserConnections: 8
BlockedSessions: 0
DeadlocksPerMin: 0
AvgQueryDurationMs: 5.66520000
AvgLogicalReads: 232.800000
TempdbUsedMb: 8.0000000
SignalWaitTimeMs: 301268713
PageLifeExpectancy: 46754
[2026-03-29 16:29:12] Snapshot 475 / 720
Zapisano snapshot:
CaptureTime: 2026-03-29 16:29:15.294732
ServerName: deweloper
InstanceName: MSSQLSERVER
CpuPercent: 0.00
BatchRequestsPerSec: 33044
UserConnections: 8
BlockedSessions: 0
DeadlocksPerMin: 0
AvgQueryDurationMs: 10.26480000
AvgLogicalReads: 232.800000
TempdbUsedMb: 8.0000000
SignalWaitTimeMs: 301389772
PageLifeExpectancy: 46754
[2026-03-29 16:30:15] Snapshot 476 / 720
Zapisano snapshot:
CaptureTime: 2026-03-29 16:30:16.032192
ServerName: deweloper
InstanceName: MSSQLSERVER
CpuPercent: 0.00
BatchRequestsPerSec: 33061
UserConnections: 8
BlockedSessions: 0
DeadlocksPerMin: 0
AvgQueryDurationMs: 5.66700000
AvgLogicalReads: 232.800000
TempdbUsedMb: 8.0000000
SignalWaitTimeMs: 301516829
PageLifeExpectancy: 46754
[2026-03-29 16:31:16] Snapshot 477 / 720
Zapisano snapshot:
CaptureTime: 2026-03-29 16:31:17.151618
ServerName: deweloper
InstanceName: MSSQLSERVER
CpuPercent: 0.00
BatchRequestsPerSec: 33078
UserConnections: 8
BlockedSessions: 0
DeadlocksPerMin: 0
AvgQueryDurationMs: 7.38100000
AvgLogicalReads: 232.800000
TempdbUsedMb: 8.0000000
SignalWaitTimeMs: 301638780
PageLifeExpectancy: 46754
[2026-03-29 16:32:17] Snapshot 478 / 720
Zapisano snapshot:
CaptureTime: 2026-03-29 16:32:18.101279
ServerName: deweloper
InstanceName: MSSQLSERVER
CpuPercent: 0.00
BatchRequestsPerSec: 33099
UserConnections: 8
BlockedSessions: 0
DeadlocksPerMin: 0
AvgQueryDurationMs: 6.08100000
AvgLogicalReads: 232.800000
TempdbUsedMb: 8.0000000
SignalWaitTimeMs: 301764826
PageLifeExpectancy: 46754
[2026-03-29 16:33:18] Snapshot 479 / 720
Zapisano snapshot:
CaptureTime: 2026-03-29 16:33:18.736630
ServerName: deweloper
InstanceName: MSSQLSERVER
CpuPercent: 0.00
BatchRequestsPerSec: 33116
UserConnections: 8
BlockedSessions: 0
DeadlocksPerMin: 0
AvgQueryDurationMs: 5.65300000
AvgLogicalReads: 232.800000
TempdbUsedMb: 8.0000000
SignalWaitTimeMs: 301887788
PageLifeExpectancy: 46754
[2026-03-29 16:34:19] Snapshot 480 / 720
Zapisano snapshot:
CaptureTime: 2026-03-29 16:34:19.704864
ServerName: deweloper
InstanceName: MSSQLSERVER
CpuPercent: 0.00
BatchRequestsPerSec: 33133
UserConnections: 8
BlockedSessions: 0
DeadlocksPerMin: 0
AvgQueryDurationMs: 5.67360000
AvgLogicalReads: 232.800000
TempdbUsedMb: 8.0000000
SignalWaitTimeMs: 302010366
PageLifeExpectancy: 46754
[2026-03-29 16:35:19] Snapshot 481 / 720
Zapisano snapshot:
CaptureTime: 2026-03-29 16:35:20.263270
ServerName: deweloper
InstanceName: MSSQLSERVER
CpuPercent: 0.00
BatchRequestsPerSec: 33150
UserConnections: 8
BlockedSessions: 0
DeadlocksPerMin: 0
AvgQueryDurationMs: 2.50571428
AvgLogicalReads: 89.714285
TempdbUsedMb: 8.0000000
SignalWaitTimeMs: 302130818
PageLifeExpectancy: 46754
[2026-03-29 16:36:20] Snapshot 482 / 720
Zapisano snapshot:
CaptureTime: 2026-03-29 16:36:20.866500
ServerName: deweloper
InstanceName: MSSQLSERVER
CpuPercent: 0.00
BatchRequestsPerSec: 33167
UserConnections: 8
BlockedSessions: 0
DeadlocksPerMin: 0
AvgQueryDurationMs: 5.75320000
AvgLogicalReads: 232.800000
TempdbUsedMb: 8.0000000
SignalWaitTimeMs: 302251752
PageLifeExpectancy: 46754
[2026-03-29 16:37:20] Snapshot 483 / 720
Zapisano snapshot:
CaptureTime: 2026-03-29 16:37:21.492049
ServerName: deweloper
InstanceName: MSSQLSERVER
CpuPercent: 0.00
BatchRequestsPerSec: 33188
UserConnections: 8
BlockedSessions: 0
DeadlocksPerMin: 0
AvgQueryDurationMs: 11.48283333
AvgLogicalReads: 206.166666
TempdbUsedMb: 8.0000000
SignalWaitTimeMs: 302372896
PageLifeExpectancy: 46754
[2026-03-29 16:38:21] Snapshot 484 / 720
Zapisano snapshot:
CaptureTime: 2026-03-29 16:38:27.053802
ServerName: deweloper
InstanceName: MSSQLSERVER
CpuPercent: 0.00
BatchRequestsPerSec: 33205
UserConnections: 8
BlockedSessions: 0
DeadlocksPerMin: 0
AvgQueryDurationMs: 8.10280000
AvgLogicalReads: 232.800000
TempdbUsedMb: 8.0000000
SignalWaitTimeMs: 302500227
PageLifeExpectancy: 46754
[2026-03-29 16:39:27] Snapshot 485 / 720
Zapisano snapshot:
CaptureTime: 2026-03-29 16:39:28.132868
ServerName: deweloper
InstanceName: MSSQLSERVER
CpuPercent: 0.00
BatchRequestsPerSec: 33222
UserConnections: 8
BlockedSessions: 0
DeadlocksPerMin: 0
AvgQueryDurationMs: 10.68880000
AvgLogicalReads: 232.800000
TempdbUsedMb: 8.0000000
SignalWaitTimeMs: 302638713
PageLifeExpectancy: 46754
[2026-03-29 16:40:28] Snapshot 486 / 720
Zapisano snapshot:
CaptureTime: 2026-03-29 16:40:28.773005
ServerName: deweloper
InstanceName: MSSQLSERVER
CpuPercent: 0.00
BatchRequestsPerSec: 33239
UserConnections: 8
BlockedSessions: 0
DeadlocksPerMin: 0
AvgQueryDurationMs: 5.64920000
AvgLogicalReads: 232.800000
TempdbUsedMb: 8.0000000
SignalWaitTimeMs: 302759802
PageLifeExpectancy: 46754
[2026-03-29 16:41:28] Snapshot 487 / 720
Zapisano snapshot:
CaptureTime: 2026-03-29 16:41:29.381933
ServerName: deweloper
InstanceName: MSSQLSERVER
CpuPercent: 0.00
BatchRequestsPerSec: 33256
UserConnections: 8
BlockedSessions: 0
DeadlocksPerMin: 0
AvgQueryDurationMs: 6.83600000
AvgLogicalReads: 232.800000
TempdbUsedMb: 8.0000000
SignalWaitTimeMs: 302881200
PageLifeExpectancy: 46754
[2026-03-29 16:42:29] Snapshot 488 / 720
Zapisano snapshot:
CaptureTime: 2026-03-29 16:42:30.008504
ServerName: deweloper
InstanceName: MSSQLSERVER
CpuPercent: 0.00
BatchRequestsPerSec: 33277
UserConnections: 8
BlockedSessions: 0
DeadlocksPerMin: 0
AvgQueryDurationMs: 7.75100000
AvgLogicalReads: 232.800000
TempdbUsedMb: 8.0000000
SignalWaitTimeMs: 303008069
PageLifeExpectancy: 46754
[2026-03-29 16:43:30] Snapshot 489 / 720
Zapisano snapshot:
CaptureTime: 2026-03-29 16:43:30.631370
ServerName: deweloper
InstanceName: MSSQLSERVER
CpuPercent: 0.00
BatchRequestsPerSec: 33294
UserConnections: 8
BlockedSessions: 0
DeadlocksPerMin: 0
AvgQueryDurationMs: 5.79000000
AvgLogicalReads: 232.800000
TempdbUsedMb: 8.0000000
SignalWaitTimeMs: 303131783
PageLifeExpectancy: 46754
[2026-03-29 16:44:30] Snapshot 490 / 720
Zapisano snapshot:
CaptureTime: 2026-03-29 16:44:31.272964
ServerName: deweloper
InstanceName: MSSQLSERVER
CpuPercent: 0.00
BatchRequestsPerSec: 33311
UserConnections: 8
BlockedSessions: 0
DeadlocksPerMin: 0
AvgQueryDurationMs: 5.92180000
AvgLogicalReads: 232.800000
TempdbUsedMb: 8.0000000
SignalWaitTimeMs: 303254413
PageLifeExpectancy: 46754
[2026-03-29 16:45:31] Snapshot 491 / 720
Zapisano snapshot:
CaptureTime: 2026-03-29 16:45:31.900004
ServerName: deweloper
InstanceName: MSSQLSERVER
CpuPercent: 0.00
BatchRequestsPerSec: 33328
UserConnections: 8
BlockedSessions: 0
DeadlocksPerMin: 0
AvgQueryDurationMs: 5.73740000
AvgLogicalReads: 232.800000
TempdbUsedMb: 8.0000000
SignalWaitTimeMs: 303375934
PageLifeExpectancy: 46754
[2026-03-29 16:46:31] Snapshot 492 / 720
Zapisano snapshot:
CaptureTime: 2026-03-29 16:46:33.054095
ServerName: deweloper
InstanceName: MSSQLSERVER
CpuPercent: 0.00
BatchRequestsPerSec: 33345
UserConnections: 8
BlockedSessions: 0
DeadlocksPerMin: 0
AvgQueryDurationMs: 97.57600000
AvgLogicalReads: 232.800000
TempdbUsedMb: 8.0000000
SignalWaitTimeMs: 303497110
PageLifeExpectancy: 46754
[2026-03-29 16:47:33] Snapshot 493 / 720
Zapisano snapshot:
CaptureTime: 2026-03-29 16:47:33.751961
ServerName: deweloper
InstanceName: MSSQLSERVER
CpuPercent: 0.00
BatchRequestsPerSec: 33366
UserConnections: 8
BlockedSessions: 0
DeadlocksPerMin: 0
AvgQueryDurationMs: 5.54580000
AvgLogicalReads: 232.800000
TempdbUsedMb: 8.0000000
SignalWaitTimeMs: 303618140
PageLifeExpectancy: 46754
[2026-03-29 16:48:33] Snapshot 494 / 720
Zapisano snapshot:
CaptureTime: 2026-03-29 16:48:34.431808
ServerName: deweloper
InstanceName: MSSQLSERVER
CpuPercent: 0.00
BatchRequestsPerSec: 33383
UserConnections: 8
BlockedSessions: 0
DeadlocksPerMin: 0
AvgQueryDurationMs: 5.68320000
AvgLogicalReads: 232.800000
TempdbUsedMb: 8.0000000
SignalWaitTimeMs: 303739048
PageLifeExpectancy: 46754
[2026-03-29 16:49:34] Snapshot 495 / 720
Zapisano snapshot:
CaptureTime: 2026-03-29 16:49:35.056278
ServerName: deweloper
InstanceName: MSSQLSERVER
CpuPercent: 0.00
BatchRequestsPerSec: 33400
UserConnections: 8
BlockedSessions: 0
DeadlocksPerMin: 0
AvgQueryDurationMs: 5.64200000
AvgLogicalReads: 232.800000
TempdbUsedMb: 8.0000000
SignalWaitTimeMs: 303860039
PageLifeExpectancy: 46754
[2026-03-29 16:50:35] Snapshot 496 / 720
Zapisano snapshot:
CaptureTime: 2026-03-29 16:50:35.663169
ServerName: deweloper
InstanceName: MSSQLSERVER
CpuPercent: 0.00
BatchRequestsPerSec: 33417
UserConnections: 8
BlockedSessions: 0
DeadlocksPerMin: 0
AvgQueryDurationMs: 5.62460000
AvgLogicalReads: 232.800000
TempdbUsedMb: 8.0000000
SignalWaitTimeMs: 303980571
PageLifeExpectancy: 46754
[2026-03-29 16:51:35] Snapshot 497 / 720
Zapisano snapshot:
CaptureTime: 2026-03-29 16:51:36.319725
ServerName: deweloper
InstanceName: MSSQLSERVER
CpuPercent: 0.00
BatchRequestsPerSec: 33434
UserConnections: 8
BlockedSessions: 0
DeadlocksPerMin: 0
AvgQueryDurationMs: 8.17160000
AvgLogicalReads: 232.800000
TempdbUsedMb: 8.0000000
SignalWaitTimeMs: 304107307
PageLifeExpectancy: 46754
[2026-03-29 16:52:36] Snapshot 498 / 720
Zapisano snapshot:
CaptureTime: 2026-03-29 16:52:36.956346
ServerName: deweloper
InstanceName: MSSQLSERVER
CpuPercent: 0.00
BatchRequestsPerSec: 33455
UserConnections: 8
BlockedSessions: 0
DeadlocksPerMin: 0
AvgQueryDurationMs: 12.36016666
AvgLogicalReads: 206.166666
TempdbUsedMb: 8.0000000
SignalWaitTimeMs: 304228157
PageLifeExpectancy: 46754
[2026-03-29 16:53:37] Snapshot 499 / 720
Zapisano snapshot:
CaptureTime: 2026-03-29 16:53:38.074250
ServerName: deweloper
InstanceName: MSSQLSERVER
CpuPercent: 0.00
BatchRequestsPerSec: 33472
UserConnections: 8
BlockedSessions: 0
DeadlocksPerMin: 0
AvgQueryDurationMs: 96.22940000
AvgLogicalReads: 232.800000
TempdbUsedMb: 8.0000000
SignalWaitTimeMs: 304352005
PageLifeExpectancy: 46754
[2026-03-29 16:54:38] Snapshot 500 / 720
Zapisano snapshot:
CaptureTime: 2026-03-29 16:54:38.710813
ServerName: deweloper
InstanceName: MSSQLSERVER
CpuPercent: 0.00
BatchRequestsPerSec: 33489
UserConnections: 8
BlockedSessions: 0
DeadlocksPerMin: 0
AvgQueryDurationMs: 5.66100000
AvgLogicalReads: 232.800000
TempdbUsedMb: 8.0000000
SignalWaitTimeMs: 304473502
PageLifeExpectancy: 46754
[2026-03-29 16:55:38] Snapshot 501 / 720
Zapisano snapshot:
CaptureTime: 2026-03-29 16:55:39.332850
ServerName: deweloper
InstanceName: MSSQLSERVER
CpuPercent: 0.00
BatchRequestsPerSec: 33506
UserConnections: 8
BlockedSessions: 0
DeadlocksPerMin: 0
AvgQueryDurationMs: 6.17100000
AvgLogicalReads: 232.800000
TempdbUsedMb: 8.0000000
SignalWaitTimeMs: 304594348
PageLifeExpectancy: 46754
[2026-03-29 16:56:39] Snapshot 502 / 720
Zapisano snapshot:
CaptureTime: 2026-03-29 16:56:39.937727
ServerName: deweloper
InstanceName: MSSQLSERVER
CpuPercent: 0.00
BatchRequestsPerSec: 33523
UserConnections: 8
BlockedSessions: 0
DeadlocksPerMin: 0
AvgQueryDurationMs: 5.62460000
AvgLogicalReads: 232.800000
TempdbUsedMb: 8.0000000
SignalWaitTimeMs: 304715612
PageLifeExpectancy: 46754
[2026-03-29 16:57:40] Snapshot 503 / 720
Zapisano snapshot:
CaptureTime: 2026-03-29 16:57:40.645568
ServerName: deweloper
InstanceName: MSSQLSERVER
CpuPercent: 0.00
BatchRequestsPerSec: 33544
UserConnections: 8
BlockedSessions: 0
DeadlocksPerMin: 0
AvgQueryDurationMs: 5.79220000
AvgLogicalReads: 232.800000
TempdbUsedMb: 8.0000000
SignalWaitTimeMs: 304837353
PageLifeExpectancy: 46754
[2026-03-29 16:58:40] Snapshot 504 / 720
Zapisano snapshot:
CaptureTime: 2026-03-29 16:58:41.235586
ServerName: deweloper
InstanceName: MSSQLSERVER
CpuPercent: 0.00
BatchRequestsPerSec: 33561
UserConnections: 8
BlockedSessions: 0
DeadlocksPerMin: 0
AvgQueryDurationMs: 5.63100000
AvgLogicalReads: 232.800000
TempdbUsedMb: 8.0000000
SignalWaitTimeMs: 304959256
PageLifeExpectancy: 46754
[2026-03-29 16:59:41] Snapshot 505 / 720
Zapisano snapshot:
CaptureTime: 2026-03-29 16:59:42.372306
ServerName: deweloper
InstanceName: MSSQLSERVER
CpuPercent: 0.00
BatchRequestsPerSec: 33578
UserConnections: 8
BlockedSessions: 0
DeadlocksPerMin: 0
AvgQueryDurationMs: 7.32700000
AvgLogicalReads: 232.800000
TempdbUsedMb: 8.0000000
SignalWaitTimeMs: 305085568
PageLifeExpectancy: 46754
[2026-03-29 17:00:42] Snapshot 506 / 720
Zapisano snapshot:
CaptureTime: 2026-03-29 17:00:43.744006
ServerName: deweloper
InstanceName: MSSQLSERVER
CpuPercent: 0.00
BatchRequestsPerSec: 33595
UserConnections: 8
BlockedSessions: 0
DeadlocksPerMin: 0
AvgQueryDurationMs: 6.43820000
AvgLogicalReads: 232.800000
TempdbUsedMb: 8.0000000
SignalWaitTimeMs: 305207978
PageLifeExpectancy: 46754
[2026-03-29 17:01:43] Snapshot 507 / 720
Zapisano snapshot:
CaptureTime: 2026-03-29 17:01:44.425648
ServerName: deweloper
InstanceName: MSSQLSERVER
CpuPercent: 0.00
BatchRequestsPerSec: 33612
UserConnections: 8
BlockedSessions: 0
DeadlocksPerMin: 0
AvgQueryDurationMs: 7.21820000
AvgLogicalReads: 232.800000
TempdbUsedMb: 8.0000000
SignalWaitTimeMs: 305329763
PageLifeExpectancy: 46754
[2026-03-29 17:02:44] Snapshot 508 / 720
Zapisano snapshot:
CaptureTime: 2026-03-29 17:02:45.069452
ServerName: deweloper
InstanceName: MSSQLSERVER
CpuPercent: 0.00
BatchRequestsPerSec: 33633
UserConnections: 8
BlockedSessions: 0
DeadlocksPerMin: 0
AvgQueryDurationMs: 12.21550000
AvgLogicalReads: 206.166666
TempdbUsedMb: 8.0000000
SignalWaitTimeMs: 305451330
PageLifeExpectancy: 46754
[2026-03-29 17:03:45] Snapshot 509 / 720
Zapisano snapshot:
CaptureTime: 2026-03-29 17:03:45.676791
ServerName: deweloper
InstanceName: MSSQLSERVER
CpuPercent: 0.00
BatchRequestsPerSec: 33650
UserConnections: 8
BlockedSessions: 0
DeadlocksPerMin: 0
AvgQueryDurationMs: 5.68060000
AvgLogicalReads: 232.800000
TempdbUsedMb: 8.0000000
SignalWaitTimeMs: 305572349
PageLifeExpectancy: 46754
[2026-03-29 17:04:45] Snapshot 510 / 720
Zapisano snapshot:
CaptureTime: 2026-03-29 17:04:46.292139
ServerName: deweloper
InstanceName: MSSQLSERVER
CpuPercent: 0.00
BatchRequestsPerSec: 33667
UserConnections: 8
BlockedSessions: 0
DeadlocksPerMin: 0
AvgQueryDurationMs: 5.80120000
AvgLogicalReads: 232.800000
TempdbUsedMb: 8.0000000
SignalWaitTimeMs: 305694067
PageLifeExpectancy: 46754
[2026-03-29 17:05:46] Snapshot 511 / 720
Zapisano snapshot:
CaptureTime: 2026-03-29 17:05:46.902993
ServerName: deweloper
InstanceName: MSSQLSERVER
CpuPercent: 0.00
BatchRequestsPerSec: 33684
UserConnections: 8
BlockedSessions: 0
DeadlocksPerMin: 0
AvgQueryDurationMs: 5.61560000
AvgLogicalReads: 232.800000
TempdbUsedMb: 8.0000000
SignalWaitTimeMs: 305814740
PageLifeExpectancy: 46754
[2026-03-29 17:06:46] Snapshot 512 / 720
Zapisano snapshot:
CaptureTime: 2026-03-29 17:06:47.514748
ServerName: deweloper
InstanceName: MSSQLSERVER
CpuPercent: 0.00
BatchRequestsPerSec: 33701
UserConnections: 8
BlockedSessions: 0
DeadlocksPerMin: 0
AvgQueryDurationMs: 5.60900000
AvgLogicalReads: 232.800000
TempdbUsedMb: 8.0000000
SignalWaitTimeMs: 305935567
PageLifeExpectancy: 46754
[2026-03-29 17:07:47] Snapshot 513 / 720
Zapisano snapshot:
CaptureTime: 2026-03-29 17:07:50.093981
ServerName: deweloper
InstanceName: MSSQLSERVER
CpuPercent: 0.00
BatchRequestsPerSec: 33722
UserConnections: 8
BlockedSessions: 0
DeadlocksPerMin: 0
AvgQueryDurationMs: 11.10440000
AvgLogicalReads: 232.800000
TempdbUsedMb: 8.0000000
SignalWaitTimeMs: 306061729
PageLifeExpectancy: 46754
[2026-03-29 17:08:50] Snapshot 514 / 720
Zapisano snapshot:
CaptureTime: 2026-03-29 17:08:50.762905
ServerName: deweloper
InstanceName: MSSQLSERVER
CpuPercent: 0.00
BatchRequestsPerSec: 33739
UserConnections: 8
BlockedSessions: 0
DeadlocksPerMin: 0
AvgQueryDurationMs: 5.72660000
AvgLogicalReads: 232.800000
TempdbUsedMb: 8.0000000
SignalWaitTimeMs: 306183555
PageLifeExpectancy: 46754
[2026-03-29 17:09:50] Snapshot 515 / 720
Zapisano snapshot:
CaptureTime: 2026-03-29 17:09:51.376360
ServerName: deweloper
InstanceName: MSSQLSERVER
CpuPercent: 0.00
BatchRequestsPerSec: 33756
UserConnections: 8
BlockedSessions: 0
DeadlocksPerMin: 0
AvgQueryDurationMs: 5.96640000
AvgLogicalReads: 232.800000
TempdbUsedMb: 8.0000000
SignalWaitTimeMs: 306304228
PageLifeExpectancy: 46754
[2026-03-29 17:10:51] Snapshot 516 / 720
Zapisano snapshot:
CaptureTime: 2026-03-29 17:10:51.991290
ServerName: deweloper
InstanceName: MSSQLSERVER
CpuPercent: 0.00
BatchRequestsPerSec: 33773
UserConnections: 8
BlockedSessions: 0
DeadlocksPerMin: 0
AvgQueryDurationMs: 7.07000000
AvgLogicalReads: 232.800000
TempdbUsedMb: 8.0000000
SignalWaitTimeMs: 306425276
PageLifeExpectancy: 46754
[2026-03-29 17:11:52] Snapshot 517 / 720
Zapisano snapshot:
CaptureTime: 2026-03-29 17:11:52.602178
ServerName: deweloper
InstanceName: MSSQLSERVER
CpuPercent: 0.00
BatchRequestsPerSec: 33790
UserConnections: 8
BlockedSessions: 0
DeadlocksPerMin: 0
AvgQueryDurationMs: 5.62160000
AvgLogicalReads: 232.800000
TempdbUsedMb: 8.0000000
SignalWaitTimeMs: 306547161
PageLifeExpectancy: 46754
[2026-03-29 17:12:52] Snapshot 518 / 720
Zapisano snapshot:
CaptureTime: 2026-03-29 17:12:53.256959
ServerName: deweloper
InstanceName: MSSQLSERVER
CpuPercent: 0.00
BatchRequestsPerSec: 33811
UserConnections: 8
BlockedSessions: 0
DeadlocksPerMin: 0
AvgQueryDurationMs: 6.28400000
AvgLogicalReads: 232.800000
TempdbUsedMb: 8.0000000
SignalWaitTimeMs: 306668074
PageLifeExpectancy: 46754
[2026-03-29 17:13:53] Snapshot 519 / 720
Zapisano snapshot:
CaptureTime: 2026-03-29 17:13:53.878748
ServerName: deweloper
InstanceName: MSSQLSERVER
CpuPercent: 7.50
BatchRequestsPerSec: 33828
UserConnections: 8
BlockedSessions: 0
DeadlocksPerMin: 0
AvgQueryDurationMs: None
AvgLogicalReads: None
TempdbUsedMb: 8.0000000
SignalWaitTimeMs: 306788638
PageLifeExpectancy: 46754
[2026-03-29 17:14:53] Snapshot 520 / 720
Zapisano snapshot:
CaptureTime: 2026-03-29 17:14:54.529038
ServerName: deweloper
InstanceName: MSSQLSERVER
CpuPercent: 0.00
BatchRequestsPerSec: 33846
UserConnections: 8
BlockedSessions: 0
DeadlocksPerMin: 0
AvgQueryDurationMs: 5.85380000
AvgLogicalReads: 232.800000
TempdbUsedMb: 8.0000000
SignalWaitTimeMs: 306914423
PageLifeExpectancy: 46754
[2026-03-29 17:15:54] Snapshot 521 / 720
Zapisano snapshot:
CaptureTime: 2026-03-29 17:15:55.144152
ServerName: deweloper
InstanceName: MSSQLSERVER
CpuPercent: 0.00
BatchRequestsPerSec: 33863
UserConnections: 8
BlockedSessions: 0
DeadlocksPerMin: 0
AvgQueryDurationMs: 5.67920000
AvgLogicalReads: 232.800000
TempdbUsedMb: 8.0000000
SignalWaitTimeMs: 307035594
PageLifeExpectancy: 46754
[2026-03-29 17:16:55] Snapshot 522 / 720
Zapisano snapshot:
CaptureTime: 2026-03-29 17:16:57.479533
ServerName: deweloper
InstanceName: MSSQLSERVER
CpuPercent: 0.00
BatchRequestsPerSec: 33880
UserConnections: 7
BlockedSessions: 0
DeadlocksPerMin: 0
AvgQueryDurationMs: 13.92700000
AvgLogicalReads: 232.800000
TempdbUsedMb: 8.0000000
SignalWaitTimeMs: 307158969
PageLifeExpectancy: 46754
[2026-03-29 17:17:57] Snapshot 523 / 720
Zapisano snapshot:
CaptureTime: 2026-03-29 17:17:59.078536
ServerName: deweloper
InstanceName: MSSQLSERVER
CpuPercent: 0.00
BatchRequestsPerSec: 33903
UserConnections: 8
BlockedSessions: 0
DeadlocksPerMin: 0
AvgQueryDurationMs: 7.58800000
AvgLogicalReads: 232.800000
TempdbUsedMb: 8.0000000
SignalWaitTimeMs: 307309815
PageLifeExpectancy: 46754
[2026-03-29 17:18:59] Snapshot 524 / 720
Zapisano snapshot:
CaptureTime: 2026-03-29 17:19:00.695456
ServerName: deweloper
InstanceName: MSSQLSERVER
CpuPercent: 0.00
BatchRequestsPerSec: 33920
UserConnections: 8
BlockedSessions: 0
DeadlocksPerMin: 0
AvgQueryDurationMs: 8.06220000
AvgLogicalReads: 232.800000
TempdbUsedMb: 8.0000000
SignalWaitTimeMs: 307436101
PageLifeExpectancy: 46754
[2026-03-29 17:20:00] Snapshot 525 / 720
Zapisano snapshot:
CaptureTime: 2026-03-29 17:20:01.295225
ServerName: deweloper
InstanceName: MSSQLSERVER
CpuPercent: 0.00
BatchRequestsPerSec: 33937
UserConnections: 8
BlockedSessions: 0
DeadlocksPerMin: 0
AvgQueryDurationMs: 5.86600000
AvgLogicalReads: 232.800000
TempdbUsedMb: 8.0000000
SignalWaitTimeMs: 307559779
PageLifeExpectancy: 46754
[2026-03-29 17:21:01] Snapshot 526 / 720
Zapisano snapshot:
CaptureTime: 2026-03-29 17:21:01.916606
ServerName: deweloper
InstanceName: MSSQLSERVER
CpuPercent: 0.00
BatchRequestsPerSec: 33954
UserConnections: 8
BlockedSessions: 0
DeadlocksPerMin: 0
AvgQueryDurationMs: 5.62920000
AvgLogicalReads: 232.800000
TempdbUsedMb: 8.0000000
SignalWaitTimeMs: 307677709
PageLifeExpectancy: 46754
[2026-03-29 17:22:01] Snapshot 527 / 720
Zapisano snapshot:
CaptureTime: 2026-03-29 17:22:02.574086
ServerName: deweloper
InstanceName: MSSQLSERVER
CpuPercent: 0.00
BatchRequestsPerSec: 33975
UserConnections: 8
BlockedSessions: 0
DeadlocksPerMin: 0
AvgQueryDurationMs: 11.21450000
AvgLogicalReads: 158.375000
TempdbUsedMb: 8.0000000
SignalWaitTimeMs: 307801832
PageLifeExpectancy: 46754
[2026-03-29 17:23:02] Snapshot 528 / 720
Zapisano snapshot:
CaptureTime: 2026-03-29 17:23:03.230639
ServerName: deweloper
InstanceName: MSSQLSERVER
CpuPercent: 0.00
BatchRequestsPerSec: 33992
UserConnections: 8
BlockedSessions: 0
DeadlocksPerMin: 0
AvgQueryDurationMs: 6.30460000
AvgLogicalReads: 232.800000
TempdbUsedMb: 8.0000000
SignalWaitTimeMs: 307921089
PageLifeExpectancy: 46754
[2026-03-29 17:24:03] Snapshot 529 / 720
Zapisano snapshot:
CaptureTime: 2026-03-29 17:24:03.851534
ServerName: deweloper
InstanceName: MSSQLSERVER
CpuPercent: 0.00
BatchRequestsPerSec: 34009
UserConnections: 8
BlockedSessions: 0
DeadlocksPerMin: 0
AvgQueryDurationMs: 5.68960000
AvgLogicalReads: 232.800000
TempdbUsedMb: 8.0000000
SignalWaitTimeMs: 308044673
PageLifeExpectancy: 46754
[2026-03-29 17:25:03] Snapshot 530 / 720
Zapisano snapshot:
CaptureTime: 2026-03-29 17:25:04.602415
ServerName: deweloper
InstanceName: MSSQLSERVER
CpuPercent: 0.00
BatchRequestsPerSec: 34026
UserConnections: 8
BlockedSessions: 0
DeadlocksPerMin: 0
AvgQueryDurationMs: 6.05740000
AvgLogicalReads: 232.800000
TempdbUsedMb: 8.0000000
SignalWaitTimeMs: 308166106
PageLifeExpectancy: 46754
[2026-03-29 17:26:04] Snapshot 531 / 720
Zapisano snapshot:
CaptureTime: 2026-03-29 17:26:05.265136
ServerName: deweloper
InstanceName: MSSQLSERVER
CpuPercent: 0.00
BatchRequestsPerSec: 34043
UserConnections: 8
BlockedSessions: 0
DeadlocksPerMin: 0
AvgQueryDurationMs: 5.66600000
AvgLogicalReads: 232.800000
TempdbUsedMb: 8.0000000
SignalWaitTimeMs: 308289547
PageLifeExpectancy: 46754
[2026-03-29 17:27:05] Snapshot 532 / 720
Zapisano snapshot:
CaptureTime: 2026-03-29 17:27:05.916908
ServerName: deweloper
InstanceName: MSSQLSERVER
CpuPercent: 0.00
BatchRequestsPerSec: 34064
UserConnections: 8
BlockedSessions: 0
DeadlocksPerMin: 0
AvgQueryDurationMs: 0.11200000
AvgLogicalReads: 0.000000
TempdbUsedMb: 8.0000000
SignalWaitTimeMs: 308412587
PageLifeExpectancy: 46754
[2026-03-29 17:28:06] Snapshot 533 / 720
Zapisano snapshot:
CaptureTime: 2026-03-29 17:28:06.548471
ServerName: deweloper
InstanceName: MSSQLSERVER
CpuPercent: 0.00
BatchRequestsPerSec: 34081
UserConnections: 8
BlockedSessions: 0
DeadlocksPerMin: 0
AvgQueryDurationMs: 5.73380000
AvgLogicalReads: 232.800000
TempdbUsedMb: 8.0000000
SignalWaitTimeMs: 308537424
PageLifeExpectancy: 46754
[2026-03-29 17:29:06] Snapshot 534 / 720
Zapisano snapshot:
CaptureTime: 2026-03-29 17:29:07.148190
ServerName: deweloper
InstanceName: MSSQLSERVER
CpuPercent: 0.00
BatchRequestsPerSec: 34098
UserConnections: 8
BlockedSessions: 0
DeadlocksPerMin: 0
AvgQueryDurationMs: 5.64000000
AvgLogicalReads: 232.800000
TempdbUsedMb: 8.0000000
SignalWaitTimeMs: 308656830
PageLifeExpectancy: 46754
[2026-03-29 17:30:07] Snapshot 535 / 720
Zapisano snapshot:
CaptureTime: 2026-03-29 17:30:07.780671
ServerName: deweloper
InstanceName: MSSQLSERVER
CpuPercent: 0.00
BatchRequestsPerSec: 34115
UserConnections: 8
BlockedSessions: 0
DeadlocksPerMin: 0
AvgQueryDurationMs: 5.69980000
AvgLogicalReads: 232.800000
TempdbUsedMb: 8.0000000
SignalWaitTimeMs: 308781451
PageLifeExpectancy: 46754
[2026-03-29 17:31:07] Snapshot 536 / 720
Zapisano snapshot:
CaptureTime: 2026-03-29 17:31:08.483487
ServerName: deweloper
InstanceName: MSSQLSERVER
CpuPercent: 0.00
BatchRequestsPerSec: 34132
UserConnections: 8
BlockedSessions: 0
DeadlocksPerMin: 0
AvgQueryDurationMs: 5.67340000
AvgLogicalReads: 232.800000
TempdbUsedMb: 8.0000000
SignalWaitTimeMs: 308899790
PageLifeExpectancy: 46754
[2026-03-29 17:32:08] Snapshot 537 / 720
Zapisano snapshot:
CaptureTime: 2026-03-29 17:32:09.101522
ServerName: deweloper
InstanceName: MSSQLSERVER
CpuPercent: 0.00
BatchRequestsPerSec: 34153
UserConnections: 8
BlockedSessions: 0
DeadlocksPerMin: 0
AvgQueryDurationMs: 11.05133333
AvgLogicalReads: 232.500000
TempdbUsedMb: 8.0000000
SignalWaitTimeMs: 309024885
PageLifeExpectancy: 46754
[2026-03-29 17:33:09] Snapshot 538 / 720
Zapisano snapshot:
CaptureTime: 2026-03-29 17:33:09.822494
ServerName: deweloper
InstanceName: MSSQLSERVER
CpuPercent: 0.00
BatchRequestsPerSec: 34170
UserConnections: 8
BlockedSessions: 0
DeadlocksPerMin: 0
AvgQueryDurationMs: 5.75520000
AvgLogicalReads: 232.800000
TempdbUsedMb: 8.0000000
SignalWaitTimeMs: 309143241
PageLifeExpectancy: 46754
[2026-03-29 17:34:09] Snapshot 539 / 720
Zapisano snapshot:
CaptureTime: 2026-03-29 17:34:10.438404
ServerName: deweloper
InstanceName: MSSQLSERVER
CpuPercent: 0.00
BatchRequestsPerSec: 34187
UserConnections: 8
BlockedSessions: 0
DeadlocksPerMin: 0
AvgQueryDurationMs: 6.10000000
AvgLogicalReads: 232.800000
TempdbUsedMb: 8.0000000
SignalWaitTimeMs: 309266399
PageLifeExpectancy: 46754
[2026-03-29 17:35:10] Snapshot 540 / 720
Zapisano snapshot:
CaptureTime: 2026-03-29 17:35:11.083105
ServerName: deweloper
InstanceName: MSSQLSERVER
CpuPercent: 0.00
BatchRequestsPerSec: 34204
UserConnections: 8
BlockedSessions: 0
DeadlocksPerMin: 0
AvgQueryDurationMs: 5.62520000
AvgLogicalReads: 232.800000
TempdbUsedMb: 8.0000000
SignalWaitTimeMs: 309397995
PageLifeExpectancy: 46754
[2026-03-29 17:36:11] Snapshot 541 / 720
Zapisano snapshot:
CaptureTime: 2026-03-29 17:36:11.701662
ServerName: deweloper
InstanceName: MSSQLSERVER
CpuPercent: 0.00
BatchRequestsPerSec: 34221
UserConnections: 8
BlockedSessions: 0
DeadlocksPerMin: 0
AvgQueryDurationMs: 5.83760000
AvgLogicalReads: 232.800000
TempdbUsedMb: 8.0000000
SignalWaitTimeMs: 309519635
PageLifeExpectancy: 46754
[2026-03-29 17:37:11] Snapshot 542 / 720
Zapisano snapshot:
CaptureTime: 2026-03-29 17:37:12.973500
ServerName: deweloper
InstanceName: MSSQLSERVER
CpuPercent: 0.00
BatchRequestsPerSec: 34242
UserConnections: 8
BlockedSessions: 0
DeadlocksPerMin: 0
AvgQueryDurationMs: 12.53000000
AvgLogicalReads: 232.800000
TempdbUsedMb: 8.0000000
SignalWaitTimeMs: 309646301
PageLifeExpectancy: 46754
[2026-03-29 17:38:13] Snapshot 543 / 720
Zapisano snapshot:
CaptureTime: 2026-03-29 17:38:13.617641
ServerName: deweloper
InstanceName: MSSQLSERVER
CpuPercent: 0.00
BatchRequestsPerSec: 34259
UserConnections: 8
BlockedSessions: 0
DeadlocksPerMin: 0
AvgQueryDurationMs: 5.69140000
AvgLogicalReads: 232.800000
TempdbUsedMb: 8.0000000
SignalWaitTimeMs: 309767646
PageLifeExpectancy: 46754
[2026-03-29 17:39:13] Snapshot 544 / 720
Zapisano snapshot:
CaptureTime: 2026-03-29 17:39:14.204004
ServerName: deweloper
InstanceName: MSSQLSERVER
CpuPercent: 0.00
BatchRequestsPerSec: 34276
UserConnections: 8
BlockedSessions: 0
DeadlocksPerMin: 0
AvgQueryDurationMs: 6.13420000
AvgLogicalReads: 232.800000
TempdbUsedMb: 8.0000000
SignalWaitTimeMs: 309889029
PageLifeExpectancy: 46754
[2026-03-29 17:40:14] Snapshot 545 / 720
Zapisano snapshot:
CaptureTime: 2026-03-29 17:40:14.888834
ServerName: deweloper
InstanceName: MSSQLSERVER
CpuPercent: 0.00
BatchRequestsPerSec: 34293
UserConnections: 8
BlockedSessions: 0
DeadlocksPerMin: 0
AvgQueryDurationMs: None
AvgLogicalReads: None
TempdbUsedMb: 8.0000000
SignalWaitTimeMs: 310009542
PageLifeExpectancy: 46754
[2026-03-29 17:41:14] Snapshot 546 / 720
Zapisano snapshot:
CaptureTime: 2026-03-29 17:41:15.498638
ServerName: deweloper
InstanceName: MSSQLSERVER
CpuPercent: 0.00
BatchRequestsPerSec: 34311
UserConnections: 8
BlockedSessions: 0
DeadlocksPerMin: 0
AvgQueryDurationMs: 5.58080000
AvgLogicalReads: 232.800000
TempdbUsedMb: 8.0000000
SignalWaitTimeMs: 310130362
PageLifeExpectancy: 46754
[2026-03-29 17:42:15] Snapshot 547 / 720
Zapisano snapshot:
CaptureTime: 2026-03-29 17:42:17.667137
ServerName: deweloper
InstanceName: MSSQLSERVER
CpuPercent: 0.00
BatchRequestsPerSec: 34332
UserConnections: 8
BlockedSessions: 0
DeadlocksPerMin: 0
AvgQueryDurationMs: 41.17550000
AvgLogicalReads: 232.500000
TempdbUsedMb: 8.0000000
SignalWaitTimeMs: 310251331
PageLifeExpectancy: 46754
[2026-03-29 17:43:18] Snapshot 548 / 720
Zapisano snapshot:
CaptureTime: 2026-03-29 17:43:18.667331
ServerName: deweloper
InstanceName: MSSQLSERVER
CpuPercent: 0.00
BatchRequestsPerSec: 34349
UserConnections: 8
BlockedSessions: 0
DeadlocksPerMin: 0
AvgQueryDurationMs: 5.86660000
AvgLogicalReads: 232.800000
TempdbUsedMb: 8.0000000
SignalWaitTimeMs: 310377468
PageLifeExpectancy: 46754
[2026-03-29 17:44:18] Snapshot 549 / 720
Zapisano snapshot:
CaptureTime: 2026-03-29 17:44:19.273095
ServerName: deweloper
InstanceName: MSSQLSERVER
CpuPercent: 0.00
BatchRequestsPerSec: 34366
UserConnections: 8
BlockedSessions: 0
DeadlocksPerMin: 0
AvgQueryDurationMs: 6.01600000
AvgLogicalReads: 232.800000
TempdbUsedMb: 8.0000000
SignalWaitTimeMs: 310498436
PageLifeExpectancy: 46754
[2026-03-29 17:45:19] Snapshot 550 / 720
Zapisano snapshot:
CaptureTime: 2026-03-29 17:45:19.922241
ServerName: deweloper
InstanceName: MSSQLSERVER
CpuPercent: 0.00
BatchRequestsPerSec: 34383
UserConnections: 8
BlockedSessions: 0
DeadlocksPerMin: 0
AvgQueryDurationMs: 5.66080000
AvgLogicalReads: 232.800000
TempdbUsedMb: 8.0000000
SignalWaitTimeMs: 310619615
PageLifeExpectancy: 46754
[2026-03-29 17:46:20] Snapshot 551 / 720
Zapisano snapshot:
CaptureTime: 2026-03-29 17:46:21.604016
ServerName: deweloper
InstanceName: MSSQLSERVER
CpuPercent: 0.00
BatchRequestsPerSec: 34400
UserConnections: 8
BlockedSessions: 0
DeadlocksPerMin: 0
AvgQueryDurationMs: 7.36640000
AvgLogicalReads: 232.800000
TempdbUsedMb: 8.0000000
SignalWaitTimeMs: 310740936
PageLifeExpectancy: 46754
[2026-03-29 17:47:21] Snapshot 552 / 720
Zapisano snapshot:
CaptureTime: 2026-03-29 17:47:22.569870
ServerName: deweloper
InstanceName: MSSQLSERVER
CpuPercent: 0.00
BatchRequestsPerSec: 34421
UserConnections: 8
BlockedSessions: 0
DeadlocksPerMin: 0
AvgQueryDurationMs: 12.76866666
AvgLogicalReads: 206.166666
TempdbUsedMb: 8.0000000
SignalWaitTimeMs: 310867095
PageLifeExpectancy: 46754
[2026-03-29 17:48:22] Snapshot 553 / 720
Zapisano snapshot:
CaptureTime: 2026-03-29 17:48:24.387083
ServerName: deweloper
InstanceName: MSSQLSERVER
CpuPercent: 0.00
BatchRequestsPerSec: 34438
UserConnections: 8
BlockedSessions: 0
DeadlocksPerMin: 0
AvgQueryDurationMs: 6.91380000
AvgLogicalReads: 232.800000
TempdbUsedMb: 8.0000000
SignalWaitTimeMs: 310992601
PageLifeExpectancy: 46754
[2026-03-29 17:49:24] Snapshot 554 / 720
Zapisano snapshot:
CaptureTime: 2026-03-29 17:49:25.038492
ServerName: deweloper
InstanceName: MSSQLSERVER
CpuPercent: 0.00
BatchRequestsPerSec: 34455
UserConnections: 8
BlockedSessions: 0
DeadlocksPerMin: 0
AvgQueryDurationMs: 8.35160000
AvgLogicalReads: 232.800000
TempdbUsedMb: 8.0000000
SignalWaitTimeMs: 311113768
PageLifeExpectancy: 46754
[2026-03-29 17:50:25] Snapshot 555 / 720
Zapisano snapshot:
CaptureTime: 2026-03-29 17:50:25.687458
ServerName: deweloper
InstanceName: MSSQLSERVER
CpuPercent: 0.00
BatchRequestsPerSec: 34472
UserConnections: 8
BlockedSessions: 0
DeadlocksPerMin: 0
AvgQueryDurationMs: 5.64480000
AvgLogicalReads: 232.800000
TempdbUsedMb: 8.0000000
SignalWaitTimeMs: 311234650
PageLifeExpectancy: 46754
[2026-03-29 17:51:25] Snapshot 556 / 720
Zapisano snapshot:
CaptureTime: 2026-03-29 17:51:26.305539
ServerName: deweloper
InstanceName: MSSQLSERVER
CpuPercent: 0.00
BatchRequestsPerSec: 34489
UserConnections: 8
BlockedSessions: 0
DeadlocksPerMin: 0
AvgQueryDurationMs: 5.68800000
AvgLogicalReads: 232.800000
TempdbUsedMb: 8.0000000
SignalWaitTimeMs: 311358564
PageLifeExpectancy: 46754
[2026-03-29 17:52:26] Snapshot 557 / 720
Zapisano snapshot:
CaptureTime: 2026-03-29 17:52:27.083114
ServerName: deweloper
InstanceName: MSSQLSERVER
CpuPercent: 0.00
BatchRequestsPerSec: 34510
UserConnections: 8
BlockedSessions: 0
DeadlocksPerMin: 0
AvgQueryDurationMs: 7.57920000
AvgLogicalReads: 232.800000
TempdbUsedMb: 8.0000000
SignalWaitTimeMs: 311479761
PageLifeExpectancy: 46754
[2026-03-29 17:53:27] Snapshot 558 / 720
Zapisano snapshot:
CaptureTime: 2026-03-29 17:53:27.718503
ServerName: deweloper
InstanceName: MSSQLSERVER
CpuPercent: 0.00
BatchRequestsPerSec: 34527
UserConnections: 8
BlockedSessions: 0
DeadlocksPerMin: 0
AvgQueryDurationMs: 5.63520000
AvgLogicalReads: 232.800000
TempdbUsedMb: 8.0000000
SignalWaitTimeMs: 311601113
PageLifeExpectancy: 46754
[2026-03-29 17:54:27] Snapshot 559 / 720
Zapisano snapshot:
CaptureTime: 2026-03-29 17:54:28.313862
ServerName: deweloper
InstanceName: MSSQLSERVER
CpuPercent: 0.00
BatchRequestsPerSec: 34544
UserConnections: 8
BlockedSessions: 0
DeadlocksPerMin: 0
AvgQueryDurationMs: 5.82780000
AvgLogicalReads: 232.800000
TempdbUsedMb: 8.0000000
SignalWaitTimeMs: 311723391
PageLifeExpectancy: 46754
[2026-03-29 17:55:28] Snapshot 560 / 720
Zapisano snapshot:
CaptureTime: 2026-03-29 17:55:28.946688
ServerName: deweloper
InstanceName: MSSQLSERVER
CpuPercent: 0.00
BatchRequestsPerSec: 34561
UserConnections: 8
BlockedSessions: 0
DeadlocksPerMin: 0
AvgQueryDurationMs: 5.60500000
AvgLogicalReads: 232.800000
TempdbUsedMb: 8.0000000
SignalWaitTimeMs: 311844663
PageLifeExpectancy: 46754
[2026-03-29 17:56:29] Snapshot 561 / 720
Zapisano snapshot:
CaptureTime: 2026-03-29 17:56:29.566280
ServerName: deweloper
InstanceName: MSSQLSERVER
CpuPercent: 0.00
BatchRequestsPerSec: 34578
UserConnections: 8
BlockedSessions: 0
DeadlocksPerMin: 0
AvgQueryDurationMs: 5.66440000
AvgLogicalReads: 232.800000
TempdbUsedMb: 8.0000000
SignalWaitTimeMs: 311983311
PageLifeExpectancy: 46754
[2026-03-29 17:57:29] Snapshot 562 / 720
Zapisano snapshot:
CaptureTime: 2026-03-29 17:57:30.199550
ServerName: deweloper
InstanceName: MSSQLSERVER
CpuPercent: 0.00
BatchRequestsPerSec: 34599
UserConnections: 8
BlockedSessions: 0
DeadlocksPerMin: 0
AvgQueryDurationMs: 12.31233333
AvgLogicalReads: 206.166666
TempdbUsedMb: 8.0000000
SignalWaitTimeMs: 312104373
PageLifeExpectancy: 46754
[2026-03-29 17:58:30] Snapshot 563 / 720
Zapisano snapshot:
CaptureTime: 2026-03-29 17:58:30.809775
ServerName: deweloper
InstanceName: MSSQLSERVER
CpuPercent: 0.00
BatchRequestsPerSec: 34616
UserConnections: 8
BlockedSessions: 0
DeadlocksPerMin: 0
AvgQueryDurationMs: 5.60260000
AvgLogicalReads: 232.800000
TempdbUsedMb: 8.0000000
SignalWaitTimeMs: 312227368
PageLifeExpectancy: 46754
[2026-03-29 17:59:30] Snapshot 564 / 720
Zapisano snapshot:
CaptureTime: 2026-03-29 17:59:31.438368
ServerName: deweloper
InstanceName: MSSQLSERVER
CpuPercent: 0.00
BatchRequestsPerSec: 34633
UserConnections: 8
BlockedSessions: 0
DeadlocksPerMin: 0
AvgQueryDurationMs: 7.31900000
AvgLogicalReads: 232.800000
TempdbUsedMb: 8.0000000
SignalWaitTimeMs: 312353304
PageLifeExpectancy: 46754
[2026-03-29 18:00:31] Snapshot 565 / 720
Zapisano snapshot:
CaptureTime: 2026-03-29 18:00:32.182757
ServerName: deweloper
InstanceName: MSSQLSERVER
CpuPercent: 0.00
BatchRequestsPerSec: 34650
UserConnections: 8
BlockedSessions: 0
DeadlocksPerMin: 0
AvgQueryDurationMs: 5.87440000
AvgLogicalReads: 232.800000
TempdbUsedMb: 8.0000000
SignalWaitTimeMs: 312473815
PageLifeExpectancy: 46754
[2026-03-29 18:01:32] Snapshot 566 / 720
Zapisano snapshot:
CaptureTime: 2026-03-29 18:01:33.712200
ServerName: deweloper
InstanceName: MSSQLSERVER
CpuPercent: 0.00
BatchRequestsPerSec: 34667
UserConnections: 8
BlockedSessions: 0
DeadlocksPerMin: 0
AvgQueryDurationMs: 8.74260000
AvgLogicalReads: 232.800000
TempdbUsedMb: 8.0000000
SignalWaitTimeMs: 312594566
PageLifeExpectancy: 46754
[2026-03-29 18:02:33] Snapshot 567 / 720
Zapisano snapshot:
CaptureTime: 2026-03-29 18:02:34.382800
ServerName: deweloper
InstanceName: MSSQLSERVER
CpuPercent: 0.00
BatchRequestsPerSec: 34688
UserConnections: 8
BlockedSessions: 0
DeadlocksPerMin: 0
AvgQueryDurationMs: 5.95700000
AvgLogicalReads: 232.800000
TempdbUsedMb: 8.0000000
SignalWaitTimeMs: 312715898
PageLifeExpectancy: 46754
[2026-03-29 18:03:34] Snapshot 568 / 720
Zapisano snapshot:
CaptureTime: 2026-03-29 18:03:36.932293
ServerName: deweloper
InstanceName: MSSQLSERVER
CpuPercent: 0.00
BatchRequestsPerSec: 34705
UserConnections: 8
BlockedSessions: 0
DeadlocksPerMin: 0
AvgQueryDurationMs: 7.29760000
AvgLogicalReads: 232.800000
TempdbUsedMb: 8.0000000
SignalWaitTimeMs: 312841870
PageLifeExpectancy: 46754
[2026-03-29 18:04:36] Snapshot 569 / 720
Zapisano snapshot:
CaptureTime: 2026-03-29 18:04:37.638602
ServerName: deweloper
InstanceName: MSSQLSERVER
CpuPercent: 0.00
BatchRequestsPerSec: 34722
UserConnections: 8
BlockedSessions: 0
DeadlocksPerMin: 0
AvgQueryDurationMs: 5.64740000
AvgLogicalReads: 232.800000
TempdbUsedMb: 8.0000000
SignalWaitTimeMs: 312962716
PageLifeExpectancy: 46754
[2026-03-29 18:05:37] Snapshot 570 / 720
Zapisano snapshot:
CaptureTime: 2026-03-29 18:05:38.243246
ServerName: deweloper
InstanceName: MSSQLSERVER
CpuPercent: 0.00
BatchRequestsPerSec: 34739
UserConnections: 8
BlockedSessions: 0
DeadlocksPerMin: 0
AvgQueryDurationMs: 5.64880000
AvgLogicalReads: 232.800000
TempdbUsedMb: 8.0000000
SignalWaitTimeMs: 313084177
PageLifeExpectancy: 46754
[2026-03-29 18:06:38] Snapshot 571 / 720
Zapisano snapshot:
CaptureTime: 2026-03-29 18:06:38.780653
ServerName: deweloper
InstanceName: MSSQLSERVER
CpuPercent: 0.00
BatchRequestsPerSec: 34756
UserConnections: 8
BlockedSessions: 0
DeadlocksPerMin: 0
AvgQueryDurationMs: 2.54385714
AvgLogicalReads: 89.714285
TempdbUsedMb: 8.0000000
SignalWaitTimeMs: 313204761
PageLifeExpectancy: 46754
[2026-03-29 18:07:38] Snapshot 572 / 720
Zapisano snapshot:
CaptureTime: 2026-03-29 18:07:39.394917
ServerName: deweloper
InstanceName: MSSQLSERVER
CpuPercent: 0.00
BatchRequestsPerSec: 34777
UserConnections: 8
BlockedSessions: 0
DeadlocksPerMin: 0
AvgQueryDurationMs: 12.12750000
AvgLogicalReads: 206.166666
TempdbUsedMb: 8.0000000
SignalWaitTimeMs: 313325454
PageLifeExpectancy: 46754
[2026-03-29 18:08:39] Snapshot 573 / 720
Zapisano snapshot:
CaptureTime: 2026-03-29 18:08:40.005656
ServerName: deweloper
InstanceName: MSSQLSERVER
CpuPercent: 0.00
BatchRequestsPerSec: 34794
UserConnections: 8
BlockedSessions: 0
DeadlocksPerMin: 0
AvgQueryDurationMs: 5.73000000
AvgLogicalReads: 232.800000
TempdbUsedMb: 8.0000000
SignalWaitTimeMs: 313446406
PageLifeExpectancy: 46754
[2026-03-29 18:09:40] Snapshot 574 / 720
Zapisano snapshot:
CaptureTime: 2026-03-29 18:09:40.664246
ServerName: deweloper
InstanceName: MSSQLSERVER
CpuPercent: 0.00
BatchRequestsPerSec: 34811
UserConnections: 8
BlockedSessions: 0
DeadlocksPerMin: 0
AvgQueryDurationMs: 5.62640000
AvgLogicalReads: 232.800000
TempdbUsedMb: 8.0000000
SignalWaitTimeMs: 313567362
PageLifeExpectancy: 46754
[2026-03-29 18:10:40] Snapshot 575 / 720
Zapisano snapshot:
CaptureTime: 2026-03-29 18:10:41.268892
ServerName: deweloper
InstanceName: MSSQLSERVER
CpuPercent: 0.00
BatchRequestsPerSec: 34828
UserConnections: 8
BlockedSessions: 0
DeadlocksPerMin: 0
AvgQueryDurationMs: 5.74680000
AvgLogicalReads: 232.800000
TempdbUsedMb: 8.0000000
SignalWaitTimeMs: 313688612
PageLifeExpectancy: 46754
[2026-03-29 18:11:41] Snapshot 576 / 720
Zapisano snapshot:
CaptureTime: 2026-03-29 18:11:41.924491
ServerName: deweloper
InstanceName: MSSQLSERVER
CpuPercent: 0.00
BatchRequestsPerSec: 34845
UserConnections: 8
BlockedSessions: 0
DeadlocksPerMin: 0
AvgQueryDurationMs: 5.70580000
AvgLogicalReads: 232.800000
TempdbUsedMb: 8.0000000
SignalWaitTimeMs: 313809620
PageLifeExpectancy: 46754
[2026-03-29 18:12:41] Snapshot 577 / 720
Zapisano snapshot:
CaptureTime: 2026-03-29 18:12:44.650907
ServerName: deweloper
InstanceName: MSSQLSERVER
CpuPercent: 0.00
BatchRequestsPerSec: 34866
UserConnections: 8
BlockedSessions: 0
DeadlocksPerMin: 0
AvgQueryDurationMs: 8.07080000
AvgLogicalReads: 232.800000
TempdbUsedMb: 8.0000000
SignalWaitTimeMs: 313936953
PageLifeExpectancy: 46754
[2026-03-29 18:13:44] Snapshot 578 / 720
Zapisano snapshot:
CaptureTime: 2026-03-29 18:13:46.652077
ServerName: deweloper
InstanceName: MSSQLSERVER
CpuPercent: 0.00
BatchRequestsPerSec: 34883
UserConnections: 8
BlockedSessions: 0
DeadlocksPerMin: 0
AvgQueryDurationMs: 6.29420000
AvgLogicalReads: 232.800000
TempdbUsedMb: 8.0000000
SignalWaitTimeMs: 314059460
PageLifeExpectancy: 46754
[2026-03-29 18:14:46] Snapshot 579 / 720
Zapisano snapshot:
CaptureTime: 2026-03-29 18:14:47.648943
ServerName: deweloper
InstanceName: MSSQLSERVER
CpuPercent: 0.00
BatchRequestsPerSec: 34900
UserConnections: 8
BlockedSessions: 0
DeadlocksPerMin: 0
AvgQueryDurationMs: 6.41220000
AvgLogicalReads: 232.800000
TempdbUsedMb: 8.0000000
SignalWaitTimeMs: 314180867
PageLifeExpectancy: 46754
[2026-03-29 18:15:47] Snapshot 580 / 720
Zapisano snapshot:
CaptureTime: 2026-03-29 18:15:48.248614
ServerName: deweloper
InstanceName: MSSQLSERVER
CpuPercent: 0.00
BatchRequestsPerSec: 34917
UserConnections: 8
BlockedSessions: 0
DeadlocksPerMin: 0
AvgQueryDurationMs: 5.56940000
AvgLogicalReads: 232.800000
TempdbUsedMb: 8.0000000
SignalWaitTimeMs: 314302237
PageLifeExpectancy: 46754
[2026-03-29 18:16:48] Snapshot 581 / 720
Zapisano snapshot:
CaptureTime: 2026-03-29 18:16:48.870465
ServerName: deweloper
InstanceName: MSSQLSERVER
CpuPercent: 0.00
BatchRequestsPerSec: 34934
UserConnections: 7
BlockedSessions: 0
DeadlocksPerMin: 0
AvgQueryDurationMs: 5.69600000
AvgLogicalReads: 232.800000
TempdbUsedMb: 8.0000000
SignalWaitTimeMs: 314427721
PageLifeExpectancy: 46754
[2026-03-29 18:17:49] Snapshot 582 / 720
Zapisano snapshot:
CaptureTime: 2026-03-29 18:17:49.767180
ServerName: deweloper
InstanceName: MSSQLSERVER
CpuPercent: 0.00
BatchRequestsPerSec: 34957
UserConnections: 8
BlockedSessions: 0
DeadlocksPerMin: 0
AvgQueryDurationMs: 5.83440000
AvgLogicalReads: 232.800000
TempdbUsedMb: 8.0000000
SignalWaitTimeMs: 314553148
PageLifeExpectancy: 46754
[2026-03-29 18:18:49] Snapshot 583 / 720
Zapisano snapshot:
CaptureTime: 2026-03-29 18:18:50.389218
ServerName: deweloper
InstanceName: MSSQLSERVER
CpuPercent: 0.00
BatchRequestsPerSec: 34974
UserConnections: 8
BlockedSessions: 0
DeadlocksPerMin: 0
AvgQueryDurationMs: 5.67220000
AvgLogicalReads: 232.800000
TempdbUsedMb: 8.0000000
SignalWaitTimeMs: 314674548
PageLifeExpectancy: 46754
[2026-03-29 18:19:50] Snapshot 584 / 720
Zapisano snapshot:
CaptureTime: 2026-03-29 18:19:54.372734
ServerName: deweloper
InstanceName: MSSQLSERVER
CpuPercent: 0.00
BatchRequestsPerSec: 34991
UserConnections: 8
BlockedSessions: 0
DeadlocksPerMin: 0
AvgQueryDurationMs: 43.59500000
AvgLogicalReads: 30.000000
TempdbUsedMb: 8.0000000
SignalWaitTimeMs: 314800246
PageLifeExpectancy: 46754
[2026-03-29 18:20:54] Snapshot 585 / 720
Zapisano snapshot:
CaptureTime: 2026-03-29 18:20:56.345403
ServerName: deweloper
InstanceName: MSSQLSERVER
CpuPercent: 0.00
BatchRequestsPerSec: 35008
UserConnections: 8
BlockedSessions: 0
DeadlocksPerMin: 0
AvgQueryDurationMs: 6.42500000
AvgLogicalReads: 232.800000
TempdbUsedMb: 8.0000000
SignalWaitTimeMs: 314921024
PageLifeExpectancy: 46754
[2026-03-29 18:21:56] Snapshot 586 / 720
Zapisano snapshot:
CaptureTime: 2026-03-29 18:21:57.026119
ServerName: deweloper
InstanceName: MSSQLSERVER
CpuPercent: 0.00
BatchRequestsPerSec: 35025
UserConnections: 7
BlockedSessions: 0
DeadlocksPerMin: 0
AvgQueryDurationMs: 5.62240000
AvgLogicalReads: 232.800000
TempdbUsedMb: 8.0000000
SignalWaitTimeMs: 315045501
PageLifeExpectancy: 46754
[2026-03-29 18:22:57] Snapshot 587 / 720
Zapisano snapshot:
CaptureTime: 2026-03-29 18:22:57.605291
ServerName: deweloper
InstanceName: MSSQLSERVER
CpuPercent: 0.00
BatchRequestsPerSec: 35046
UserConnections: 8
BlockedSessions: 0
DeadlocksPerMin: 0
AvgQueryDurationMs: 5.60620000
AvgLogicalReads: 232.800000
TempdbUsedMb: 8.0000000
SignalWaitTimeMs: 315167595
PageLifeExpectancy: 46754
[2026-03-29 18:23:57] Snapshot 588 / 720
Zapisano snapshot:
CaptureTime: 2026-03-29 18:23:58.227770
ServerName: deweloper
InstanceName: MSSQLSERVER
CpuPercent: 0.00
BatchRequestsPerSec: 35063
UserConnections: 8
BlockedSessions: 0
DeadlocksPerMin: 0
AvgQueryDurationMs: 5.58700000
AvgLogicalReads: 232.800000
TempdbUsedMb: 8.0000000
SignalWaitTimeMs: 315288408
PageLifeExpectancy: 46754
[2026-03-29 18:24:58] Snapshot 589 / 720
Zapisano snapshot:
CaptureTime: 2026-03-29 18:24:58.836334
ServerName: deweloper
InstanceName: MSSQLSERVER
CpuPercent: 0.00
BatchRequestsPerSec: 35080
UserConnections: 8
BlockedSessions: 0
DeadlocksPerMin: 0
AvgQueryDurationMs: 5.85640000
AvgLogicalReads: 232.800000
TempdbUsedMb: 8.0000000
SignalWaitTimeMs: 315409579
PageLifeExpectancy: 46754
[2026-03-29 18:25:58] Snapshot 590 / 720
Zapisano snapshot:
CaptureTime: 2026-03-29 18:25:59.499414
ServerName: deweloper
InstanceName: MSSQLSERVER
CpuPercent: 0.00
BatchRequestsPerSec: 35097
UserConnections: 8
BlockedSessions: 0
DeadlocksPerMin: 0
AvgQueryDurationMs: 6.94860000
AvgLogicalReads: 232.800000
TempdbUsedMb: 8.0000000
SignalWaitTimeMs: 315533074
PageLifeExpectancy: 46754
[2026-03-29 18:26:59] Snapshot 591 / 720
Zapisano snapshot:
CaptureTime: 2026-03-29 18:27:00.219233
ServerName: deweloper
InstanceName: MSSQLSERVER
CpuPercent: 0.00
BatchRequestsPerSec: 35118
UserConnections: 8
BlockedSessions: 0
DeadlocksPerMin: 0
AvgQueryDurationMs: 12.68833333
AvgLogicalReads: 232.500000
TempdbUsedMb: 8.0000000
SignalWaitTimeMs: 315688667
PageLifeExpectancy: 46754
[2026-03-29 18:28:00] Snapshot 592 / 720
Zapisano snapshot:
CaptureTime: 2026-03-29 18:28:01.032386
ServerName: deweloper
InstanceName: MSSQLSERVER
CpuPercent: 0.00
BatchRequestsPerSec: 35135
UserConnections: 8
BlockedSessions: 0
DeadlocksPerMin: 0
AvgQueryDurationMs: 5.65420000
AvgLogicalReads: 232.800000
TempdbUsedMb: 8.0000000
SignalWaitTimeMs: 315809295
PageLifeExpectancy: 46754
[2026-03-29 18:29:01] Snapshot 593 / 720
Zapisano snapshot:
CaptureTime: 2026-03-29 18:29:01.642501
ServerName: deweloper
InstanceName: MSSQLSERVER
CpuPercent: 0.00
BatchRequestsPerSec: 35152
UserConnections: 8
BlockedSessions: 0
DeadlocksPerMin: 0
AvgQueryDurationMs: 5.58180000
AvgLogicalReads: 232.800000
TempdbUsedMb: 8.0000000
SignalWaitTimeMs: 315930897
PageLifeExpectancy: 46754
[2026-03-29 18:30:01] Snapshot 594 / 720
Zapisano snapshot:
CaptureTime: 2026-03-29 18:30:02.273975
ServerName: deweloper
InstanceName: MSSQLSERVER
CpuPercent: 0.00
BatchRequestsPerSec: 35169
UserConnections: 8
BlockedSessions: 0
DeadlocksPerMin: 0
AvgQueryDurationMs: 5.63840000
AvgLogicalReads: 232.800000
TempdbUsedMb: 8.0000000
SignalWaitTimeMs: 316056585
PageLifeExpectancy: 46754
[2026-03-29 18:31:02] Snapshot 595 / 720
Zapisano snapshot:
CaptureTime: 2026-03-29 18:31:02.901843
ServerName: deweloper
InstanceName: MSSQLSERVER
CpuPercent: 0.00
BatchRequestsPerSec: 35186
UserConnections: 7
BlockedSessions: 0
DeadlocksPerMin: 0
AvgQueryDurationMs: 5.60280000
AvgLogicalReads: 232.800000
TempdbUsedMb: 8.0000000
SignalWaitTimeMs: 316179877
PageLifeExpectancy: 46754
[2026-03-29 18:32:02] Snapshot 596 / 720
Zapisano snapshot:
CaptureTime: 2026-03-29 18:32:03.632599
ServerName: deweloper
InstanceName: MSSQLSERVER
CpuPercent: 0.00
BatchRequestsPerSec: 35207
UserConnections: 8
BlockedSessions: 0
DeadlocksPerMin: 0
AvgQueryDurationMs: 23.10250000
AvgLogicalReads: 30.000000
TempdbUsedMb: 8.0000000
SignalWaitTimeMs: 316302998
PageLifeExpectancy: 46754
[2026-03-29 18:33:03] Snapshot 597 / 720
Zapisano snapshot:
CaptureTime: 2026-03-29 18:33:04.365919
ServerName: deweloper
InstanceName: MSSQLSERVER
CpuPercent: 0.00
BatchRequestsPerSec: 35224
UserConnections: 8
BlockedSessions: 0
DeadlocksPerMin: 0
AvgQueryDurationMs: 5.94900000
AvgLogicalReads: 232.800000
TempdbUsedMb: 8.0000000
SignalWaitTimeMs: 316422975
PageLifeExpectancy: 46754
[2026-03-29 18:34:04] Snapshot 598 / 720
Zapisano snapshot:
CaptureTime: 2026-03-29 18:34:05.020917
ServerName: deweloper
InstanceName: MSSQLSERVER
CpuPercent: 0.00
BatchRequestsPerSec: 35241
UserConnections: 8
BlockedSessions: 0
DeadlocksPerMin: 0
AvgQueryDurationMs: 5.66120000
AvgLogicalReads: 232.800000
TempdbUsedMb: 8.0000000
SignalWaitTimeMs: 316550036
PageLifeExpectancy: 46754
[2026-03-29 18:35:05] Snapshot 599 / 720
Zapisano snapshot:
CaptureTime: 2026-03-29 18:35:06.052425
ServerName: deweloper
InstanceName: MSSQLSERVER
CpuPercent: 0.00
BatchRequestsPerSec: 35258
UserConnections: 8
BlockedSessions: 0
DeadlocksPerMin: 0
AvgQueryDurationMs: 7.76720000
AvgLogicalReads: 232.800000
TempdbUsedMb: 8.0000000
SignalWaitTimeMs: 316675289
PageLifeExpectancy: 46754
[2026-03-29 18:36:06] Snapshot 600 / 720
Zapisano snapshot:
CaptureTime: 2026-03-29 18:36:08.215645
ServerName: deweloper
InstanceName: MSSQLSERVER
CpuPercent: 0.00
BatchRequestsPerSec: 35275
UserConnections: 8
BlockedSessions: 0
DeadlocksPerMin: 0
AvgQueryDurationMs: 6.45960000
AvgLogicalReads: 232.800000
TempdbUsedMb: 8.0000000
SignalWaitTimeMs: 316798598
PageLifeExpectancy: 46754
[2026-03-29 18:37:08] Snapshot 601 / 720
Zapisano snapshot:
CaptureTime: 2026-03-29 18:37:09.554822
ServerName: deweloper
InstanceName: MSSQLSERVER
CpuPercent: 0.00
BatchRequestsPerSec: 35296
UserConnections: 8
BlockedSessions: 0
DeadlocksPerMin: 0
AvgQueryDurationMs: 12.00183333
AvgLogicalReads: 232.500000
TempdbUsedMb: 8.0000000
SignalWaitTimeMs: 316918393
PageLifeExpectancy: 46754
[2026-03-29 18:38:09] Snapshot 602 / 720
Zapisano snapshot:
CaptureTime: 2026-03-29 18:38:10.715352
ServerName: deweloper
InstanceName: MSSQLSERVER
CpuPercent: 0.00
BatchRequestsPerSec: 35313
UserConnections: 8
BlockedSessions: 0
DeadlocksPerMin: 0
AvgQueryDurationMs: 6.22800000
AvgLogicalReads: 232.800000
TempdbUsedMb: 8.0000000
SignalWaitTimeMs: 317040605
PageLifeExpectancy: 46754
[2026-03-29 18:39:10] Snapshot 603 / 720
Zapisano snapshot:
CaptureTime: 2026-03-29 18:39:11.343877
ServerName: deweloper
InstanceName: MSSQLSERVER
CpuPercent: 0.00
BatchRequestsPerSec: 35330
UserConnections: 8
BlockedSessions: 0
DeadlocksPerMin: 0
AvgQueryDurationMs: 5.68520000
AvgLogicalReads: 232.800000
TempdbUsedMb: 8.0000000
SignalWaitTimeMs: 317171181
PageLifeExpectancy: 46754
[2026-03-29 18:40:11] Snapshot 604 / 720
Zapisano snapshot:
CaptureTime: 2026-03-29 18:40:11.960306
ServerName: deweloper
InstanceName: MSSQLSERVER
CpuPercent: 0.00
BatchRequestsPerSec: 35347
UserConnections: 8
BlockedSessions: 0
DeadlocksPerMin: 0
AvgQueryDurationMs: 5.60340000
AvgLogicalReads: 232.800000
TempdbUsedMb: 8.0000000
SignalWaitTimeMs: 317292021
PageLifeExpectancy: 46754
[2026-03-29 18:41:12] Snapshot 605 / 720
Zapisano snapshot:
CaptureTime: 2026-03-29 18:41:12.599624
ServerName: deweloper
InstanceName: MSSQLSERVER
CpuPercent: 0.00
BatchRequestsPerSec: 35364
UserConnections: 7
BlockedSessions: 0
DeadlocksPerMin: 0
AvgQueryDurationMs: 5.69360000
AvgLogicalReads: 232.800000
TempdbUsedMb: 8.0000000
SignalWaitTimeMs: 317418137
PageLifeExpectancy: 46754
[2026-03-29 18:42:12] Snapshot 606 / 720
Zapisano snapshot:
CaptureTime: 2026-03-29 18:42:13.195478
ServerName: deweloper
InstanceName: MSSQLSERVER
CpuPercent: 0.00
BatchRequestsPerSec: 35385
UserConnections: 8
BlockedSessions: 0
DeadlocksPerMin: 0
AvgQueryDurationMs: 15.02550000
AvgLogicalReads: 206.166666
TempdbUsedMb: 8.0000000
SignalWaitTimeMs: 317541859
PageLifeExpectancy: 46754
[2026-03-29 18:43:13] Snapshot 607 / 720
Zapisano snapshot:
CaptureTime: 2026-03-29 18:43:13.804110
ServerName: deweloper
InstanceName: MSSQLSERVER
CpuPercent: 0.00
BatchRequestsPerSec: 35402
UserConnections: 8
BlockedSessions: 0
DeadlocksPerMin: 0
AvgQueryDurationMs: 5.68340000
AvgLogicalReads: 232.800000
TempdbUsedMb: 8.0000000
SignalWaitTimeMs: 317662704
PageLifeExpectancy: 46754
[2026-03-29 18:44:13] Snapshot 608 / 720
Zapisano snapshot:
CaptureTime: 2026-03-29 18:44:14.456934
ServerName: deweloper
InstanceName: MSSQLSERVER
CpuPercent: 0.00
BatchRequestsPerSec: 35419
UserConnections: 8
BlockedSessions: 0
DeadlocksPerMin: 0
AvgQueryDurationMs: 5.58040000
AvgLogicalReads: 232.800000
TempdbUsedMb: 8.0000000
SignalWaitTimeMs: 317783220
PageLifeExpectancy: 46754
[2026-03-29 18:45:14] Snapshot 609 / 720
Zapisano snapshot:
CaptureTime: 2026-03-29 18:45:15.062583
ServerName: deweloper
InstanceName: MSSQLSERVER
CpuPercent: 0.00
BatchRequestsPerSec: 35436
UserConnections: 8
BlockedSessions: 0
DeadlocksPerMin: 0
AvgQueryDurationMs: 5.67600000
AvgLogicalReads: 232.800000
TempdbUsedMb: 8.0000000
SignalWaitTimeMs: 317903828
PageLifeExpectancy: 46754
[2026-03-29 18:46:15] Snapshot 610 / 720
Zapisano snapshot:
CaptureTime: 2026-03-29 18:46:16.632980
ServerName: deweloper
InstanceName: MSSQLSERVER
CpuPercent: 0.00
BatchRequestsPerSec: 35453
UserConnections: 8
BlockedSessions: 0
DeadlocksPerMin: 0
AvgQueryDurationMs: 12.29580000
AvgLogicalReads: 232.800000
TempdbUsedMb: 8.0000000
SignalWaitTimeMs: 318026158
PageLifeExpectancy: 46754
[2026-03-29 18:47:16] Snapshot 611 / 720
Zapisano snapshot:
CaptureTime: 2026-03-29 18:47:18.508052
ServerName: deweloper
InstanceName: MSSQLSERVER
CpuPercent: 0.00
BatchRequestsPerSec: 35474
UserConnections: 8
BlockedSessions: 0
DeadlocksPerMin: 0
AvgQueryDurationMs: 12.92600000
AvgLogicalReads: 232.500000
TempdbUsedMb: 8.0000000
SignalWaitTimeMs: 318153412
PageLifeExpectancy: 46754
[2026-03-29 18:48:18] Snapshot 612 / 720
Zapisano snapshot:
CaptureTime: 2026-03-29 18:48:19.682273
ServerName: deweloper
InstanceName: MSSQLSERVER
CpuPercent: 0.00
BatchRequestsPerSec: 35491
UserConnections: 8
BlockedSessions: 0
DeadlocksPerMin: 0
AvgQueryDurationMs: 6.57440000
AvgLogicalReads: 232.800000
TempdbUsedMb: 8.0000000
SignalWaitTimeMs: 318275175
PageLifeExpectancy: 46754
[2026-03-29 18:49:19] Snapshot 613 / 720
Zapisano snapshot:
CaptureTime: 2026-03-29 18:49:21.399080
ServerName: deweloper
InstanceName: MSSQLSERVER
CpuPercent: 0.00
BatchRequestsPerSec: 35508
UserConnections: 8
BlockedSessions: 0
DeadlocksPerMin: 0
AvgQueryDurationMs: 6.49900000
AvgLogicalReads: 232.800000
TempdbUsedMb: 8.0000000
SignalWaitTimeMs: 318396829
PageLifeExpectancy: 46754
[2026-03-29 18:50:21] Snapshot 614 / 720
Zapisano snapshot:
CaptureTime: 2026-03-29 18:50:22.011576
ServerName: deweloper
InstanceName: MSSQLSERVER
CpuPercent: 0.00
BatchRequestsPerSec: 35525
UserConnections: 7
BlockedSessions: 0
DeadlocksPerMin: 0
AvgQueryDurationMs: 5.70520000
AvgLogicalReads: 232.800000
TempdbUsedMb: 8.0000000
SignalWaitTimeMs: 318519083
PageLifeExpectancy: 46754
[2026-03-29 18:51:22] Snapshot 615 / 720
Zapisano snapshot:
CaptureTime: 2026-03-29 18:51:22.624873
ServerName: deweloper
InstanceName: MSSQLSERVER
CpuPercent: 0.00
BatchRequestsPerSec: 35542
UserConnections: 7
BlockedSessions: 0
DeadlocksPerMin: 0
AvgQueryDurationMs: 5.64100000
AvgLogicalReads: 232.800000
TempdbUsedMb: 8.0000000
SignalWaitTimeMs: 318640042
PageLifeExpectancy: 46754
[2026-03-29 18:52:22] Snapshot 616 / 720
Zapisano snapshot:
CaptureTime: 2026-03-29 18:52:23.234773
ServerName: deweloper
InstanceName: MSSQLSERVER
CpuPercent: 0.00
BatchRequestsPerSec: 35563
UserConnections: 8
BlockedSessions: 0
DeadlocksPerMin: 0
AvgQueryDurationMs: 13.01433333
AvgLogicalReads: 206.166666
TempdbUsedMb: 8.0000000
SignalWaitTimeMs: 318760779
PageLifeExpectancy: 46754
[2026-03-29 18:53:23] Snapshot 617 / 720
Zapisano snapshot:
CaptureTime: 2026-03-29 18:53:23.859849
ServerName: deweloper
InstanceName: MSSQLSERVER
CpuPercent: 0.00
BatchRequestsPerSec: 35580
UserConnections: 8
BlockedSessions: 0
DeadlocksPerMin: 0
AvgQueryDurationMs: 5.74580000
AvgLogicalReads: 232.800000
TempdbUsedMb: 8.0000000
SignalWaitTimeMs: 318886453
PageLifeExpectancy: 46754
[2026-03-29 18:54:23] Snapshot 618 / 720
Zapisano snapshot:
CaptureTime: 2026-03-29 18:54:24.488438
ServerName: deweloper
InstanceName: MSSQLSERVER
CpuPercent: 0.00
BatchRequestsPerSec: 35597
UserConnections: 8
BlockedSessions: 0
DeadlocksPerMin: 0
AvgQueryDurationMs: 5.79840000
AvgLogicalReads: 232.800000
TempdbUsedMb: 8.0000000
SignalWaitTimeMs: 319008413
PageLifeExpectancy: 46754
[2026-03-29 18:55:24] Snapshot 619 / 720
Zapisano snapshot:
CaptureTime: 2026-03-29 18:55:25.107341
ServerName: deweloper
InstanceName: MSSQLSERVER
CpuPercent: 0.00
BatchRequestsPerSec: 35614
UserConnections: 8
BlockedSessions: 0
DeadlocksPerMin: 0
AvgQueryDurationMs: 5.71760000
AvgLogicalReads: 232.800000
TempdbUsedMb: 8.0000000
SignalWaitTimeMs: 319129468
PageLifeExpectancy: 46754
[2026-03-29 18:56:25] Snapshot 620 / 720
Zapisano snapshot:
CaptureTime: 2026-03-29 18:56:26.444567
ServerName: deweloper
InstanceName: MSSQLSERVER
CpuPercent: 0.00
BatchRequestsPerSec: 35631
UserConnections: 8
BlockedSessions: 0
DeadlocksPerMin: 0
AvgQueryDurationMs: 10.23640000
AvgLogicalReads: 232.800000
TempdbUsedMb: 8.0000000
SignalWaitTimeMs: 319250986
PageLifeExpectancy: 46754
[2026-03-29 18:57:26] Snapshot 621 / 720
Zapisano snapshot:
CaptureTime: 2026-03-29 18:57:27.100853
ServerName: deweloper
InstanceName: MSSQLSERVER
CpuPercent: 0.00
BatchRequestsPerSec: 35652
UserConnections: 8
BlockedSessions: 0
DeadlocksPerMin: 0
AvgQueryDurationMs: 6.03200000
AvgLogicalReads: 232.800000
TempdbUsedMb: 8.0000000
SignalWaitTimeMs: 319372043
PageLifeExpectancy: 46754
[2026-03-29 18:58:27] Snapshot 622 / 720
Zapisano snapshot:
CaptureTime: 2026-03-29 18:58:27.736863
ServerName: deweloper
InstanceName: MSSQLSERVER
CpuPercent: 0.00
BatchRequestsPerSec: 35669
UserConnections: 8
BlockedSessions: 0
DeadlocksPerMin: 0
AvgQueryDurationMs: 5.70880000
AvgLogicalReads: 232.800000
TempdbUsedMb: 8.0000000
SignalWaitTimeMs: 319498391
PageLifeExpectancy: 46754
[2026-03-29 18:59:27] Snapshot 623 / 720
Zapisano snapshot:
CaptureTime: 2026-03-29 18:59:30.273058
ServerName: deweloper
InstanceName: MSSQLSERVER
CpuPercent: 0.00
BatchRequestsPerSec: 35686
UserConnections: 8
BlockedSessions: 0
DeadlocksPerMin: 0
AvgQueryDurationMs: 8.42160000
AvgLogicalReads: 232.800000
TempdbUsedMb: 8.0000000
SignalWaitTimeMs: 319624921
PageLifeExpectancy: 46754
[2026-03-29 19:00:30] Snapshot 624 / 720
Zapisano snapshot:
CaptureTime: 2026-03-29 19:00:30.930183
ServerName: deweloper
InstanceName: MSSQLSERVER
CpuPercent: 0.00
BatchRequestsPerSec: 35703
UserConnections: 7
BlockedSessions: 0
DeadlocksPerMin: 0
AvgQueryDurationMs: 5.71820000
AvgLogicalReads: 232.800000
TempdbUsedMb: 8.0000000
SignalWaitTimeMs: 319765547
PageLifeExpectancy: 46754
[2026-03-29 19:01:31] Snapshot 625 / 720
Zapisano snapshot:
CaptureTime: 2026-03-29 19:01:31.544002
ServerName: deweloper
InstanceName: MSSQLSERVER
CpuPercent: 0.00
BatchRequestsPerSec: 35720
UserConnections: 7
BlockedSessions: 0
DeadlocksPerMin: 0
AvgQueryDurationMs: 5.61040000
AvgLogicalReads: 232.800000
TempdbUsedMb: 8.0000000
SignalWaitTimeMs: 319886048
PageLifeExpectancy: 46754
[2026-03-29 19:02:31] Snapshot 626 / 720
Zapisano snapshot:
CaptureTime: 2026-03-29 19:02:32.172011
ServerName: deweloper
InstanceName: MSSQLSERVER
CpuPercent: 0.00
BatchRequestsPerSec: 35741
UserConnections: 8
BlockedSessions: 0
DeadlocksPerMin: 0
AvgQueryDurationMs: 12.28550000
AvgLogicalReads: 206.166666
TempdbUsedMb: 8.0000000
SignalWaitTimeMs: 320010488
PageLifeExpectancy: 46754
[2026-03-29 19:03:32] Snapshot 627 / 720
Zapisano snapshot:
CaptureTime: 2026-03-29 19:03:32.815186
ServerName: deweloper
InstanceName: MSSQLSERVER
CpuPercent: 0.00
BatchRequestsPerSec: 35758
UserConnections: 8
BlockedSessions: 0
DeadlocksPerMin: 0
AvgQueryDurationMs: 7.18540000
AvgLogicalReads: 232.800000
TempdbUsedMb: 8.0000000
SignalWaitTimeMs: 320131894
PageLifeExpectancy: 46754
[2026-03-29 19:04:32] Snapshot 628 / 720
Zapisano snapshot:
CaptureTime: 2026-03-29 19:04:33.430387
ServerName: deweloper
InstanceName: MSSQLSERVER
CpuPercent: 0.00
BatchRequestsPerSec: 35775
UserConnections: 8
BlockedSessions: 0
DeadlocksPerMin: 0
AvgQueryDurationMs: 6.07980000
AvgLogicalReads: 232.800000
TempdbUsedMb: 8.0000000
SignalWaitTimeMs: 320253054
PageLifeExpectancy: 46754
[2026-03-29 19:05:33] Snapshot 629 / 720
Zapisano snapshot:
CaptureTime: 2026-03-29 19:05:34.149663
ServerName: deweloper
InstanceName: MSSQLSERVER
CpuPercent: 0.00
BatchRequestsPerSec: 35792
UserConnections: 8
BlockedSessions: 0
DeadlocksPerMin: 0
AvgQueryDurationMs: 6.71840000
AvgLogicalReads: 232.800000
TempdbUsedMb: 8.0000000
SignalWaitTimeMs: 320373873
PageLifeExpectancy: 46754
[2026-03-29 19:06:34] Snapshot 630 / 720
Zapisano snapshot:
CaptureTime: 2026-03-29 19:06:34.758757
ServerName: deweloper
InstanceName: MSSQLSERVER
CpuPercent: 0.00
BatchRequestsPerSec: 35809
UserConnections: 8
BlockedSessions: 0
DeadlocksPerMin: 0
AvgQueryDurationMs: 5.63020000
AvgLogicalReads: 232.800000
TempdbUsedMb: 8.0000000
SignalWaitTimeMs: 320498555
PageLifeExpectancy: 46754
[2026-03-29 19:07:34] Snapshot 631 / 720
Zapisano snapshot:
CaptureTime: 2026-03-29 19:07:35.373072
ServerName: deweloper
InstanceName: MSSQLSERVER
CpuPercent: 0.00
BatchRequestsPerSec: 35830
UserConnections: 8
BlockedSessions: 0
DeadlocksPerMin: 0
AvgQueryDurationMs: 5.83420000
AvgLogicalReads: 232.800000
TempdbUsedMb: 8.0000000
SignalWaitTimeMs: 320618934
PageLifeExpectancy: 46754
[2026-03-29 19:08:35] Snapshot 632 / 720
Zapisano snapshot:
CaptureTime: 2026-03-29 19:08:35.975846
ServerName: deweloper
InstanceName: MSSQLSERVER
CpuPercent: 0.00
BatchRequestsPerSec: 35847
UserConnections: 8
BlockedSessions: 0
DeadlocksPerMin: 0
AvgQueryDurationMs: 5.79060000
AvgLogicalReads: 232.800000
TempdbUsedMb: 8.0000000
SignalWaitTimeMs: 320739726
PageLifeExpectancy: 46754
[2026-03-29 19:09:36] Snapshot 633 / 720
Zapisano snapshot:
CaptureTime: 2026-03-29 19:09:36.658411
ServerName: deweloper
InstanceName: MSSQLSERVER
CpuPercent: 0.00
BatchRequestsPerSec: 35864
UserConnections: 8
BlockedSessions: 0
DeadlocksPerMin: 0
AvgQueryDurationMs: 6.95820000
AvgLogicalReads: 232.800000
TempdbUsedMb: 8.0000000
SignalWaitTimeMs: 320867784
PageLifeExpectancy: 46754
[2026-03-29 19:10:36] Snapshot 634 / 720
Zapisano snapshot:
CaptureTime: 2026-03-29 19:10:37.258890
ServerName: deweloper
InstanceName: MSSQLSERVER
CpuPercent: 0.00
BatchRequestsPerSec: 35881
UserConnections: 8
BlockedSessions: 0
DeadlocksPerMin: 0
AvgQueryDurationMs: 5.73960000
AvgLogicalReads: 232.800000
TempdbUsedMb: 8.0000000
SignalWaitTimeMs: 320991217
PageLifeExpectancy: 46754
[2026-03-29 19:11:37] Snapshot 635 / 720
Zapisano snapshot:
CaptureTime: 2026-03-29 19:11:39.657968
ServerName: deweloper
InstanceName: MSSQLSERVER
CpuPercent: 0.00
BatchRequestsPerSec: 35898
UserConnections: 8
BlockedSessions: 0
DeadlocksPerMin: 0
AvgQueryDurationMs: 8.80900000
AvgLogicalReads: 232.800000
TempdbUsedMb: 8.0000000
SignalWaitTimeMs: 321112492
PageLifeExpectancy: 46754
[2026-03-29 19:12:39] Snapshot 636 / 720
Zapisano snapshot:
CaptureTime: 2026-03-29 19:12:40.355434
ServerName: deweloper
InstanceName: MSSQLSERVER
CpuPercent: 0.00
BatchRequestsPerSec: 35919
UserConnections: 8
BlockedSessions: 0
DeadlocksPerMin: 0
AvgQueryDurationMs: 6.06180000
AvgLogicalReads: 238.000000
TempdbUsedMb: 8.0000000
SignalWaitTimeMs: 321234051
PageLifeExpectancy: 46754
[2026-03-29 19:13:40] Snapshot 637 / 720
Zapisano snapshot:
CaptureTime: 2026-03-29 19:13:41.018167
ServerName: deweloper
InstanceName: MSSQLSERVER
CpuPercent: 0.00
BatchRequestsPerSec: 35936
UserConnections: 8
BlockedSessions: 0
DeadlocksPerMin: 0
AvgQueryDurationMs: 5.72360000
AvgLogicalReads: 232.800000
TempdbUsedMb: 8.0000000
SignalWaitTimeMs: 321355081
PageLifeExpectancy: 46754
[2026-03-29 19:14:41] Snapshot 638 / 720
Zapisano snapshot:
CaptureTime: 2026-03-29 19:14:41.618104
ServerName: deweloper
InstanceName: MSSQLSERVER
CpuPercent: 0.00
BatchRequestsPerSec: 35953
UserConnections: 8
BlockedSessions: 0
DeadlocksPerMin: 0
AvgQueryDurationMs: 5.76540000
AvgLogicalReads: 232.800000
TempdbUsedMb: 8.0000000
SignalWaitTimeMs: 321478110
PageLifeExpectancy: 46754
[2026-03-29 19:15:41] Snapshot 639 / 720
Zapisano snapshot:
CaptureTime: 2026-03-29 19:15:42.233780
ServerName: deweloper
InstanceName: MSSQLSERVER
CpuPercent: 0.00
BatchRequestsPerSec: 35970
UserConnections: 8
BlockedSessions: 0
DeadlocksPerMin: 0
AvgQueryDurationMs: 5.64020000
AvgLogicalReads: 232.800000
TempdbUsedMb: 8.0000000
SignalWaitTimeMs: 321604338
PageLifeExpectancy: 46754
[2026-03-29 19:16:42] Snapshot 640 / 720
Zapisano snapshot:
CaptureTime: 2026-03-29 19:16:42.836848
ServerName: deweloper
InstanceName: MSSQLSERVER
CpuPercent: 0.00
BatchRequestsPerSec: 35987
UserConnections: 8
BlockedSessions: 0
DeadlocksPerMin: 0
AvgQueryDurationMs: 5.82480000
AvgLogicalReads: 232.800000
TempdbUsedMb: 8.0000000
SignalWaitTimeMs: 321726820
PageLifeExpectancy: 46754
[2026-03-29 19:17:42] Snapshot 641 / 720
Zapisano snapshot:
CaptureTime: 2026-03-29 19:17:43.450196
ServerName: deweloper
InstanceName: MSSQLSERVER
CpuPercent: 0.00
BatchRequestsPerSec: 36010
UserConnections: 8
BlockedSessions: 0
DeadlocksPerMin: 0
AvgQueryDurationMs: 6.11980000
AvgLogicalReads: 232.800000
TempdbUsedMb: 8.0000000
SignalWaitTimeMs: 321847945
PageLifeExpectancy: 46754
[2026-03-29 19:18:43] Snapshot 642 / 720
Zapisano snapshot:
CaptureTime: 2026-03-29 19:18:44.067186
ServerName: deweloper
InstanceName: MSSQLSERVER
CpuPercent: 0.00
BatchRequestsPerSec: 36027
UserConnections: 8
BlockedSessions: 0
DeadlocksPerMin: 0
AvgQueryDurationMs: 5.68400000
AvgLogicalReads: 232.800000
TempdbUsedMb: 8.0000000
SignalWaitTimeMs: 321969496
PageLifeExpectancy: 46754
[2026-03-29 19:19:44] Snapshot 643 / 720
Zapisano snapshot:
CaptureTime: 2026-03-29 19:19:44.747934
ServerName: deweloper
InstanceName: MSSQLSERVER
CpuPercent: 0.00
BatchRequestsPerSec: 36044
UserConnections: 8
BlockedSessions: 0
DeadlocksPerMin: 0
AvgQueryDurationMs: 6.37520000
AvgLogicalReads: 232.800000
TempdbUsedMb: 8.0000000
SignalWaitTimeMs: 322090521
PageLifeExpectancy: 46754
[2026-03-29 19:20:44] Snapshot 644 / 720
Zapisano snapshot:
CaptureTime: 2026-03-29 19:20:45.371575
ServerName: deweloper
InstanceName: MSSQLSERVER
CpuPercent: 0.00
BatchRequestsPerSec: 36061
UserConnections: 8
BlockedSessions: 0
DeadlocksPerMin: 0
AvgQueryDurationMs: 7.31260000
AvgLogicalReads: 232.800000
TempdbUsedMb: 8.0000000
SignalWaitTimeMs: 322211333
PageLifeExpectancy: 46754
[2026-03-29 19:21:45] Snapshot 645 / 720
Zapisano snapshot:
CaptureTime: 2026-03-29 19:21:45.970122
ServerName: deweloper
InstanceName: MSSQLSERVER
CpuPercent: 0.00
BatchRequestsPerSec: 36078
UserConnections: 8
BlockedSessions: 0
DeadlocksPerMin: 0
AvgQueryDurationMs: 5.68420000
AvgLogicalReads: 232.800000
TempdbUsedMb: 8.0000000
SignalWaitTimeMs: 322332280
PageLifeExpectancy: 46754
[2026-03-29 19:22:46] Snapshot 646 / 720
Zapisano snapshot:
CaptureTime: 2026-03-29 19:22:46.572647
ServerName: deweloper
InstanceName: MSSQLSERVER
CpuPercent: 0.00
BatchRequestsPerSec: 36099
UserConnections: 8
BlockedSessions: 0
DeadlocksPerMin: 0
AvgQueryDurationMs: 5.83760000
AvgLogicalReads: 232.800000
TempdbUsedMb: 8.0000000
SignalWaitTimeMs: 322453154
PageLifeExpectancy: 46754
[2026-03-29 19:23:46] Snapshot 647 / 720
Zapisano snapshot:
CaptureTime: 2026-03-29 19:23:47.196297
ServerName: deweloper
InstanceName: MSSQLSERVER
CpuPercent: 0.00
BatchRequestsPerSec: 36116
UserConnections: 8
BlockedSessions: 0
DeadlocksPerMin: 0
AvgQueryDurationMs: 5.60320000
AvgLogicalReads: 232.800000
TempdbUsedMb: 8.0000000
SignalWaitTimeMs: 322573748
PageLifeExpectancy: 46754
[2026-03-29 19:24:47] Snapshot 648 / 720
Zapisano snapshot:
CaptureTime: 2026-03-29 19:24:47.839060
ServerName: deweloper
InstanceName: MSSQLSERVER
CpuPercent: 0.00
BatchRequestsPerSec: 36133
UserConnections: 8
BlockedSessions: 0
DeadlocksPerMin: 0
AvgQueryDurationMs: 5.64260000
AvgLogicalReads: 232.800000
TempdbUsedMb: 8.0000000
SignalWaitTimeMs: 322694268
PageLifeExpectancy: 46754
[2026-03-29 19:25:47] Snapshot 649 / 720
Zapisano snapshot:
CaptureTime: 2026-03-29 19:25:48.492115
ServerName: deweloper
InstanceName: MSSQLSERVER
CpuPercent: 0.00
BatchRequestsPerSec: 36150
UserConnections: 8
BlockedSessions: 0
DeadlocksPerMin: 0
AvgQueryDurationMs: 6.27080000
AvgLogicalReads: 232.800000
TempdbUsedMb: 8.0000000
SignalWaitTimeMs: 322824118
PageLifeExpectancy: 46754
[2026-03-29 19:26:48] Snapshot 650 / 720
Zapisano snapshot:
CaptureTime: 2026-03-29 19:26:49.331079
ServerName: deweloper
InstanceName: MSSQLSERVER
CpuPercent: 0.00
BatchRequestsPerSec: 36167
UserConnections: 8
BlockedSessions: 0
DeadlocksPerMin: 0
AvgQueryDurationMs: 6.04120000
AvgLogicalReads: 232.800000
TempdbUsedMb: 8.0000000
SignalWaitTimeMs: 322945625
PageLifeExpectancy: 46754
[2026-03-29 19:27:49] Snapshot 651 / 720
Zapisano snapshot:
CaptureTime: 2026-03-29 19:27:50.765368
ServerName: deweloper
InstanceName: MSSQLSERVER
CpuPercent: 0.00
BatchRequestsPerSec: 36188
UserConnections: 8
BlockedSessions: 0
DeadlocksPerMin: 0
AvgQueryDurationMs: 6.29200000
AvgLogicalReads: 232.800000
TempdbUsedMb: 8.0000000
SignalWaitTimeMs: 323066630
PageLifeExpectancy: 46754
[2026-03-29 19:28:50] Snapshot 652 / 720
Zapisano snapshot:
CaptureTime: 2026-03-29 19:28:51.376992
ServerName: deweloper
InstanceName: MSSQLSERVER
CpuPercent: 0.00
BatchRequestsPerSec: 36205
UserConnections: 8
BlockedSessions: 0
DeadlocksPerMin: 0
AvgQueryDurationMs: 6.10280000
AvgLogicalReads: 232.800000
TempdbUsedMb: 8.0000000
SignalWaitTimeMs: 323187718
PageLifeExpectancy: 46754
[2026-03-29 19:29:51] Snapshot 653 / 720
Zapisano snapshot:
CaptureTime: 2026-03-29 19:29:51.984212
ServerName: deweloper
InstanceName: MSSQLSERVER
CpuPercent: 0.00
BatchRequestsPerSec: 36222
UserConnections: 8
BlockedSessions: 0
DeadlocksPerMin: 0
AvgQueryDurationMs: 5.84360000
AvgLogicalReads: 232.800000
TempdbUsedMb: 8.0000000
SignalWaitTimeMs: 323312801
PageLifeExpectancy: 46754
[2026-03-29 19:30:52] Snapshot 654 / 720
Zapisano snapshot:
CaptureTime: 2026-03-29 19:30:52.601045
ServerName: deweloper
InstanceName: MSSQLSERVER
CpuPercent: 0.00
BatchRequestsPerSec: 36239
UserConnections: 7
BlockedSessions: 0
DeadlocksPerMin: 0
AvgQueryDurationMs: 6.91420000
AvgLogicalReads: 232.800000
TempdbUsedMb: 8.0000000
SignalWaitTimeMs: 323433830
PageLifeExpectancy: 46754
[2026-03-29 19:31:52] Snapshot 655 / 720
Zapisano snapshot:
CaptureTime: 2026-03-29 19:31:53.231839
ServerName: deweloper
InstanceName: MSSQLSERVER
CpuPercent: 0.00
BatchRequestsPerSec: 36256
UserConnections: 7
BlockedSessions: 0
DeadlocksPerMin: 0
AvgQueryDurationMs: 5.78360000
AvgLogicalReads: 232.800000
TempdbUsedMb: 8.0000000
SignalWaitTimeMs: 323554807
PageLifeExpectancy: 46754
[2026-03-29 19:32:53] Snapshot 656 / 720
Zapisano snapshot:
CaptureTime: 2026-03-29 19:32:53.840344
ServerName: deweloper
InstanceName: MSSQLSERVER
CpuPercent: 0.00
BatchRequestsPerSec: 36277
UserConnections: 8
BlockedSessions: 0
DeadlocksPerMin: 0
AvgQueryDurationMs: 5.68060000
AvgLogicalReads: 232.800000
TempdbUsedMb: 8.0000000
SignalWaitTimeMs: 323675758
PageLifeExpectancy: 46754
[2026-03-29 19:33:53] Snapshot 657 / 720
Zapisano snapshot:
CaptureTime: 2026-03-29 19:33:54.460574
ServerName: deweloper
InstanceName: MSSQLSERVER
CpuPercent: 0.00
BatchRequestsPerSec: 36294
UserConnections: 8
BlockedSessions: 0
DeadlocksPerMin: 0
AvgQueryDurationMs: 6.02360000
AvgLogicalReads: 232.800000
TempdbUsedMb: 8.0000000
SignalWaitTimeMs: 323801518
PageLifeExpectancy: 46754
[2026-03-29 19:34:54] Snapshot 658 / 720
Zapisano snapshot:
CaptureTime: 2026-03-29 19:34:55.467295
ServerName: deweloper
InstanceName: MSSQLSERVER
CpuPercent: 0.00
BatchRequestsPerSec: 36311
UserConnections: 8
BlockedSessions: 0
DeadlocksPerMin: 0
AvgQueryDurationMs: 6.43000000
AvgLogicalReads: 232.800000
TempdbUsedMb: 8.0000000
SignalWaitTimeMs: 323927253
PageLifeExpectancy: 46754
[2026-03-29 19:35:55] Snapshot 659 / 720
Zapisano snapshot:
CaptureTime: 2026-03-29 19:36:01.898782
ServerName: deweloper
InstanceName: MSSQLSERVER
CpuPercent: 0.00
BatchRequestsPerSec: 36328
UserConnections: 8
BlockedSessions: 0
DeadlocksPerMin: 0
AvgQueryDurationMs: 9.06040000
AvgLogicalReads: 232.800000
TempdbUsedMb: 8.0000000
SignalWaitTimeMs: 324086173
PageLifeExpectancy: 46754
[2026-03-29 19:37:01] Snapshot 660 / 720
Zapisano snapshot:
CaptureTime: 2026-03-29 19:37:03.292572
ServerName: deweloper
InstanceName: MSSQLSERVER
CpuPercent: 0.00
BatchRequestsPerSec: 36349
UserConnections: 8
BlockedSessions: 0
DeadlocksPerMin: 0
AvgQueryDurationMs: 12.00500000
AvgLogicalReads: 232.500000
TempdbUsedMb: 8.0000000
SignalWaitTimeMs: 324207047
PageLifeExpectancy: 46754
[2026-03-29 19:38:03] Snapshot 661 / 720
Zapisano snapshot:
CaptureTime: 2026-03-29 19:38:05.177776
ServerName: deweloper
InstanceName: MSSQLSERVER
CpuPercent: 0.00
BatchRequestsPerSec: 36366
UserConnections: 8
BlockedSessions: 0
DeadlocksPerMin: 0
AvgQueryDurationMs: 6.71660000
AvgLogicalReads: 232.800000
TempdbUsedMb: 8.0000000
SignalWaitTimeMs: 324332078
PageLifeExpectancy: 46754
[2026-03-29 19:39:05] Snapshot 662 / 720
Zapisano snapshot:
CaptureTime: 2026-03-29 19:39:05.803758
ServerName: deweloper
InstanceName: MSSQLSERVER
CpuPercent: 0.00
BatchRequestsPerSec: 36383
UserConnections: 8
BlockedSessions: 0
DeadlocksPerMin: 0
AvgQueryDurationMs: 5.85220000
AvgLogicalReads: 232.800000
TempdbUsedMb: 8.0000000
SignalWaitTimeMs: 324458044
PageLifeExpectancy: 46754
[2026-03-29 19:40:05] Snapshot 663 / 720
Zapisano snapshot:
CaptureTime: 2026-03-29 19:40:06.398517
ServerName: deweloper
InstanceName: MSSQLSERVER
CpuPercent: 0.00
BatchRequestsPerSec: 36400
UserConnections: 8
BlockedSessions: 0
DeadlocksPerMin: 0
AvgQueryDurationMs: 5.64420000
AvgLogicalReads: 232.800000
TempdbUsedMb: 8.0000000
SignalWaitTimeMs: 324579093
PageLifeExpectancy: 46754
[2026-03-29 19:41:06] Snapshot 664 / 720
Zapisano snapshot:
CaptureTime: 2026-03-29 19:41:07.025440
ServerName: deweloper
InstanceName: MSSQLSERVER
CpuPercent: 0.00
BatchRequestsPerSec: 36417
UserConnections: 8
BlockedSessions: 0
DeadlocksPerMin: 0
AvgQueryDurationMs: 5.63740000
AvgLogicalReads: 232.800000
TempdbUsedMb: 8.0000000
SignalWaitTimeMs: 324699419
PageLifeExpectancy: 46754
[2026-03-29 19:42:07] Snapshot 665 / 720
Zapisano snapshot:
CaptureTime: 2026-03-29 19:42:07.661141
ServerName: deweloper
InstanceName: MSSQLSERVER
CpuPercent: 0.00
BatchRequestsPerSec: 36438
UserConnections: 8
BlockedSessions: 0
DeadlocksPerMin: 0
AvgQueryDurationMs: 12.00550000
AvgLogicalReads: 232.500000
TempdbUsedMb: 8.0000000
SignalWaitTimeMs: 324822940
PageLifeExpectancy: 46754
[2026-03-29 19:43:07] Snapshot 666 / 720
Zapisano snapshot:
CaptureTime: 2026-03-29 19:43:08.254964
ServerName: deweloper
InstanceName: MSSQLSERVER
CpuPercent: 0.00
BatchRequestsPerSec: 36455
UserConnections: 8
BlockedSessions: 0
DeadlocksPerMin: 0
AvgQueryDurationMs: 5.67220000
AvgLogicalReads: 232.800000
TempdbUsedMb: 8.0000000
SignalWaitTimeMs: 324944199
PageLifeExpectancy: 46754
[2026-03-29 19:44:08] Snapshot 667 / 720
Zapisano snapshot:
CaptureTime: 2026-03-29 19:44:09.025988
ServerName: deweloper
InstanceName: MSSQLSERVER
CpuPercent: 0.00
BatchRequestsPerSec: 36472
UserConnections: 8
BlockedSessions: 0
DeadlocksPerMin: 0
AvgQueryDurationMs: 5.63020000
AvgLogicalReads: 232.800000
TempdbUsedMb: 8.0000000
SignalWaitTimeMs: 325065786
PageLifeExpectancy: 46754
[2026-03-29 19:45:09] Snapshot 668 / 720
Zapisano snapshot:
CaptureTime: 2026-03-29 19:45:09.645099
ServerName: deweloper
InstanceName: MSSQLSERVER
CpuPercent: 0.00
BatchRequestsPerSec: 36489
UserConnections: 8
BlockedSessions: 0
DeadlocksPerMin: 0
AvgQueryDurationMs: 5.73860000
AvgLogicalReads: 232.800000
TempdbUsedMb: 8.0000000
SignalWaitTimeMs: 325186099
PageLifeExpectancy: 46754
[2026-03-29 19:46:09] Snapshot 669 / 720
Zapisano snapshot:
CaptureTime: 2026-03-29 19:46:10.696817
ServerName: deweloper
InstanceName: MSSQLSERVER
CpuPercent: 0.00
BatchRequestsPerSec: 36506
UserConnections: 7
BlockedSessions: 0
DeadlocksPerMin: 0
AvgQueryDurationMs: 11.71560000
AvgLogicalReads: 232.800000
TempdbUsedMb: 8.0000000
SignalWaitTimeMs: 325307219
PageLifeExpectancy: 46754
[2026-03-29 19:47:10] Snapshot 670 / 720
Zapisano snapshot:
CaptureTime: 2026-03-29 19:47:11.366055
ServerName: deweloper
InstanceName: MSSQLSERVER
CpuPercent: 0.00
BatchRequestsPerSec: 36527
UserConnections: 8
BlockedSessions: 0
DeadlocksPerMin: 0
AvgQueryDurationMs: 12.41116666
AvgLogicalReads: 206.166666
TempdbUsedMb: 8.0000000
SignalWaitTimeMs: 325429238
PageLifeExpectancy: 46754
[2026-03-29 19:48:11] Snapshot 671 / 720
Zapisano snapshot:
CaptureTime: 2026-03-29 19:48:11.954147
ServerName: deweloper
InstanceName: MSSQLSERVER
CpuPercent: 0.00
BatchRequestsPerSec: 36544
UserConnections: 8
BlockedSessions: 0
DeadlocksPerMin: 0
AvgQueryDurationMs: 5.63380000
AvgLogicalReads: 232.800000
TempdbUsedMb: 8.0000000
SignalWaitTimeMs: 325565596
PageLifeExpectancy: 46754
[2026-03-29 19:49:12] Snapshot 672 / 720
Zapisano snapshot:
CaptureTime: 2026-03-29 19:49:12.610916
ServerName: deweloper
InstanceName: MSSQLSERVER
CpuPercent: 0.00
BatchRequestsPerSec: 36561
UserConnections: 8
BlockedSessions: 0
DeadlocksPerMin: 0
AvgQueryDurationMs: 7.27340000
AvgLogicalReads: 232.800000
TempdbUsedMb: 8.0000000
SignalWaitTimeMs: 325687523
PageLifeExpectancy: 46754
[2026-03-29 19:50:12] Snapshot 673 / 720
Zapisano snapshot:
CaptureTime: 2026-03-29 19:50:13.262190
ServerName: deweloper
InstanceName: MSSQLSERVER
CpuPercent: 0.00
BatchRequestsPerSec: 36578
UserConnections: 8
BlockedSessions: 0
DeadlocksPerMin: 0
AvgQueryDurationMs: 6.35860000
AvgLogicalReads: 232.800000
TempdbUsedMb: 8.0000000
SignalWaitTimeMs: 325809767
PageLifeExpectancy: 46754
[2026-03-29 19:51:13] Snapshot 674 / 720
Zapisano snapshot:
CaptureTime: 2026-03-29 19:51:13.898509
ServerName: deweloper
InstanceName: MSSQLSERVER
CpuPercent: 0.00
BatchRequestsPerSec: 36595
UserConnections: 8
BlockedSessions: 0
DeadlocksPerMin: 0
AvgQueryDurationMs: 5.64820000
AvgLogicalReads: 232.800000
TempdbUsedMb: 8.0000000
SignalWaitTimeMs: 325930495
PageLifeExpectancy: 46754
[2026-03-29 19:52:14] Snapshot 675 / 720
Zapisano snapshot:
CaptureTime: 2026-03-29 19:52:14.888333
ServerName: deweloper
InstanceName: MSSQLSERVER
CpuPercent: 0.00
BatchRequestsPerSec: 36616
UserConnections: 8
BlockedSessions: 0
DeadlocksPerMin: 0
AvgQueryDurationMs: 12.62650000
AvgLogicalReads: 232.500000
TempdbUsedMb: 8.0000000
SignalWaitTimeMs: 326051585
PageLifeExpectancy: 46754
[2026-03-29 19:53:14] Snapshot 676 / 720
Zapisano snapshot:
CaptureTime: 2026-03-29 19:53:15.516446
ServerName: deweloper
InstanceName: MSSQLSERVER
CpuPercent: 0.00
BatchRequestsPerSec: 36633
UserConnections: 8
BlockedSessions: 0
DeadlocksPerMin: 0
AvgQueryDurationMs: 5.85240000
AvgLogicalReads: 232.800000
TempdbUsedMb: 8.0000000
SignalWaitTimeMs: 326174439
PageLifeExpectancy: 46754
[2026-03-29 19:54:15] Snapshot 677 / 720
Zapisano snapshot:
CaptureTime: 2026-03-29 19:54:16.123564
ServerName: deweloper
InstanceName: MSSQLSERVER
CpuPercent: 0.00
BatchRequestsPerSec: 36650
UserConnections: 8
BlockedSessions: 0
DeadlocksPerMin: 0
AvgQueryDurationMs: 5.64880000
AvgLogicalReads: 232.800000
TempdbUsedMb: 8.0000000
SignalWaitTimeMs: 326297882
PageLifeExpectancy: 46754
[2026-03-29 19:55:16] Snapshot 678 / 720
Zapisano snapshot:
CaptureTime: 2026-03-29 19:55:16.773443
ServerName: deweloper
InstanceName: MSSQLSERVER
CpuPercent: 0.00
BatchRequestsPerSec: 36667
UserConnections: 8
BlockedSessions: 0
DeadlocksPerMin: 0
AvgQueryDurationMs: 6.05540000
AvgLogicalReads: 232.800000
TempdbUsedMb: 8.0000000
SignalWaitTimeMs: 326418952
PageLifeExpectancy: 46754
[2026-03-29 19:56:16] Snapshot 679 / 720
Zapisano snapshot:
CaptureTime: 2026-03-29 19:56:17.397952
ServerName: deweloper
InstanceName: MSSQLSERVER
CpuPercent: 0.00
BatchRequestsPerSec: 36684
UserConnections: 7
BlockedSessions: 0
DeadlocksPerMin: 0
AvgQueryDurationMs: 5.74840000
AvgLogicalReads: 232.800000
TempdbUsedMb: 8.0000000
SignalWaitTimeMs: 326540178
PageLifeExpectancy: 46754
[2026-03-29 19:57:17] Snapshot 680 / 720
Zapisano snapshot:
CaptureTime: 2026-03-29 19:57:17.993414
ServerName: deweloper
InstanceName: MSSQLSERVER
CpuPercent: 0.00
BatchRequestsPerSec: 36705
UserConnections: 8
BlockedSessions: 0
DeadlocksPerMin: 0
AvgQueryDurationMs: 12.19333333
AvgLogicalReads: 206.166666
TempdbUsedMb: 8.0000000
SignalWaitTimeMs: 326665789
PageLifeExpectancy: 46754
[2026-03-29 19:58:18] Snapshot 681 / 720
Zapisano snapshot:
CaptureTime: 2026-03-29 19:58:18.768543
ServerName: deweloper
InstanceName: MSSQLSERVER
CpuPercent: 0.00
BatchRequestsPerSec: 36722
UserConnections: 8
BlockedSessions: 0
DeadlocksPerMin: 0
AvgQueryDurationMs: 5.80100000
AvgLogicalReads: 232.800000
TempdbUsedMb: 8.0000000
SignalWaitTimeMs: 326790285
PageLifeExpectancy: 46754
[2026-03-29 19:59:18] Snapshot 682 / 720
Zapisano snapshot:
CaptureTime: 2026-03-29 19:59:19.892275
ServerName: deweloper
InstanceName: MSSQLSERVER
CpuPercent: 0.00
BatchRequestsPerSec: 36739
UserConnections: 8
BlockedSessions: 0
DeadlocksPerMin: 0
AvgQueryDurationMs: 7.86360000
AvgLogicalReads: 232.800000
TempdbUsedMb: 8.0000000
SignalWaitTimeMs: 326911694
PageLifeExpectancy: 46754
[2026-03-29 20:00:19] Snapshot 683 / 720
Zapisano snapshot:
CaptureTime: 2026-03-29 20:00:20.513791
ServerName: deweloper
InstanceName: MSSQLSERVER
CpuPercent: 0.00
BatchRequestsPerSec: 36756
UserConnections: 8
BlockedSessions: 0
DeadlocksPerMin: 0
AvgQueryDurationMs: 5.71140000
AvgLogicalReads: 232.800000
TempdbUsedMb: 8.0000000
SignalWaitTimeMs: 327032571
PageLifeExpectancy: 46754
[2026-03-29 20:01:20] Snapshot 684 / 720
Zapisano snapshot:
CaptureTime: 2026-03-29 20:01:21.166481
ServerName: deweloper
InstanceName: MSSQLSERVER
CpuPercent: 0.00
BatchRequestsPerSec: 36773
UserConnections: 8
BlockedSessions: 0
DeadlocksPerMin: 0
AvgQueryDurationMs: 8.93620000
AvgLogicalReads: 232.800000
TempdbUsedMb: 8.0000000
SignalWaitTimeMs: 327153771
PageLifeExpectancy: 46754
[2026-03-29 20:02:21] Snapshot 685 / 720
Zapisano snapshot:
CaptureTime: 2026-03-29 20:02:21.814822
ServerName: deweloper
InstanceName: MSSQLSERVER
CpuPercent: 0.00
BatchRequestsPerSec: 36794
UserConnections: 8
BlockedSessions: 0
DeadlocksPerMin: 0
AvgQueryDurationMs: 6.13320000
AvgLogicalReads: 232.800000
TempdbUsedMb: 8.0000000
SignalWaitTimeMs: 327274735
PageLifeExpectancy: 46754
[2026-03-29 20:03:21] Snapshot 686 / 720
Zapisano snapshot:
CaptureTime: 2026-03-29 20:03:22.426569
ServerName: deweloper
InstanceName: MSSQLSERVER
CpuPercent: 0.00
BatchRequestsPerSec: 36811
UserConnections: 8
BlockedSessions: 0
DeadlocksPerMin: 0
AvgQueryDurationMs: 5.60380000
AvgLogicalReads: 232.800000
TempdbUsedMb: 8.0000000
SignalWaitTimeMs: 327395516
PageLifeExpectancy: 46754
[2026-03-29 20:04:22] Snapshot 687 / 720
Zapisano snapshot:
CaptureTime: 2026-03-29 20:04:23.086049
ServerName: deweloper
InstanceName: MSSQLSERVER
CpuPercent: 0.00
BatchRequestsPerSec: 36828
UserConnections: 8
BlockedSessions: 0
DeadlocksPerMin: 0
AvgQueryDurationMs: 5.70200000
AvgLogicalReads: 232.800000
TempdbUsedMb: 8.0000000
SignalWaitTimeMs: 327516120
PageLifeExpectancy: 46754
[2026-03-29 20:05:23] Snapshot 688 / 720
Zapisano snapshot:
CaptureTime: 2026-03-29 20:05:23.686689
ServerName: deweloper
InstanceName: MSSQLSERVER
CpuPercent: 0.00
BatchRequestsPerSec: 36845
UserConnections: 8
BlockedSessions: 0
DeadlocksPerMin: 0
AvgQueryDurationMs: 5.71420000
AvgLogicalReads: 232.800000
TempdbUsedMb: 8.0000000
SignalWaitTimeMs: 327637310
PageLifeExpectancy: 46754
[2026-03-29 20:06:23] Snapshot 689 / 720
Zapisano snapshot:
CaptureTime: 2026-03-29 20:06:24.303658
ServerName: deweloper
InstanceName: MSSQLSERVER
CpuPercent: 0.00
BatchRequestsPerSec: 36862
UserConnections: 7
BlockedSessions: 0
DeadlocksPerMin: 0
AvgQueryDurationMs: 5.72260000
AvgLogicalReads: 232.800000
TempdbUsedMb: 8.0000000
SignalWaitTimeMs: 327768452
PageLifeExpectancy: 46754
[2026-03-29 20:07:24] Snapshot 690 / 720
Zapisano snapshot:
CaptureTime: 2026-03-29 20:07:24.918043
ServerName: deweloper
InstanceName: MSSQLSERVER
CpuPercent: 0.00
BatchRequestsPerSec: 36883
UserConnections: 8
BlockedSessions: 0
DeadlocksPerMin: 0
AvgQueryDurationMs: 12.39900000
AvgLogicalReads: 206.166666
TempdbUsedMb: 8.0000000
SignalWaitTimeMs: 327891327
PageLifeExpectancy: 46754
[2026-03-29 20:08:24] Snapshot 691 / 720
Zapisano snapshot:
CaptureTime: 2026-03-29 20:08:25.524890
ServerName: deweloper
InstanceName: MSSQLSERVER
CpuPercent: 0.00
BatchRequestsPerSec: 36900
UserConnections: 8
BlockedSessions: 0
DeadlocksPerMin: 0
AvgQueryDurationMs: 5.57900000
AvgLogicalReads: 232.800000
TempdbUsedMb: 8.0000000
SignalWaitTimeMs: 328012323
PageLifeExpectancy: 46754
[2026-03-29 20:09:25] Snapshot 692 / 720
Zapisano snapshot:
CaptureTime: 2026-03-29 20:09:26.158996
ServerName: deweloper
InstanceName: MSSQLSERVER
CpuPercent: 0.00
BatchRequestsPerSec: 36917
UserConnections: 8
BlockedSessions: 0
DeadlocksPerMin: 0
AvgQueryDurationMs: 5.64120000
AvgLogicalReads: 232.800000
TempdbUsedMb: 8.0000000
SignalWaitTimeMs: 328133106
PageLifeExpectancy: 46754
[2026-03-29 20:10:26] Snapshot 693 / 720
Zapisano snapshot:
CaptureTime: 2026-03-29 20:10:26.770588
ServerName: deweloper
InstanceName: MSSQLSERVER
CpuPercent: 0.00
BatchRequestsPerSec: 36934
UserConnections: 8
BlockedSessions: 0
DeadlocksPerMin: 0
AvgQueryDurationMs: 5.70220000
AvgLogicalReads: 232.800000
TempdbUsedMb: 8.0000000
SignalWaitTimeMs: 328258589
PageLifeExpectancy: 46754
[2026-03-29 20:11:26] Snapshot 694 / 720
Zapisano snapshot:
CaptureTime: 2026-03-29 20:11:27.401215
ServerName: deweloper
InstanceName: MSSQLSERVER
CpuPercent: 0.00
BatchRequestsPerSec: 36951
UserConnections: 8
BlockedSessions: 0
DeadlocksPerMin: 0
AvgQueryDurationMs: 10.63240000
AvgLogicalReads: 232.800000
TempdbUsedMb: 8.0000000
SignalWaitTimeMs: 328379414
PageLifeExpectancy: 46754
[2026-03-29 20:12:27] Snapshot 695 / 720
Zapisano snapshot:
CaptureTime: 2026-03-29 20:12:28.016620
ServerName: deweloper
InstanceName: MSSQLSERVER
CpuPercent: 0.00
BatchRequestsPerSec: 36972
UserConnections: 8
BlockedSessions: 0
DeadlocksPerMin: 0
AvgQueryDurationMs: 5.70980000
AvgLogicalReads: 232.800000
TempdbUsedMb: 8.0000000
SignalWaitTimeMs: 328500729
PageLifeExpectancy: 46754
[2026-03-29 20:13:28] Snapshot 696 / 720
Zapisano snapshot:
CaptureTime: 2026-03-29 20:13:29.234195
ServerName: deweloper
InstanceName: MSSQLSERVER
CpuPercent: 0.00
BatchRequestsPerSec: 36989
UserConnections: 8
BlockedSessions: 0
DeadlocksPerMin: 0
AvgQueryDurationMs: 8.44940000
AvgLogicalReads: 232.800000
TempdbUsedMb: 8.0000000
SignalWaitTimeMs: 328622108
PageLifeExpectancy: 46754
[2026-03-29 20:14:29] Snapshot 697 / 720
Zapisano snapshot:
CaptureTime: 2026-03-29 20:14:30.721978
ServerName: deweloper
InstanceName: MSSQLSERVER
CpuPercent: 0.00
BatchRequestsPerSec: 37006
UserConnections: 8
BlockedSessions: 0
DeadlocksPerMin: 0
AvgQueryDurationMs: 122.63380000
AvgLogicalReads: 232.800000
TempdbUsedMb: 8.0000000
SignalWaitTimeMs: 328750421
PageLifeExpectancy: 46754
[2026-03-29 20:15:30] Snapshot 698 / 720
Zapisano snapshot:
CaptureTime: 2026-03-29 20:15:31.914595
ServerName: deweloper
InstanceName: MSSQLSERVER
CpuPercent: 0.00
BatchRequestsPerSec: 37023
UserConnections: 7
BlockedSessions: 0
DeadlocksPerMin: 0
AvgQueryDurationMs: 7.14700000
AvgLogicalReads: 232.800000
TempdbUsedMb: 8.0000000
SignalWaitTimeMs: 328896059
PageLifeExpectancy: 46754
[2026-03-29 20:16:31] Snapshot 699 / 720
Zapisano snapshot:
CaptureTime: 2026-03-29 20:16:32.547913
ServerName: deweloper
InstanceName: MSSQLSERVER
CpuPercent: 0.00
BatchRequestsPerSec: 37040
UserConnections: 7
BlockedSessions: 0
DeadlocksPerMin: 0
AvgQueryDurationMs: 5.91060000
AvgLogicalReads: 232.800000
TempdbUsedMb: 8.0000000
SignalWaitTimeMs: 329016982
PageLifeExpectancy: 46754
[2026-03-29 20:17:32] Snapshot 700 / 720
Zapisano snapshot:
CaptureTime: 2026-03-29 20:17:33.621749
ServerName: deweloper
InstanceName: MSSQLSERVER
CpuPercent: 0.00
BatchRequestsPerSec: 37063
UserConnections: 7
BlockedSessions: 0
DeadlocksPerMin: 0
AvgQueryDurationMs: 18.29937500
AvgLogicalReads: 263.625000
TempdbUsedMb: 8.0000000
SignalWaitTimeMs: 329140577
PageLifeExpectancy: 46754
